term,description,casesensitive,translatable,forbidden,tags,en-US,en-US_description,fr-FR,fr-FR_description,de-DE,de-DE_description,es-ES,es-ES_description,it-IT,it-IT_description,is-IS,is-IS_description,sv-SE,sv-SE_description
Above max compensation analysis,,FALSE,TRUE,FALSE,PayAnalytics,Above max compensation analysis,,Analyse de rémunération au dessus du max.,,Analyse über max. Gehalt,,Análisis de remuneración por encima del máx.,,Analisi retribuzione al di sopra del massimo,,Hámarks-launagreining,,Analys av löner över högsta,
Additional compensation settings,,FALSE,TRUE,FALSE,PayAnalytics,Additional compensation settings,,Paramètres de rémunération supplémentaires,,Zusätzliche Vergütungseinstellungen,,Ajustes adicionales de la remuneración,,Impostazioni di retribuzione aggiuntive.,,Viðbótarstillingar fyrir laun,,Ytterligare löneinställningar,
Adjust for other compensation,,FALSE,TRUE,FALSE,PayAnalytics,Adjust for other compensation,,Ajuster pour d'autres rémunérations,,Anpassung für sonstige Vergütungen,,Ajustar para otras remuneraciones,,Rettifica per altre retribuzioni,,Aðlaga að öðrum launum,,Justera för övrig ersättning,
Adjusted gender pay gap,,FALSE,TRUE,FALSE,PayAnalytics,Adjusted gender pay gap,,Écart de rémunération ajusté entre les femmes et les hommes,,Bereinigte Lohnlücke,,Brecha salarial de género ajustada,,Differenza retributiva di genere rettificata,,Leiðrétt launabil kynja,,Justerad löneskillnad mellan könen,
Adjusted pay gap,,FALSE,TRUE,FALSE,PayAnalytics,Adjusted pay gap,,Écart salarial ajusté,,Bereinigte Lohnlücke,,Brecha salarial ajustada,,Divario retributivo rettificato,,Leiðrétt launabil,,Justerat lönegap,
Adjusted pay gap after raises,,FALSE,TRUE,FALSE,PayAnalytics,Adjusted pay gap after raises,,Écart salarial ajusté après les augmentations,,Angepasstes Lohngefälle nach Gehaltserhöhungen,,Brecha salarial ajustada tras los aumentos,,Differenza retributiva rettificata dopo gli aumenti,,Leiðrétt launabil eftir hækkanir,,Justerad löneskillnad efter höjningar,
Adjusted pay gap before raises,,FALSE,TRUE,FALSE,PayAnalytics,Adjusted pay gap before raises,,Écart salarial ajusté avant les augmentations,,Bereinigtes Lohngefälle vor Gehaltserhöhungen,,Brecha salarial ajustada antes de los aumentos,,Divario retributivo rettificato prima degli aumenti,,Leiðrétt launabil fyrir hækkanir,,Justerad löneskillnad före höjningar,
Adjusted pay gap within group,,FALSE,TRUE,FALSE,PayAnalytics,Adjusted pay gap within group,,Écart salarial ajusté au sein du groupe,,Korrigierter Lohnunterschied innerhalb der Gruppe,,Brecha salarial ajustada dentro del grupo,,Divario retributivo rettificato all'interno del gruppo,,Leiðrétt launabil innan hóps,,Justerat lönegap inom gruppen,
All appointment percentages,,FALSE,TRUE,FALSE,PayAnalytics,All appointment percentages,,Tous les pourcentages de nomination,,Alle Ernennungsprozentsätze,,Todos los porcentajes de nombramiento,,Tutte le percentuali di nomina,,Óháð starfshlutfalli,,Alla procentsatser av utnämningar,
Analyses (for adjusted pay gap comparison),,FALSE,TRUE,FALSE,PayAnalytics,Analyses (for adjusted pay gap comparison),,Analyses (pour la comparaison de l'écart salarial ajusté),,Analysen (Vergleich der bereinigten Lohnlücken),,Análisis (para la comparación de la brecha salarial ajustada),,Analisi (per il confronto del divario retributivo rettificato),,Greiningar (fyrir samanburð á leiðréttu launabili),,Analyser (för justerad löneklyfta),
Analysis configuration,,FALSE,TRUE,FALSE,PayAnalytics,Analysis configuration,,Configuration de l'analyse,,Konfiguration der Analyse,,Configuración de análisis,,Configurazione dell'analisi,,Stillingar fyrir greiningu,,Analyskonfiguration,
Analysis configuration not found,,FALSE,TRUE,FALSE,PayAnalytics,Analysis configuration not found,,Configuration d'analyse introuvable,,Die Analysekonfiguration wurde nicht gefunden,,No se encontró la configuración de análisis,,Configurazione di analisi non trovata,,,,Analyskonfiguration hittades inte,
Annual remuneration ratio,,FALSE,TRUE,FALSE,PayAnalytics,Annual remuneration ratio,,Taux de rémunération annuel,,Jährliches Vergütungsverhältnis,,Coeficiente de remuneración anual,,Rapporto di remunerazione annuo,,,,Årlig ersättningsgrad,
Annual total compensation,,FALSE,TRUE,FALSE,PayAnalytics,Annual total compensation,,Rémunération totale annuelle,,Jährliche Gesamtvergütung,,Compensación total anual,,Compensazione totale annua,,,,Årlig total ersättning,
Assign factors to employees,,FALSE,TRUE,FALSE,PayAnalytics,Assign factors to employees,,Assigner des facteurs aux employés,,Weisen Sie den Beschäftigten Faktoren zu,,Asignar factores a empleados,,Assegna fattori ai dipendenti,,Tengja matsþætti við starfsfólk,,Tilldela anställda faktorer,
Assign factors to jobs,,FALSE,TRUE,FALSE,PayAnalytics,Assign factors to jobs,,Assigner des facteurs aux emplois,,Weisen Sie Tätigkeiten Faktoren zu,,Asignar factores a puestos de trabajo,,Assegna fattori ai lavori,,Tengja matsþætti við störf,,Tilldela faktorer till jobb,
Attrition,,FALSE,TRUE,FALSE,PayAnalytics,Attrition,,Départs,,Arbeitskräfteabgang,,Bajas,,Abbandono,,Starfslok,,Avgångar,
Automatically scale,,FALSE,TRUE,FALSE,PayAnalytics,Automatically scale,,Échelle automatique,,Automatisch skalieren,,Escalar automáticamente,,Applica automaticamente la ponderazione,,Sjálfvirk skölun,,Skala automatiskt,
Average,,FALSE,TRUE,FALSE,PayAnalytics,Average,,Moyenne,,Durchschnittlich,,Promedio,,Media,,Meðaltal,,Genomsnittlig,
Average compensation,,FALSE,TRUE,FALSE,PayAnalytics,Average compensation,,Rémunération moyenne,,Durchschnittsgehalt,,Remuneración media,,Retribuzione media,,Meðallaun,,Genomsnittlig kompensation,
Average compensation for women,,FALSE,TRUE,FALSE,PayAnalytics,Average compensation for women,,Rémunération moyenne des femmes,,Durchschnittsgehalt für Frauen,,Remuneración media de las mujeres,,Retribuzione media delle donne,,Meðallaun kvenna,,Genomsnittlig lön för kvinnor,
Average hourly salary pay gap,,FALSE,TRUE,FALSE,PayAnalytics,Average hourly salary pay gap,,Écart salarial horaire moyen,,Durchschnittliches Lohngefälle pro Stunde,,Brecha salarial promedio por hora,,Differenza salariale oraria media,,,,Genomsnittlig timlöneskillnad,
Average hourly total compensation pay gap,,FALSE,TRUE,FALSE,PayAnalytics,Average hourly total compensation pay gap,,Écart salarial total horaire moyen,,Durchschnittliche Gehaltsdifferenz bei der Gesamtvergütung pro Stunde,,Brecha salarial promedio por hora de compensación total,,Divario retributivo totale medio orario,,,,Genomsnittlig total löneskillnad per timme,
Average pay gap,,FALSE,TRUE,FALSE,PayAnalytics,Average pay gap,,Écart salarial moyen,,Durchschnittliches Lohngefälle,,Brecha salarial promedio,,Divario retributivo medio,,Meðallaunabil,,Genomsnittligt lönegap,
Average raises,,FALSE,TRUE,FALSE,PayAnalytics,Average raises,,Augmentations moyennes,,Durchschnittliche Lohnerhöhungen,,Aumentos promedio,,Aumenti medi,,Meðal launahækkanir,,Genomsnittliga löneökningar,
Average salary by category,,FALSE,TRUE,FALSE,PayAnalytics,Average salary by category,,Salaire moyen par catégorie,,Durchschnittsgehalt nach Kategorie,,Salario medio por categoría,,Stipendio medio per categoria,,Meðallaun eftir flokkum,,Genomsnittslön per kategori,
Average salary pay gap,,FALSE,TRUE,FALSE,PayAnalytics,Average salary pay gap,,Écart salarial moyen,,Durchschnittliches Gehaltsgefälle,,Brecha salarial promedio,,Differenza salariale media,,,,Genomsnittlig löneskillnad,
Average total compensation pay gap,,FALSE,TRUE,FALSE,PayAnalytics,Average total compensation pay gap,,Écart salarial total moyen,,Durchschnittliches Lohngefälle bei der Gesamtvergütung,,Brecha salarial promedio de compensación total,,Divario retributivo totale medio,,,,Genomsnittlig total löneskillnad,
Average wage,,FALSE,TRUE,FALSE,PayAnalytics,Average wage,,Salaire moyen,,Durchschnittlicher Lohn,,Salario medio,,Salario medio,,Meðallaun,,Genomsnittslön,
Base compensation,,FALSE,TRUE,FALSE,PayAnalytics,Base compensation,,Rémunération de base,,Grundgehalt,,Remuneración base,,Retribuzione base,,Grunnlaun,,Grundlön,
Base salary,,FALSE,TRUE,FALSE,PayAnalytics,Base salary,,Rémunération de base,,Grundgehalt,,Remuneración base,,Stipendio base,,Grunnlaun,,Grundlön,
Below min compensation analysis,,FALSE,TRUE,FALSE,PayAnalytics,Below min compensation analysis,,Analyse de rémunération en dessous du min.,,Analyse unter min. Gehalt,,Análisis de remuneración por debajo del mín.,,Analisi retribuzione al di sotto del minimo,,Lágmarks-launagreining,,Analys av löner under lägsta,
Benchmarking table,,FALSE,TRUE,FALSE,PayAnalytics,Benchmarking table,,Table du benchmark,,Benchmarking-Tabelle,,Tabla de estudio comparativo,,Tabella di benchmark,,Markaðslaunatafla,,Riktmärkningstabell,
Benefits in kind,,FALSE,TRUE,FALSE,PayAnalytics,Benefits in kind,,Avantages en nature,,Sachbezüge,,Prestaciones en especie,,Prestazioni in natura,,Fríðindi,,Naturaförmåner,
Bonus,,FALSE,TRUE,FALSE,PayAnalytics,Bonus,,Prime,,,,Bonificación,,,,Bónusgreiðsla,,,
Bonus recipients,,FALSE,TRUE,FALSE,PayAnalytics,Bonus recipients,,Bénéficiaires de primes,,Empfänger von Boni,,Receptores de bonificación,,Beneficiari di bonus,,Viðtakendur bónusgreiðslna,,Bonusmottagare,
Bonus remuneration,,FALSE,TRUE,FALSE,PayAnalytics,Bonus remuneration,,Prime de rémunération,,Bonuszahlungen,,Bonificación,,Retribuzione bonus,,Bónusgreiðsla,,Bonusersättning,
Bonuses and benefits in kind,,FALSE,TRUE,FALSE,PayAnalytics,Bonuses and benefits in kind,,Bonus et avantages en nature,,Boni und Sachleistungen,,Bonificaciones y prestaciones en especie,,Bonus e benefici in natura,,Bónusgreiðslur og fríðindi,,Bonusar och naturaförmåner.,
Both before and after raises,,FALSE,TRUE,FALSE,PayAnalytics,Both before and after raises,,Avant et après les augmentations,,Sowohl vor als auch nach den Gehaltserhöhungen,,Tanto antes como después de los aumentos,,Sia prima che dopo i rilanci,,,,Både före och efter höjningar,
Bottom 10% representation,,FALSE,TRUE,FALSE,PayAnalytics,Bottom 10% representation,,Représentation du 10% inférieur,,Repräsentation der untersten 10 %,,Representación en el 10% inferior,,Rappresentanza del 10% inferiore,,Fjöldi í neðstu 10%,,De 10 procenten med lägst andel representerade,
Bottom quartile,,FALSE,TRUE,FALSE,PayAnalytics,Bottom quartile,,Quartile inférieur,,Unteres Quartil,,Cuartil inferior,,Quartile inferiore,,Neðsti fjórðungur,,Lägsta kvartilen,
Breakdown by bracket,,FALSE,TRUE,FALSE,PayAnalytics,Breakdown by bracket,,Répartition par fourchette,,Aufschlüsselung nach Gruppe,,Desglose por tramo,,Ripartizione per fascia,,Sundurliðun eftir bilum,,Fördelning efter grupp,
Breakdown by gender,,FALSE,TRUE,FALSE,PayAnalytics,Breakdown by gender,,Répartition par sexe,,Aufschlüsselung nach Geschlecht,,Desglose por género,,Ripartizione per genere,,,,Uppdelning efter kön,
Breakdown by headcount,,FALSE,TRUE,FALSE,PayAnalytics,Breakdown by headcount,,Répartition par effectif,,Aufschlüsselung nach Personalbestand,,Desglose por recuento,,Ripartizione per effettivi,,Sundurliðun eftir fjölda,,Fördelning efter antal personer,
Breakdown by quartiles,,FALSE,TRUE,FALSE,PayAnalytics,Breakdown by quartiles,,Répartition par quartiles,,Aufschlüsselung nach Quartilen,,Desglose en cuartiles,,Ripartizione per quartili,,Sundurliðun eftir fjórðungum,,Fördelning efter kvartiler,
Budget,,FALSE,TRUE,FALSE,PayAnalytics,Budget,,,,,,Presupuesto,,,,Fjármagn,,,
Categorization,,FALSE,TRUE,FALSE,PayAnalytics,Categorization,,Catégorisation,,Kategorisierung,,Categorización,,Categorizzazione,,Flokkun,,Kategorisering,
Clear similarity score,,FALSE,TRUE,FALSE,PayAnalytics,Clear similarity score,,Effacer le score de similarité,,Ähnlichkeitsscore zurücksetzen,,Borrar la puntuación de similitud,,Azzera punteggio di somiglianza,,Slökkva á samanburðarreikningi,,Rensa likhetspoäng,
Comment available on all datasets,,FALSE,TRUE,FALSE,PayAnalytics,Comment available on all datasets,,Commentaire disponible sur tous les Jeux de données,,Kommentar ist auf allen Datensätze verfügbar,,Comentario disponible en todos los conjuntos de datos,,Commento disponibile in tutti i set di dati,,Athugasemd sýnileg á öllum gagnasettum,,Kommentar tillgänglig i alla datamängder,
Common factors,,FALSE,TRUE,FALSE,PayAnalytics,Common factors,,Facteurs fréquents,,Gebräuchliche Faktoren,,Factores habituales,,Fattori comuni,,Algengir flokkar,,Vanliga faktorer,
Common sub-factors,,FALSE,TRUE,FALSE,PayAnalytics,Common sub-factors,,Sous-faccteurs fréquents,,Gebäuchliche Unterfaktoren,,Subfactores habituales,,Sotto-fattori comuni,,Algengir matsþættir,,Vanliga delfaktorer,
Comparable jobs,,FALSE,TRUE,FALSE,PayAnalytics,Comparable jobs,,Emplois comparables,,,,,,,,,,,
Compare,,FALSE,TRUE,FALSE,PayAnalytics,Compare,,Comparer,,Vergleichen,,Comparar,,Confronta,,Bera saman,,Jämför,
Comparison,,FALSE,TRUE,FALSE,PayAnalytics,Comparison,,Comparaison,,Vergleich,,Comparación,,Confronto,,,,Jämförelse,
Comparison by category,,FALSE,TRUE,FALSE,PayAnalytics,Comparison by category,,Comparaison par catégorie,,Vergleich nach Kategorie,,Comparación por categoría,,Confronto per categoria,,Samanburður eftir flokkum,,Jämförelse efter kategori,
Comparison compensation,,FALSE,TRUE,FALSE,PayAnalytics,Comparison compensation,,Rémunération de comparaison,,Vergleichsvergütung,,Remuneración de comparación,,Confronto retribuzione,,Samanburðarlaun,,Jämförelse av ersättning,
Comparison configuration,,FALSE,TRUE,FALSE,PayAnalytics,Comparison configuration,,Configuration de la comparaison,,Vergleichskonfiguration,,Configuración de la comparación,,Configurazione confronto,,Stilling samanburðar,,Inställningar för jämförelser,
Comparison dataset,,FALSE,TRUE,FALSE,PayAnalytics,Comparison dataset,,Jeu de données de comparaison,,Vergleichsdatensatz,,Conjunto de datos de comparación,,Set di dati di confronto,,Samanburðargagnasett,,Jämförande datamängd,
Comparison dataset required,,FALSE,TRUE,FALSE,PayAnalytics,Comparison dataset required,,Jeu de données de comparaison requis,,Vergleichsdatensatz erforderlich,,Se necesita un conjunto de datos de comparación,,Set di dati di confronto richiesto,,Samanburðargagnasett þarf að vera valið,,Jämförande datamängd som krävs,
Comparison details,,FALSE,TRUE,FALSE,PayAnalytics,Comparison details,,Détails de la comparaison,,Details zum Vergleich,,Detalles de la comparación,,Dettagli confronto,,Nánar um samanburðinn,,Detaljer om jämförelsen,
Comparison filter,,FALSE,TRUE,FALSE,PayAnalytics,Comparison filter,,Filtre de comparaison,,Vergleichsfilter,,Filtro de comparación,,Filtro confronto,,Samanburðarsía,,Jämförelsefilter,
Comparison group,,FALSE,TRUE,FALSE,PayAnalytics,Comparison group,,Groupe de comparaison,,Vergleichsgruppe,,Grupo de comparación,,Gruppo di confronto,,Samanburðarhópur,,Jämförelsegrupp,
Comparison group definition,,FALSE,TRUE,FALSE,PayAnalytics,Comparison group definition,,Définition du groupe de comparaison,,Definition der Vergleichsgruppe,,Definición del grupo de comparación,,Definizione del gruppo di confronto,,Skilgreining samanburðarhóps,,Definition av jämförelsegrupp,
Comparison group name,,FALSE,TRUE,FALSE,PayAnalytics,Comparison group name,,Nom du groupe de comparaison,,Vergleichsgruppenname,,Nombre del grupo de comparación,,Nome gruppo di confronto,,Nafn samanburðarhóps,,Namn på jämförelsegrupp,
Comparison group statistics,,FALSE,TRUE,FALSE,PayAnalytics,Comparison group statistics,,Statistiques des groupes de comparaison,,Vergleichsgruppen-Statistik,,Estadísticas del grupo de comparación,,Statistiche del gruppo di confronto,,Tölfræði samanburðarhóps,,Statistik för jämförelsegrupp,
Comparison job classes,,FALSE,TRUE,FALSE,PayAnalytics,Comparison job classes,,Classes d'emploi de comparaison,,Vergleichsjobklassen,,Tipos de puestos de trabajo de comparación,,Confronto categorie di impiego,,Starfaflokkar til samanburðar,,Jämförande yrkeskategorier,
Comparison method to use,,FALSE,TRUE,FALSE,PayAnalytics,Comparison method to use,,Méthode de comparaison à utiliser,,Zu verwendende Vergleichsmethode,,Método de comparación a utilizar,,Metodo di confronto da utilizzare,,Samanburðaraðferð til að beita,,Jämförelsemetod att använda,
Comparison overview,,FALSE,TRUE,FALSE,PayAnalytics,Comparison overview,,Aperçu de la comparaison,,Vergleichsübersicht,,Vista general de la comparación,,Panoramica confronto,,Yfirlit samanburðar,,Jämförelseöversikt,
Comparison summary,,FALSE,TRUE,FALSE,PayAnalytics,Comparison summary,,Résumé de la comparaison,,Vergleichszusammenfassung,,Resumen de la comparación,,Riepilogo confronto,,Samantekt samanburðar,,Jämförelsesammanfattning,
Comparison value point range,,FALSE,TRUE,FALSE,PayAnalytics,Comparison value point range,,Plage de points de valeur de comparaison,,Wertepunktbereich vergleichen,,Rango de puntos de valor de comparación,,Intervallo di punti di valore di confronto,,Samanburðar stigaspönn,,Jämförelsevärde punktintervall,
Comparison value points,,FALSE,TRUE,FALSE,PayAnalytics,Comparison value points,,Points de valeur de comparaison,,Vergleichswertpunkte,,Puntos de valor de comparación,,Punti di valore a confronto,,Samanburðarstig,,Jämförelse värdepunkter,
Compensation,,FALSE,TRUE,FALSE,PayAnalytics,Compensation,,Rémunération,,Gehalt,,Remuneración,,Retribuzione,,Launaþáttur,,Lön,
Compensation after increase,,FALSE,TRUE,FALSE,PayAnalytics,Compensation after increase,,Rémunération après augmentations,,Vergütung nach Gehaltserhöhung,,Remuneración después del aumento,,Retribuzione dopo aumento,,Laun eftir hækkun,,Lön efter höjning,
Compensation assistant,,FALSE,TRUE,FALSE,PayAnalytics,Compensation assistant,,Assistant de rémunération,,Gehaltsassistent,,Asistente de remuneración,,Assistente retribuzioni,,Launaráðgjafi,,Löneassistent,
Compensation benchmarking,,FALSE,TRUE,FALSE,PayAnalytics,Compensation benchmarking,,Benchmarks de rémunération,,Gehaltsvergleiche,,Estudios salariales de mercado,,Benchmark retributivo,,Markaðslaun,,Riktmärkning av löner,
Compensation ceiling,,FALSE,TRUE,FALSE,PayAnalytics,Compensation ceiling,,Rémunération maximale,,Vergütungsobergrenze,,Remuneración máxima,,Massimale retributivo,,Launaþak,,Lönetak,
Compensation component aggregates,,FALSE,TRUE,FALSE,PayAnalytics,Compensation component aggregates,,Agrégats des éléments de la rémunération,,Aggregate der Vergütungskomponente,,Agregados del componente de la remuneración,,Aggregati di componenti di retribuzione,,Samtölur launaþátta,,Sammanlagda lönekomponenter,
Compensation data configuration,,FALSE,TRUE,FALSE,PayAnalytics,Compensation data configuration,,Configuration des données de rémunération,,Konfiguration der Vergütungsdaten,,Configuración de datos de compensación,,Configurazione dei dati retributivi,,Stilling launagagna,,Konfiguration av ersättningsdata,
Compensation drivers,,FALSE,TRUE,FALSE,PayAnalytics,Compensation drivers,,Indemnisation des facteurs,,Die Gründe für die Vergütung,,Conductores de compensación,,Autisti di compensazione,,Áhrifaþættir launa,,Ersättningsförare,
Compensation floor,,FALSE,TRUE,FALSE,PayAnalytics,Compensation floor,,Rémunération minimale,,Vergütungsuntergrenze,,Remuneración mínima,,Minimo retributivo,,Launagólf,,Lönegolv,
Compensation mapping,,FALSE,TRUE,FALSE,PayAnalytics,Compensation mapping,,Mappage de la rémunération,,Gehaltszuordnung,,Mapeo de la remuneración,,Mappatura della retribuzione,,Launakortlagning,,Kartläggning av löner,
Compensation range,,FALSE,TRUE,FALSE,PayAnalytics,Compensation range,,Plage de rémunération,,Vergütungsbereich,,Rango de remuneración,,Intervallo di retribuzione,,Launaspönn,,Lönespann,
Compensation statistics (Choose at least one),,FALSE,TRUE,FALSE,PayAnalytics,Compensation statistics (Choose at least one),,Statistiques de rémunération (choisissez-en au moins une),,Vergütungsstatistiken (mindestens eine auswählen),,Estadísticas de remuneración (elija como mínimo una),,Statistiche retributive (selezionane almeno una),,Samtölur launa (veljið a.m.k. eina),,Lönestatistik (välj minst en),
Component used in aggregate,,FALSE,TRUE,FALSE,PayAnalytics,Component used in aggregate,,Élément de rémunération utilisé dans l'agrégat,,Im Aggregat verwendete Komponente,,Componente usado en el agregado,,Componente utilizzato in aggregato,,Launaþáttur notaður í samtölu,,Komponent som används i det aggregerade systemet,
Configure reference dataset before continuing,,FALSE,TRUE,FALSE,PayAnalytics,Configure reference dataset before continuing,,Configurez Le Jeu de données de référence avant de continuer,,"Bitte Referenzdatensatz konfigurieren, bevor Sie fortfahren",,Configurar el conjunto de datos de referencia antes de continuar,,Configura il set di dati di riferimento prima di continuare,,Stillið viðmiðunargagnasett áður en haldið er áfram,,Konfigurera referensdatamängden innan du fortsätter,
Cost of compensation,,FALSE,TRUE,FALSE,PayAnalytics,Cost of compensation,,Coût de l'indemnisation,,Kosten der Entschädigung,,Coste de la compensación,,Costo del risarcimento,,,,Kostnad för ersättning,
Cost of compensation display,,FALSE,TRUE,FALSE,PayAnalytics,Cost of compensation display,,Affichage du coût de la rémunération,,Anzeige der Vergütungskosten,,Visualización del coste de la compensación,,Visualizzazione del costo della compensazione,,,,Kostnad för kompensationsvisning,
Cost of raises,,FALSE,TRUE,FALSE,PayAnalytics,Cost of raises,,Coût des augmentations,,Kosten von Gehaltserhöhungen,,Coste de los aumentos,,Costo degli aumenti,,,,Kostnad för höjningar,
Currency,,FALSE,TRUE,FALSE,PayAnalytics,Currency,,Devise,,Währung,,Divisa,,Valuta,,Gjaldmiðill,,Valuta,
Currency code,,FALSE,TRUE,FALSE,PayAnalytics,Currency code,,Code de devise,,Währungscode,,Código de divisa,,Codice valuta,,Auðkenni fyrir gengisskráningu,,Valutakod,
Currency exchange table,,FALSE,TRUE,FALSE,PayAnalytics,Currency exchange table,,Table des taux de change,,Wechselkurstabelle,,Tabla de cambio de divisa,,Tabella tassi di cambio valuta,,Tafla með gengi gjaldmiðla,,Tabell med valutakurser,
Custom brackets,,FALSE,TRUE,FALSE,PayAnalytics,Custom brackets,,Fourchettes personnalisées,,Benutzerdefinierte Klammern,,Personalizar los tramos,,Fasce personalizzate,,Sérsniðin talnabil,,Egna nivåer,
Custom factor,,FALSE,TRUE,FALSE,PayAnalytics,Custom factor,,Facteur personnalisé,,Individuell definierter Faktor,,Factor personalizado,,Fattore personalizzato,,Sérsniðnir flokkar,,Anpassad faktor,
Custom sub-factor,,FALSE,TRUE,FALSE,PayAnalytics,Custom sub-factor,,Facteur personnalisé,,Individuell definierter Faktor,,Factor personalizado,,Sotto-fattore personalizzato,,Sérsniðnir matsþættir,,Anpassad delfaktor,
Dataset and benchmarking data filter,,FALSE,TRUE,FALSE,PayAnalytics,Dataset and benchmarking data filter,,Filtre du Jeu de données et des données des analyses comparatives de rémunération,,Datensatz und Benchmarking-Datenfilter,,Filtro del conjunto de datos y de los datos de estudio de mercado,,Filtro per i set di dati e i dati di benchmark,,Sía á gagnasett og markaðslaun,,Filter för datamängd och riktmärkningsdata,
Dataset configuration,,FALSE,TRUE,FALSE,PayAnalytics,Dataset configuration,,Configuration du Jeu de données,,Datensatzkonfiguration,,Configuración del conjunto de datos,,Configurazione del set di dati,,Uppsetning gagnasetts,,Konfiguration av datamängd,
Dataset preview,,FALSE,TRUE,FALSE,PayAnalytics,Dataset preview,,Aperçu du Jeu de données,,Datensatz-Vorschau,,Vista previa del conjunto de datos,,Anteprima del seti di dati,,Gagnayfirlit,,Förhandsgranskning av datamängd,
Demographic group headcount,,FALSE,TRUE,FALSE,PayAnalytics,Demographic group headcount,,Effectif par groupe démographique,,Mitarbeiterzahl in demografischen Gruppen,,Número de miembros del grupo demográfico,,Numero di dipendenti del gruppo demografico,,,,Anställda i demografiska grupper,
Detailed comparison,,FALSE,TRUE,FALSE,PayAnalytics,Detailed comparison,,Comparaison détaillée,,Detaillierter Vergleich,,Comparación detallada,,Confronto dettagliato,,Ítarlegur samanburður,,Detaljerad jämförelse,
Difference demographic indicator,,FALSE,TRUE,FALSE,PayAnalytics,Difference demographic indicator,,Indicateur démographique de différence,,Unterschied demografischer Indikator,,Indicador demográfico de diferencia,,Differenza indicatore demografico,,,,Skillnad demografisk indikator,
Difference in average by gender,,FALSE,TRUE,FALSE,PayAnalytics,Difference in average by gender,,Différence moyenne par sexe,,Unterschied im Durchschnitt nach Geschlecht,,Diferencia en el promedio por género,,Differenza di media per genere,,Munur á meðaltali eftir kyni,,Skillnad i genomsnitt efter kön,
Differentiate between demographic groups,,FALSE,TRUE,FALSE,PayAnalytics,Differentiate between demographic groups,,Différencier les groupes démographiques,,Zwischen demografischen Gruppen unterscheiden,,Diferenciar entre grupos demográficos,,Distingui tra gruppi demografici,,Birta blæbrigðamun á lýðfræðihópum,,Differentiera mellan demografiska grupper,
Distribution overview,,FALSE,TRUE,FALSE,PayAnalytics,Distribution overview,,Aperçu de la distribution,,Verteilungs­übersicht,,Resumen de la distribución,,Panoramica della distribuzione,,Yfirlit dreifingar,,Fördelnings­översikt,
Employee,,FALSE,TRUE,FALSE,PayAnalytics,Employee,,Employé,,Beschäftigte,,Empleado,,Dipendente,,Starfsmaður,,Anställd,
Employee pay transparency report,,FALSE,TRUE,FALSE,PayAnalytics,Employee pay transparency report,,Rapport sur la transparence salariale des employés,,Bericht zur Gehaltstransparenz der Mitarbeiter,,Informe de transparencia salarial de los empleados,,Rapporto sulla trasparenza delle retribuzioni dei dipendenti,,,,Rapport om insyn i anställdas löner,
Equal average comparison,,FALSE,TRUE,FALSE,PayAnalytics,Equal average comparison,,Comparaison de moyenne égale,,Vergleich des gleichen Durchschnitts,,Comparación de la media igual,,Confronto della media uguale,,Jafn meðaltalssamanburður,,Jämförelse av samma genomsnitt,
Equal average method,,FALSE,TRUE,FALSE,PayAnalytics,Equal average method,,Méthode de moyenne égale,,Methode des gleichen Durchschnitts,,Método de la media igual,,Metodo della media uguale,,Jöfn meðaltalsaðferð,,Metod för lika genomsnitt,
Equal line comparison,,FALSE,TRUE,FALSE,PayAnalytics,Equal line comparison,,Comparaison de ligne égale,,Vergleich der gleichen Linie,,Comparación de la línea igual,,Confronto della retta uguale,,Jafnlínusamanburður,,Jämförelse av samma linje,
Equal line method,,FALSE,TRUE,FALSE,PayAnalytics,Equal line method,,Méthode de ligne égale,,Methode der gleichen Linie,,Método de la línea igual,,Metodo della retta uguale,,Jafnlínuaðferð,,Metod för lika linje,
Equal pay analysis,,FALSE,TRUE,FALSE,PayAnalytics,Equal pay analysis,,Analyse d'égalité salariale,,Entgeltgleichheitsanalyse,,Análisis de igualdad salarial,,Analisi della parità retributiva,,Jafnlaunagreining,,Lika lön-analys,
Estimated adjusted pay gap,,FALSE,TRUE,FALSE,PayAnalytics,Estimated adjusted pay gap,,Écart salarial ajusté estimé,,Geschätzte bereinigte Lohnlücke,,Brecha salarial ajustada estimada,,Stima del divario retributivo rettificato,,Mat á leiðréttu launabili,,Uppskattat justerat lönegap,
Estimated pay gap,,FALSE,TRUE,FALSE,PayAnalytics,Estimated pay gap,,Écart salarial estimé,,Geschätztes Lohngefälle,,Brecha salarial estimada,,Stima del divario retributivo,,Áætlað launabil,,Beräknat lönegap,
Evaluation creation wizard,,FALSE,TRUE,FALSE,PayAnalytics,Evaluation creation wizard,,Assistant de création d'évaluations,,Assistenz für die Bewertungserstellung,,Asistente de creación de valoraciones,,Creazione guidata della valutazione,,Uppsetningaraðstoð,,Utvärderingsguide,
Exclusions,,FALSE,TRUE,FALSE,PayAnalytics,Exclusions,,,,Ausschlüsse,,Exclusiones,,Esclusioni,,Undanskilið,,Undantag,
Existing range,,FALSE,TRUE,FALSE,PayAnalytics,Existing range,,Plage existant,,Bestehende Bandbreite,,Rango existente,,Intervallo esistente,,Talnabil í gögnum,,Befintligt intervall,
Extra salary,,FALSE,TRUE,FALSE,PayAnalytics,Extra salary,,Rémunération supplémentaire,,Zusätzliches Gehalt,,Complementos extrasalariales,,Stipendio extra,,Viðbótarlaun,,Extra lön,
Factor,,FALSE,TRUE,FALSE,PayAnalytics,Factor,,Facteur,,Faktortyp,,,,Fattore,,Flokkur,,Faktor,
Female predominant job class,,FALSE,TRUE,FALSE,PayAnalytics,Female predominant job class,,Classe d'emploi à prédominance féminine,,Weiblich dominierte Jobklasse,,Tipo de puesto de trabajo de predominio femenino,,Categoria di impiego a prevalenza femminile,,Starfaflokkur með konur í meirihluta,,Kvinnodominerad yrkeskategori,
Focus groups,,FALSE,TRUE,FALSE,PayAnalytics,Focus groups,,Groupes cibles,,Fokus Gruppen,,Grupos de estudio,,Focus group,,Áhersluhópar,,Fokusgrupper,
Gap,,FALSE,TRUE,FALSE,PayAnalytics,Gap,,,,Lücke,,Brecha,,,,Bil,,,
Gender,,FALSE,TRUE,FALSE,PayAnalytics,Gender,,Champ du sexe,,Geschlecht,,Género,,Genere,,Dálkur sem tilgreinir kyn,,Kön,
Gender distribution,,FALSE,TRUE,FALSE,PayAnalytics,Gender distribution,,Distribution des sexes,,Geschlechterverteilung,,Distribución por género,,Distribuzione di genere,,Kynjaskipting eftir hópi,,Könsfördelning,
Gender pay gaps,,FALSE,TRUE,FALSE,PayAnalytics,Gender pay gaps,,Écarts salariaux hommes-femmes,,Geschlechtsspezifische Lohnunterschiede,,Brechas salariales de género,,Differenze retributive di genere,,Launabil,,Lönegap mellan könen,
Granted operations,,FALSE,TRUE,FALSE,PayAnalytics,Granted operations,,Opérations accordées,,Gewährte Vorgänge,,Operaciones concedidas,,Operazioni autorizzate,,Heimilar aðgerðir,,Beviljade verksamheter,
Headcount,,FALSE,TRUE,FALSE,PayAnalytics,Headcount,,Effectif,,Mitarbeiterzahl,,Número de empleados,,Numero di dipendenti,,,,Antal anställda,
Hiring & attrition,,FALSE,TRUE,FALSE,PayAnalytics,Hiring & attrition,,Embauches et départs,,Neueinstellungen und Arbeitskräfteabgang,,Contrataciones y bajas,,Assunzioni e abbandoni,,Ráðningar og starfslok,,Anställning & avgångar,
Historical incumbency,,FALSE,TRUE,FALSE,PayAnalytics,Historical incumbency,,Occupation historique,,Historische Dauer der Inhaberschaft,,Historial ocupacional,,Settore tipicamente femminile/maschile,,Sögulega ríkjandi lýðfræðibreyta,,Historiskt tjänsteinnehav,
Initial values for raise suggestion parameters,,FALSE,TRUE,FALSE,PayAnalytics,Initial values for raise suggestion parameters,,Valeurs initiales des paramètres de suggestion d'augmentation,,Anfangswerte für Parameter für Lohnerhöhungsvorschläge,,Valores iniciales para parámetros de sugerencia de aumento,,Valori iniziali dei parametri dei suggerimenti di aumento,,Upphafsgildi fyrir launahækkunartillögur,,Ingångsvärden för parametrar för löneökningsförslag,
Inner circle (adjusted pay gap),,FALSE,TRUE,FALSE,PayAnalytics,Inner circle (adjusted pay gap),,Cercle intérieur (écart salarial ajusté),,Innerer Kreis (bereinigte Lohnlücke),,Círculo interior (brecha salarial ajustada),,Cerchio interno (divario retributivo rettificato),,Innri hringur (leiðrétt launabil),,Inre cirkel (Justerade lönegap),
Input parameters,,FALSE,TRUE,FALSE,PayAnalytics,Input parameters,,Paramètres d'entrée,,Eingabeparameter,,Parámetros de entrada,,Parametri input,,Valdir stikar,,Ingångsparametrar,
Internal mobility,,FALSE,TRUE,FALSE,PayAnalytics,Internal mobility,,Mobilité interne,,Interne Mobilität,,Movilidad interna,,Mobilità interna,,Tilfærslur,,Interna förflyttningar,
Interpreting pay gaps,,FALSE,TRUE,FALSE,PayAnalytics,Interpreting pay gaps,,Interpréter les écarts salariaux,,Dolmetschen von Lohnunterschieden,,Interpretación de las brechas salariales,,Interpretazione dei divari retributivi,,,,Tolkning av löneklyftor,
Introduction,,FALSE,TRUE,FALSE,PayAnalytics,Introduction,,,,Einführung,,Introducción,,Introduzione,,Inngangur,,Inledning,
Job,,FALSE,TRUE,FALSE,PayAnalytics,Job,,Poste,,,,Puesto de trabajo,,Lavoro,,Starf,,Jobb,
Job category,,FALSE,TRUE,FALSE,PayAnalytics,Job category,,Catégorie de travail,,Job-Kategorie,,Categoría laboral,,Categoria di lavoro,,Starfaflokkur,,Yrkeskategori,
Job class,,FALSE,TRUE,FALSE,PayAnalytics,Job class,,Classe d'emploi,,Jobklasse,,Tipo de puesto de trabajo,,categoria di impiego,,Starfaflokkur,,Yrkeskategori,
Job evaluation,,FALSE,TRUE,FALSE,PayAnalytics,Job evaluation,,Évaluation des emplois,,Bewertung der Arbeitsstelle,,Evaluación del puesto,,Valutazione del lavoro,,,,Jobbutvärdering,
Job points,,FALSE,TRUE,FALSE,PayAnalytics,Job points,,Points du poste,,Punktestand der Stellenbezeichnung,,Puntos del puesto de trabajo,,Punti lavoro,,Stig starfheitis,,Poäng på yrkestitel,
Job Title / Job Group,,FALSE,TRUE,FALSE,PayAnalytics,Job Title / Job Group,,Titre de l'emploi / Groupe de l'emploi,,Jobbezeichnung / Jobgruppe,,Título del puesto / Grupo del puesto,,Titolo professionale/Gruppo professionale,,Starfstitill / Starfshópur,,Arbetstitel/Arbetsgrupp,
Job to job comparison,,FALSE,TRUE,FALSE,PayAnalytics,Job to job comparison,,Comparaison entre emplois,,Vergleich von Jobs,,Comparación entre puestos de trabajo,,Confronto impiego a impiego,,Samanburður starfa,,Jämförelse mellan olika jobb,
Job value (points),,FALSE,TRUE,FALSE,PayAnalytics,Job value (points),,Valeur du poste (points),,Jobwert (Punkte),,Valor del puesto de trabajo (puntos),,Valore del lavoro (punti),,Virði starfs (stig),,Jobbvärde (poäng),
Key performance indicators (KPIs),,FALSE,TRUE,FALSE,PayAnalytics,Key performance indicators (KPIs),,Indicateurs clés de performance (KPIs),,Wichtige Leistungsindikatoren (KPIs),,Indicadores clave de rendimiento (KPIs),,Key Performance Indicators (KPI),,Lykilmælikvarðar,,Viktiga resultatindikatorer (KPI:er),
Label preview,,FALSE,TRUE,FALSE,PayAnalytics,Label preview,,Aperçu du label,,Voransicht des Labels,,Vista previa de la etiqueta,,Anteprima etichetta,,Textasýnishorn,,Förhandsvisning av etikett,
Level details,,FALSE,TRUE,FALSE,PayAnalytics,Level details,,Information du niveau,,Details des Niveaus,,Información sobre el nivel,,Dettagli livello,,Nánari upplýsingar um þrep,,Nivådetaljer,
Levels,,FALSE,TRUE,FALSE,PayAnalytics,Levels,,Niveaux,,Niveaus,,Niveles,,Livelli,,Þrep,,Nivåer,
Lower bound for raise suggestion,,FALSE,TRUE,FALSE,PayAnalytics,Lower bound for raise suggestion,,Limite inférieure pour la suggestion d'augmentations de rémunération,,Untergrenze für Lohnerhöhungsvorschlag,,Límite inferior para sugerir aumentos,,Limite inferiore per il suggerimento di aumento,,Lægri mörk fyrir launahækkunartillögur,,Nedre gräns för löneökningsförslag,
Lowest compensation,,FALSE,TRUE,FALSE,PayAnalytics,Lowest compensation,,Rémunération la moins élevée,,Niedrigstes Gehalt,,Remuneración más baja,,Retribuzione più bassa,,Lægstu laun,,Lägsta kompensationen,
Male-Female pay gap,,FALSE,TRUE,FALSE,PayAnalytics,Male-Female pay gap,,Écart salarial entre hommes et femmes,,Lohngefälle zwischen Männern und Frauen,,Brecha salarial entre hombres y mujeres,,Divario retributivo tra uomini e donne,,,,Löneskillnader mellan män och kvinnor,
Maternity/Adoption leave,,FALSE,TRUE,FALSE,PayAnalytics,Maternity/Adoption leave,,Congé maternité/adoption,,,,,,,,,,,
Max limits reached,,FALSE,TRUE,FALSE,PayAnalytics,Max limits reached,,Limites maximales atteintes,,Maximale Grenzen erreicht,,Límites máximos alcanzados,,Limiti massimi raggiunti,,Hámarksmörkum náð,,Maximala gränser nådda,
Max raise,,FALSE,TRUE,FALSE,PayAnalytics,Max raise,,Augmentation maximale,,Maximale Erhöhung,,Aumento máximo,,Aumento massimo,,Hámarkshækkun,,Max löneökning,
Max raise and pay gap target,,FALSE,TRUE,FALSE,PayAnalytics,Max raise and pay gap target,,Augmentation maximale et objectif d'écart salarial,,Maximale Erhöhung und Ziel für den Lohnunterschied,,Aumento máximo y brecha salarial objetivo,,Aumento massimo e divario retributivo target,,Hámarkshækkun og launabilsmarkmið,,Maximal löneökning och mål för lönegap,
Maximum,,FALSE,TRUE,FALSE,PayAnalytics,Maximum,,,,Maximal,,Máximo,,Massimo,,Hæsta gildi,,Maximalt,
Maximum points for level,,FALSE,TRUE,FALSE,PayAnalytics,Maximum points for level,,Nombre maximal de points par niveau,,Maximale Punktzahl für Niveaus,,Puntos máximos por nivel,,Punti massimi per livello,,Hæsti fjöldi stiga fyrir þrep,,Maxpoäng på nivån,
Mean gender pay gap,,FALSE,TRUE,FALSE,PayAnalytics,Mean gender pay gap,,Moyenne des écarts de rémunération entre sexes,,Durchschnittlicher geschlechtsspezifischer Lohnunterschied,,Brecha salarial de género media,,Divario retributivo medio di genere,,Óleiðrétt launabil miðað við meðaltal launa,,Snittlöneskillnad,
Median compensation,,FALSE,TRUE,FALSE,PayAnalytics,Median compensation,,Rémunération médiane,,Gehalts-Medianwert,,Remuneración mediana,,Retribuzione mediana,,Miðgildi launa,,Medianlön,
Median gender pay gap,,FALSE,TRUE,FALSE,PayAnalytics,Median gender pay gap,,Médiane des écarts de rémunération entre sexes,,Geschlechtsspezifischer Lohnunterschied als Median,,Brecha salarial de género mediana,,Divario retributivo mediano di genere,,Óleiðrétt launabil miðað við miðgildi launa,,Medianlöneskillnad mellan könen,
Median hourly salary pay gap,,FALSE,TRUE,FALSE,PayAnalytics,Median hourly salary pay gap,,Écart salarial horaire médian,,Durchschnittliches Lohngefälle pro Stunde,,Brecha salarial media por hora,,Differenza salariale oraria mediana,,,,Median timlöneskillnad,
Median pay gap,,FALSE,TRUE,FALSE,PayAnalytics,Median pay gap,,Écart salarial médian,,Durchschnittliches Lohngefälle,,Brecha salarial media,,Divario retributivo mediano,,Miðgildi launabils,,Medianlöneskillnad,
Mid quartiles,,FALSE,TRUE,FALSE,PayAnalytics,Mid quartiles,,Quartiles médians,,Mittlere Quartile,,Cuartiles intermedios,,Quartili medi,,Miðfjórðungar,,Mittkvartiler,
Mid-point,,FALSE,TRUE,FALSE,PayAnalytics,Mid-point,,À mi-parcours,,Mittelpunkt,,Punto medio,,Punto intermedio,,Miðgildi,,Mittpunkt,
Minimum size for receiving raises,,FALSE,TRUE,FALSE,PayAnalytics,Minimum size for receiving raises,,Taille minimale pour recevoir des augmentations,,Mindestgröße für den Erhalt von Gehaltserhöhungen,,Tamaño mínimo para recibir aumentos,,Dimensione minima per ricevere gli aumenti,,,,Minsta storlek för att ta emot höjningar,
Moderately significant focus groups (before raises),,FALSE,TRUE,FALSE,PayAnalytics,Moderately significant focus groups (before raises),,Groupes de discussion modérément importants (avant les augmentations),,Mittelschwere Fokusgruppen (vor den Gehaltserhöhungen),,Grupos focales moderadamente importantes (antes de los aumentos),,Focus group moderatamente significativi (prima dei rilanci),,,,Måttligt signifikanta fokusgrupper (före höjningar),
Modify pay bands,,FALSE,TRUE,FALSE,PayAnalytics,Modify pay bands,,Modifier les fourchettes salariales,,Gehaltsspannen anpassen,,Modificar las bandas salariales,,Modifica le fasce retributive,,Breyta launaspönnum,,Ändra lönespann,
Nonbinary,,FALSE,TRUE,FALSE,PayAnalytics,Nonbinary,,Non-binaire,,Nicht binär,,No binario,,Non binario,,Kynsegin,,Icke-binär,
Not reported,,FALSE,TRUE,FALSE,PayAnalytics,Not reported,,Non communiqué,,Nicht angegeben,,No informado,,Non riportato,,Ekki uppgefið,,Inte angivet,
Number of employees,,FALSE,TRUE,FALSE,PayAnalytics,Number of employees,,Nombre d’employés,,Anzahl der Beschäftigten,,Número de empleados,,Numero di dipendenti,,Fjöldi starfsfólks,,Antal anställda,
Occupational stereotypes,,FALSE,TRUE,FALSE,PayAnalytics,Occupational stereotypes,,Stéréotypes professionnels,,Berufliche Stereotypen,,Estereotipos ocupacionales,,Stereotipi occupazionali,,Starfstengdar staðalímyndir,,Stereotyper inom yrket,
On temporary contracts,,FALSE,TRUE,FALSE,PayAnalytics,On temporary contracts,,Sous contrat temporaire,,Bei befristeten Arbeitsverträgen,,Con contrato temporal,,Con contratto a tempo determinato,,Á tímabundnum samningi,,På tillfälliga kontrakt,
optional,,FALSE,TRUE,FALSE,PayAnalytics,optional,,facultatif,,,,opcional,,facoltativo,,valkvætt,,valfritt,
Other factors,,FALSE,TRUE,FALSE,PayAnalytics,Other factors,,Autres facteurs,,Andere Faktoren,,Otros factores,,Altri fattori,,Aðrir matsþættir,,Andra faktorer,
Outlier percentage after raise (%),,FALSE,TRUE,FALSE,PayAnalytics,Outlier percentage after raise (%),,Pourcentage de valeurs aberrantes après augmentation (%),,Prozentsatz der Ausreißer nach Erhöhung (%),,Porcentaje atípico tras aumento (%),,Percentuale anomala dopo l'aumento (%),,Útlagagreining eftir hækkun (%),,Avvikande procentsats efter höjning (%),
Outlier percentage by gender,,FALSE,TRUE,FALSE,PayAnalytics,Outlier percentage by gender,,Pourcentage des valeurs aberrantes par sexe,,Ausreißeranteil nach Geschlecht,,Porcentaje de valores atípicos por género,,Percentuale di anomalia per genere,,Útlagaprósenta eftir kyni,,Överskridande andel enligt kön,
Overall representation,,FALSE,TRUE,FALSE,PayAnalytics,Overall representation,,Représentation globale,,Allgemeine Repräsentation,,Representación global,,Rappresentanza complessiva,,Heildarsamsetning,,Total representation,
Overview of demographic and position split,,FALSE,TRUE,FALSE,PayAnalytics,Overview of demographic and position split,,Aperçu de la répartition démographique et des postes,,Überblick über die Aufteilung von Demografie und Position,,Resumen de la división demográfica y de puestos,,Panoramica della suddivisione demografica e delle posizioni,,Yfirlit yfir lýðfræðiskiptingu hópa,,Översikt av demografisk fördelning och befattningar,
Part-time,,FALSE,TRUE,FALSE,PayAnalytics,Part-time,,Temps partiel,,Teilzeit,,Tiempo parcial,,,,Hlutastarf,,Deltid,
Part-time employees,,FALSE,TRUE,FALSE,PayAnalytics,Part-time employees,,Employés à temps partiel,,Teilzeitmitarbeitende,,Empleados a tiempo parcial,,Dipendenti part-time,,Starfsfólk í hlutastarfi,,Deltidsanställda,
Pay band ceiling,,FALSE,TRUE,FALSE,PayAnalytics,Pay band ceiling,,Plafond de l'fourchette salariale,,Gehaltsband-Obergrenze,,Límite máximo de banda salarial,,Soffitto a fascia retributiva,,Þak launaspannar,,Lönebandstak,
Pay band floor,,FALSE,TRUE,FALSE,PayAnalytics,Pay band floor,,Plancher salarial,,Bezahlen Sie Band Floor,,Sala de bandas de pago,,,,Gólf launaspannar,,Lönebandsgolv,
Pay bands,,FALSE,TRUE,FALSE,PayAnalytics,Pay bands,,Échelle de rémunération,,Bands spielen,,Bandas salariales,,Gruppi di pagamento,,,,Betalningsband,
Pay equity analysis,,FALSE,TRUE,FALSE,PayAnalytics,Pay equity analysis,,Analyse de l'équité salariale,,Analyse zur Lohngleichheit,,Análisis de equidad salarial,,Analisi della parità retributiva,,Jafnlaunagreining,,Lika lön-analys,
Pay Equity Overview,,FALSE,TRUE,FALSE,PayAnalytics,Pay Equity Overview,,Aperçu de l'équité salariale,,Überblick über die Lohngleichheit,,Descripción general de la igualdad salarial,,Panoramica sull'equità retributiva,,,,Översikt över lönekapital,
Pay equity target,,FALSE,TRUE,FALSE,PayAnalytics,Pay equity target,,Objectif d'équité salariale,,Gehaltseigenkapitalziel,,Objetivo de igualdad salarial,,Obiettivo di equità retributiva,,,,Löneskapitalmål,
Pay gap,,FALSE,TRUE,FALSE,PayAnalytics,Pay gap,,Écart salarial,,Lohnunterschied,,Brecha salarial,,Divario retributivo,,Launabil,,Lönegap,
Pay Transparency,,FALSE,TRUE,FALSE,PayAnalytics,Pay Transparency,,Rémunération transparente,,Gehaltstransparenz,,Transparencia de pagos,,Trasparenza salariale,,Launagagnsæi,,Lönetransparens,
Point value,,FALSE,TRUE,FALSE,PayAnalytics,Point value,,Valeur en points,,Punktwert,,Valor en puntos,,Valore in punti,,Stig,,Poängens värde,
Points based on job evaluations only,,FALSE,TRUE,FALSE,PayAnalytics,Points based on job evaluations only,,Points basés uniquement sur les évaluations de l'emploi,,Punkte nur auf Basis von Stellenbewertungen,,Puntos basados solamente en las valoraciones de puestos de trabajo,,Punti basati solo sulle valutazioni del lavoro,,Stig eingöngu byggð á starfsmati,,Poäng baserade enbart på arbetsvärderingar,
Points column,,FALSE,TRUE,FALSE,PayAnalytics,Points column,,Colonne des points,,Punktespalte,,Columna de los puntos,,Colonna punti,,Dálkur sem tilgreinir virði,,Poängkolumn,
Position,,FALSE,TRUE,FALSE,PayAnalytics,Position,,Poste,,,,Posición,,Posizione,,Stöðugildi,,,
Position-in-Range after raise,,FALSE,TRUE,FALSE,PayAnalytics,Position-in-Range after raise,,Position à portée après l'augmentation,,Position in Reichweite nach Erhöhung,,Posición dentro del rango tras subida,,Posizione nel range dopo il rialzo,,Staða í spönn eftir hækkun,,Position inom räckvidd efter höjning,
Position-in-Range before raise,,FALSE,TRUE,FALSE,PayAnalytics,Position-in-Range before raise,,Position à portée avant l'augmentation,,Position in Reichweite vor Erhöhung,,Posición dentro del rango antes de la subida,,Posizione nel range prima del rialzo,,Staða í spönn fyrir hækkun,,Position inom räckhåll före höjning,
Predicted compensation,,FALSE,TRUE,FALSE,PayAnalytics,Predicted compensation,,Rémunération prévue,,Voraussichtliches Gehalt,,Remuneración prevista,,Retribuzione prevista,,Áætluð laun,,Förutsedd lön,
Predominant demographic value of comparison group,,FALSE,TRUE,FALSE,PayAnalytics,Predominant demographic value of comparison group,,Valeur démographique prédominante du groupe de comparaison,,Überwiegender demografischer Wert der Vergleichsgruppe,,Valor demográfico predominante del grupo de comparación,,Valore demografico predominante del gruppo di confronto,,Ríkjandi lýðfræðibreyta samanburðarhóps,,Dominerande demografiskt värde för jämförelsegrupp,
Previous exchange rate,,FALSE,TRUE,FALSE,PayAnalytics,Previous exchange rate,,Taux de change précédent,,Bisheriger Wechselkurs,,Tipo de cambio anterior,,Tasso di cambio precedente,,Fyrri gengisskráning,,Tidigare växelkurs,
Primary currency,,FALSE,TRUE,FALSE,PayAnalytics,Primary currency,,Devise principale,,Hauptwährung,,Divisa principal,,Valuta principale,,Aðalgjaldmiðill,,Primär valuta,
Progress Toward Pay Equity,,FALSE,TRUE,FALSE,PayAnalytics,Progress Toward Pay Equity,,Progrès en matière d'équité salariale,,Fortschritte auf dem Weg zur Lohngleichheit,,El progreso hacia la igualdad salarial,,Progressi verso l'equità retributiva,,,,Framsteg mot lönejämlikhet,
Quartile,,FALSE,TRUE,FALSE,PayAnalytics,Quartile,,,,Viertelwert,,Cuartil,,,,Fjórðungur,,Kvartil,
Quartile boundaries,,FALSE,TRUE,FALSE,PayAnalytics,Quartile boundaries,,Frontières des quartiles,,Quartilsgrenzen,,Límites de los cuartiles,,Limiti del quartile,,Fjórðungamörk,,Kvartilgränser,
Quartile pay bands,,FALSE,TRUE,FALSE,PayAnalytics,Quartile pay bands,,Quartiles de rémunération,,Quartile Lohnbänder,,Bandas salariales por cuartiles,,Fasce retributive del quartile,,Fjórðungslaunabil,,Löneintervall per kvartil,
Raise,,FALSE,TRUE,FALSE,PayAnalytics,Raise,,Augmentation,,Lohnerhöhung,,Aumento,,Aumento,,Launahækkun,,Löneökning,
Raise allocations,,FALSE,TRUE,FALSE,PayAnalytics,Raise allocations,,Répartition des augmentations,,Lohnerhöhungszuordnungen,,Distribución de los aumentos,,Ripartizione degli aumenti,,Dreifing launahækkana,,Höja anslagen,
Raise ceiling,,FALSE,TRUE,FALSE,PayAnalytics,Raise ceiling,,Augmentation maximale,,Obergrenze für Lohnerhöhung,,Aumento máximo,,Massimale aumento,,Þak á hækkun,,Tak för löneökning,
Raise configuration,,FALSE,TRUE,FALSE,PayAnalytics,Raise configuration,,Configuration des augmentations,,Konfiguration der Gehaltserhöhung,,Configuración de los aumentos,,Configurazione aumento,,Stillingar fyrir launahækkanir,,Konfiguration av löneökning,
Raise effect on pay gap,,FALSE,TRUE,FALSE,PayAnalytics,Raise effect on pay gap,,Effet de l'augmentation salariale sur l'écart salarial,,Auswirkung der Lohnerhöhung auf den Lohnunterschied,,Efecto del aumento en la brecha salarial,,Effetto dell'aumento sul divario retributivo,,Áhrif hækkunar á launabil,,Löneökningens effekt på lönegapet,
Raise in percentages,,FALSE,TRUE,FALSE,PayAnalytics,Raise in percentages,,Augmentation en pourcentage,,Lohnerhöhung in Prozentsätzen,,Aumento en porcentajes,,Aumento in percentuale,,Hækkun í prósentum,,Löneökning i procentandelar,
Raise suggestion configuration,,FALSE,TRUE,FALSE,PayAnalytics,Raise suggestion configuration,,Augmenter la configuration des suggestions,,Konfiguration des Vorschlags einreichen,,Aumentar la configuración de sugerencias,,Aumentare la configurazione dei suggerimenti,,,,Höj förslagskonfigurationen,
Range,,FALSE,TRUE,FALSE,PayAnalytics,Range,,Plage,,Bereich:,,Rango,,Intervallo,,Bil,,Intervall,
Ratio,,FALSE,TRUE,FALSE,PayAnalytics,Ratio,,,,Verhältnis,,,,Rapporto,,Hlutfall,,Proportion,
Ratio between average of groups,,FALSE,TRUE,FALSE,PayAnalytics,Ratio between average of groups,,Ratio entre la moyenne des groups,,Verhältnis zwischen den Durchschnittswerten der Gruppen,,Índice entre la media de los grupos,,Rapporto tra la media dei gruppi,,Hlutfall meðaltala hópa,,Förhållande mellan gruppers genomsnitt,
Ratio between median of groups,,FALSE,TRUE,FALSE,PayAnalytics,Ratio between median of groups,,Ratio entre la médiane des groupes,,Verhältnis zwischen den Medianen der Gruppen,,Ratio entre la mediana de los grupos,,Rapporto tra le mediane dei gruppi,,Hlutfall milli miðgildis hópa,,Förhållande mellan medianvärden för grupperna,
Received a bonus payment,,FALSE,TRUE,FALSE,PayAnalytics,Received a bonus payment,,A reçu une prime,,Hat eine Bonuszahlung erhalten,,Recibió una bonificación,,Hanno ricevuto un bonus,,Fékk bónusgreiðslu,,Erhållit en bonusutbetalning,
Received benefits in kind,,FALSE,TRUE,FALSE,PayAnalytics,Received benefits in kind,,A reçu des avantages en nature,,Hat Sachbezüge erhalten,,Recibió prestaciones en especie,,Hanno ricevuto prestazioni in natura,,Naut fríðinda,,Mottagna naturaförmåner,
Reference group,,FALSE,TRUE,FALSE,PayAnalytics,Reference group,,Groupe de référence,,Referenzgruppe,,Grupo de referencia,,Gruppo di riferimento,,Viðmiðunarhópur,,Referensgrupp,
Reference group average compensation,,FALSE,TRUE,FALSE,PayAnalytics,Reference group average compensation,,Rémunération moyenne du groupe de référence,,Durchschnittsvergütung der Referenzgruppe,,Compensación media del grupo de referencia,,Retribuzione media del gruppo di riferimento,,,,Genomsnittlig ersättning för referensgrupp,
Regression coefficient,,FALSE,TRUE,FALSE,PayAnalytics,Regression coefficient,,Coefficient de régression,,Regressionskoeffizient,,Coeficiente de regresión,,Coefficiente di regressione,,Stiki,,Regressionskoefficient,
Regression intercept term,,FALSE,TRUE,FALSE,PayAnalytics,Regression intercept term,,Terme d'interception de la régression,,Regressions-Achsenabschnittsterm,,Término de intercepción de la regresión,,Intercetta della regressione,,Skurðpunktur,,Skärningspunkt,
Regression results,,FALSE,TRUE,FALSE,PayAnalytics,Regression results,,Résultats de la régression,,Regressionsergebnisse,,Resultados de la regresión,,Risultati della regressione,,Niðurstaða aðhvarfsgreiningar,,Regressionsresultat,
Regular employees (full-time and permanent),,FALSE,TRUE,FALSE,PayAnalytics,Regular employees (full-time and permanent),,Employés fixes (temps plein et permanent),,Festangestellte Mitarbeitende (Vollzeit und unbefristet),,Empleados fijos (a tiempo completo e indefinido),,Dipendenti regolari (a tempo pieno e indeterminato),,Reglulegt starfsfólk (fullt starf og framtíðarsamningur),,Ordinarie anställda (heltids- och tillsvidareanställda),
Representation across compensation structure,,FALSE,TRUE,FALSE,PayAnalytics,Representation across compensation structure,,Représentation dans la structure salariale,,Repräsentation innerhalb der Vergütungsstruktur,,Representación en la estructura retributiva,,Rappresentazione in tutta la struttura retributiva,,Fjölbreytileiki þvert á launauppbyggingu,,Representation över hela ersättningsstrukturen,
Representation by category,,FALSE,TRUE,FALSE,PayAnalytics,Representation by category,,Représentation par catégorie,,Repräsentation nach Kategorie,,Representación por categoría,,Rappresentazione per categoria,,Fjölbreytileiki eftir flokkum,,Representation efter kategori,
R² value,,FALSE,TRUE,FALSE,PayAnalytics,R² value,,Valeur R²,,R²-Wert,,Valor del R²,,Valore dell'R²,,R² gildi,,R²-värde,
Salary,,FALSE,TRUE,FALSE,PayAnalytics,Salary,,Salaire,,Gehalt,,Salario,,Salario,,,,Lön,
Salary - Pay Gap,,FALSE,TRUE,FALSE,PayAnalytics,Salary - Pay Gap,,Salaire et écart salarial,,Gehalt — Lohngefälle,,Salario: brecha salarial,,Salario - Divario retributivo,,,,Lön - Löneskillnad,
Salary - Quartile pay bands,,FALSE,TRUE,FALSE,PayAnalytics,Salary - Quartile pay bands,,Salaire : tranches salariales par quartiles,,Gehalt — Quartile Paybands,,Salario: bandas salariales del cuartil,,Stipendio - Fasce retributive del quartile,,,,Lön - Kvartillöneband,
Salary by categories of workers,,FALSE,TRUE,FALSE,PayAnalytics,Salary by categories of workers,,Salaire par catégorie de travailleurs,,Gehalt nach Kategorien von Arbeitnehmern,,Salario por categorías de trabajadores,,Salario per categorie di lavoratori,,,,Lön efter kategorier av arbetstagare,
Salary component,,FALSE,TRUE,FALSE,PayAnalytics,Salary component,,Élément de la rémunération,,Gehaltsbestandteil,,Complementos salariales,,Componente salariale,,Launaþáttur,,Lönekomponent,
Salary component analyzed,,FALSE,TRUE,FALSE,PayAnalytics,Salary component analyzed,,Élément de rémunération analysé,,Gehaltskomponente analysiert,,Componente de la remuneración analizado,,Componente salariale analizzata,,Launabreyta notuð í greiningu,,Analyserad lönekomponent,
Saving all raises,,FALSE,TRUE,FALSE,PayAnalytics,Saving all raises,,Enregistrement de toutes les augmentations,,Alle Erhöhungen werden gespeichert,,Guardando todos los aumentos,,Salva tutti gli aumenti,,Vista allar hækkanir,,Spara alla löneökningar,
Set to EEOC pay brackets,,FALSE,TRUE,FALSE,PayAnalytics,Set to EEOC pay brackets,,Établir les fourchettes de rémunération de EEOC,,Auf EEOC-Lohnbänder einstellen,,Ajustar a las bandas salariales del EEOC,,Imposta fasce retributive EEOC,,Stilla á stöðluð EEOC launabil,,Ställ in på EEOC-löneintervall,
should be lower than max raise,,FALSE,TRUE,FALSE,PayAnalytics,should be lower than max raise,,doit être inférieur à l'augmentation de rémunération max.,,muss niedriger als maximale Lohnerhöhung sein,,debería ser inferior al aumento máximo,,deve essere inferiore all'aumento massimo,,þarf að vera lægri en hámarkshækkun,,måste vara lägre än den maximala löneökningen,
Significance level,,FALSE,TRUE,FALSE,PayAnalytics,Significance level,,Niveau de signification,,Signifikanzniveau,,Nivel de significación,,Livello di significatività,,Marktækni,,Signifikansnivå,
Significance target,,FALSE,TRUE,FALSE,PayAnalytics,Significance target,,Objectif de significativité,,Signifikanzziel,,Objetivo de significancia,,Obiettivo di significatività,,Marktæknismarkmið,,Signifikansmål,
Significant focus groups (before raises),,FALSE,TRUE,FALSE,PayAnalytics,Significant focus groups (before raises),,Groupes de discussion importants (avant les augmentations),,Signifikante Fokusgruppen (vor den Gehaltserhöhungen),,Grupos focales importantes (antes de los aumentos),,Focus group significativi (prima dei rilanci),,,,Betydande fokusgrupper (före höjningar),
Similarity score,,FALSE,TRUE,FALSE,PayAnalytics,Similarity score,,Score de similarité,,Ähnlichkeitsscore,,Puntuación de similitud,,Punteggio di somiglianza,,Samanburðarskor,,Likhetspoäng,
Size of brackets,,FALSE,TRUE,FALSE,PayAnalytics,Size of brackets,,Taille des fourchettes,,Klassengröße,,Tamaño de los tramos,,Dimensione delle fasce,,Stærð bila,,Gruppernas storlek,
Size of value ranges,,FALSE,TRUE,FALSE,PayAnalytics,Size of value ranges,,Taille des plages de valeurs,,Größe der Wertebereiche,,Tamaño de los rangos de valor,,Dimensione degli intervalli di valori,,Stærð stigaspannar,,Storlek på värdeintervall,
Some employees are part-time,,FALSE,TRUE,FALSE,PayAnalytics,Some employees are part-time,,Certains employés sont à temps partiel,,Einige Mitarbeitende sind teilzeitbeschäftigt,,Algunos empleados trabajan a media jornada,,Alcuni dipendenti sono part-time,,Fyrirtækið er með starfsfólk í hlutastarfi,,Vissa anställda arbetar deltid,
Specify target pay gap,,FALSE,TRUE,FALSE,PayAnalytics,Specify target pay gap,,Spécifiez l'écart salarial cible,,Angestrebte Verdienstlücke angeben,,Especificar brecha salarial objetivo,,Specifica divario retributivo target,,Tilgreindu markmiðsfjárveitingu,,Ange mål för lönegap,
Sub-factor,,FALSE,TRUE,FALSE,PayAnalytics,Sub-factor,,Sous-facteur,,Unterfaktor,,Subfactor,,Sotto-fattore,,Matsþáttur,,Delfaktor,
Suggested compensation,,FALSE,TRUE,FALSE,PayAnalytics,Suggested compensation,,Rémunération suggérée,,Vorgeschlagenes Gehalt,,Remuneración sugerida,,Retribuzione suggerita,,Launatillaga,,Föreslagen lön,
Suggested compensation breakdown,,FALSE,TRUE,FALSE,PayAnalytics,Suggested compensation breakdown,,Répartition de la rémunération suggérée,,Vorgeschlagene Aufschlüsselung der Vergütung,,Desglose de la remuneración sugerida,,Ripartizione della retribuzione suggerita,,Sundurliðun á launatillögu,,Analys av föreslagen lön,
Suggested raise,,FALSE,TRUE,FALSE,PayAnalytics,Suggested raise,,Augmentation suggérée,,Vorgeschlagene Gehaltserhöhung,,Aumento sugerido,,Aumento suggerito,,Hækkunartillaga,,Föreslagen löneökning,
Summary of jobs in evaluation,,FALSE,TRUE,FALSE,PayAnalytics,Summary of jobs in evaluation,,Résumé des emplois à évaluer,,Zusammenfassung der Tätigkeiten in der Bewertung,,Resumen de los puestos de trabajo en valoración,,Riepilogo dei lavori in valutazione,,Samantekt á störfum í starfsmati,,Sammanfattning av jobb i utvärdering,
Target budget,,FALSE,TRUE,FALSE,PayAnalytics,Target budget,,Spécifiez le budget,,Zielbudget,,Presupuesto objetivo,,Specifica budget,,Markmiðsfjárveiting,,Målbudget,
Target gap,,FALSE,TRUE,FALSE,PayAnalytics,Target gap,,Écart cible,,Ziel-Gefälle,,Brecha objetivo,,Divario target,,Launabilsmarkmið,,Målgap,
Target group,,FALSE,TRUE,FALSE,PayAnalytics,Target group,,Groupe cible,,Zielgruppe,,Grupo objetivo,,Gruppo target,,Markhópur,,Målgrupp,
Target pay gap,,FALSE,TRUE,FALSE,PayAnalytics,Target pay gap,,Écart salarial cible,,Ziel-Lohnlücke,,Brecha salarial objetivo,,Divario retributivo target,,Markmið um mældan launamun,,Mål för lönegap,
Target reached,,FALSE,TRUE,FALSE,PayAnalytics,Target reached,,Objectif atteint,,Ziel erreicht,,Objetivo alcanzado,,Obiettivo raggiunto,,,,Mål uppnådd,
Top 10% representation,,FALSE,TRUE,FALSE,PayAnalytics,Top 10% representation,,Représentation du 10% supérieur,,Repräsentation der obersten 10 %,,Representación en el 10% superior,,Rappresentanza del 10% superiore,,Fjöldi í efstu 10%,,De 10 % mest representerade,
Top level category,,FALSE,TRUE,FALSE,PayAnalytics,Top level category,,Catégorie de niveau supérieur,,Übergeordnete Kategorie,,Categoría de primer nivel,,Categoria di primo livello,,Efsta stig flokkunar,,Överordnad kategori,
Top quartile,,FALSE,TRUE,FALSE,PayAnalytics,Top quartile,,Quartile supérieur,,Oberstes Quartil,,Cuartil superior,,Quartile superiore,,Efsti fjórðungur,,Översta kvartilen,
Top/bottom quartiles,,FALSE,TRUE,FALSE,PayAnalytics,Top/bottom quartiles,,Quartiles supérieurs et inférieurs,,Obere/untere Quartile,,Cuartiles superiores/inferiores,,Quartili superiore/inferiore,,Topp/botnfjórðungar,,Övre/undre kvartiler,
Total compensation,,FALSE,TRUE,FALSE,PayAnalytics,Total compensation,,Indemnisation totale,,Gesamtvergütung,,Compensación total,,Compensazione totale,,,,Total ersättning,
Total compensation - Pay Gap,,FALSE,TRUE,FALSE,PayAnalytics,Total compensation - Pay Gap,,Rémunération totale - Écart salarial,,Gesamtvergütung — Lohngefälle,,Compensación total: brecha salarial,,Compensazione totale - Retribuzione,,,,Total ersättning - Löneskillnad,
Total compensation - Quartile pay bands,,FALSE,TRUE,FALSE,PayAnalytics,Total compensation - Quartile pay bands,,Rémunération totale - Échelle salariale par quartile,,Gesamtvergütung — Gehaltsstufen in vierteljährlichen Gehaltsstufen,,Compensación total: bandas salariales del cuartil,,Compensazione totale - Fasce retributive quartili,,,,Total ersättning - kvartillöneintervall,
Total compensation after raises,,FALSE,TRUE,FALSE,PayAnalytics,Total compensation after raises,,Rémunération totale après augmentations,,Gesamtvergütung nach Gehaltserhöhungen,,Compensación total tras los aumentos,,Compensazione totale dopo gli aumenti,,Heildarlaun eftir launahækkanir,,Total ersättning efter höjningar,
Total compensation by categories of workers,,FALSE,TRUE,FALSE,PayAnalytics,Total compensation by categories of workers,,Rémunération totale par catégorie de travailleurs,,Gesamtvergütung nach Kategorien von Arbeitnehmern,,Compensación total por categorías de trabajadores,,Compensazione totale per categorie di lavoratori,,,,Total ersättning per kategori av arbetstagare,
Total cost after raises,,FALSE,TRUE,FALSE,PayAnalytics,Total cost after raises,,Coût total après augmentation,,Gesamtkosten nach Gehaltserhöhungen,,Coste total después de los aumentos,,Costo totale dopo gli aumenti,,,,Totala kostnader efter höjningar,
Total cost before raises,,FALSE,TRUE,FALSE,PayAnalytics,Total cost before raises,,Coût total avant les augmentations,,Gesamtkosten vor Gehaltserhöhungen,,Coste total antes de los aumentos,,Costo totale prima degli aumenti,,,,Totala kostnader före höjningar,
Total cost of raises,,FALSE,TRUE,FALSE,PayAnalytics,Total cost of raises,,Coût total des augmentations,,Gesamtkosten der Erhöhungen,,Coste total de los aumentos,,Costo totale degli aumenti,,Heildarkostnaður við launahækkanir,,Total kostnad för löneökningar,
Total cost of raises in %,,FALSE,TRUE,FALSE,PayAnalytics,Total cost of raises in %,,Coût total des augmentations en %,,Gesamtkosten der Erhöhungen in%,,Coste total de los aumentos en%,,Costo totale degli aumenti in%,,,,Totala kostnader för höjningar i%,
Total cost with raises,,FALSE,TRUE,FALSE,PayAnalytics,Total cost with raises,,Coût total avec augmentations,,Gesamtkosten mit Gehaltserhöhungen,,Coste total con aumentos,,Costo totale con aumenti,,,,Totalkostnad med höjningar,
Total extra salary,,FALSE,TRUE,FALSE,PayAnalytics,Total extra salary,,Rémunération supplémentaire totale,,Gesamtes zusätzliches Gehalt,,Remuneración extrasalarial total,,Totale stipendio extra,,Heildar viðbótarlaun,,Total extra lön,
Total gross annual remuneration,,FALSE,TRUE,FALSE,PayAnalytics,Total gross annual remuneration,,,,,,Remuneración anual bruta total,,Totale retribuzione annua lorda,,Heildar árslaun (brúttó),,Sammanlagd årlig bruttoersättning,
Total gross annual remuneration level,,FALSE,TRUE,FALSE,PayAnalytics,Total gross annual remuneration level,,,,,,Nivel de remuneración anual bruta total,,Livello di retribuzione totale annua lorda,,Fjórðungskipting heildarlauna (brúttó),,Total bruttolönsnivå per år,
Total headcount,,FALSE,TRUE,FALSE,PayAnalytics,Total headcount,,Effectif total,,Gesamtzahl der Mitarbeiter,,Plantilla total,,Numero totale di dipendenti,,,,Totalt antal anställda,
Total points,,FALSE,TRUE,FALSE,PayAnalytics,Total points,,Points totaux,,Gesamtpunktzahl,,Puntos totales,,Punti totali,,Heildarstig,,Totalt antal poäng,
Total salary,,FALSE,TRUE,FALSE,PayAnalytics,Total salary,,Rémunération totale,,Gesamtgehalt,,Remuneración total,,Totale stipendio,,Heildarlaun,,Total lön,
Total salary components,,FALSE,TRUE,FALSE,PayAnalytics,Total salary components,,Éléments de la rémunération totaux,,Gesamte Gehaltsbestandteile,,Componentes de remuneración totales,,Componenti salariali totali,,Heildarlaunaþættir,,Totala lönekomponenter,
Unadjusted gender pay gap,,FALSE,TRUE,FALSE,PayAnalytics,Unadjusted gender pay gap,,Écart salarial non ajusté entre les femmes et les hommes,,Unbereinigte Lohnlücke,,Brecha salarial de género no ajustada,,Divario retributivo di genere non corretto,,Óleiðrétt launabil kynja,,Ojusterade löneskillnader mellan könen,
Unadjusted pay gap,,FALSE,TRUE,FALSE,PayAnalytics,Unadjusted pay gap,,Écart salarial non ajusté,,Unbereinigte Lohnlücke,,Brecha salarial no ajustada,,Divario retributivo non rettificato,,Óleiðrétt launabil,,Ojusterat lönegap,
Unadjusted pay gap after raises,,FALSE,TRUE,FALSE,PayAnalytics,Unadjusted pay gap after raises,,Écart salarial non ajusté après les augmentations,,Unbereinigte Lohnlücke nach Erhöhungen,,Brecha salarial sin ajustar tras los aumentos,,Divario retributivo non corretto dopo gli aumenti,,,,Ojusterad löneskillnad efter höjningar,
Unadjusted pay gap before raises,,FALSE,TRUE,FALSE,PayAnalytics,Unadjusted pay gap before raises,,Écart salarial non ajusté avant les augmentations,,Unbereinigte Lohnlückevor Erhöhungen,,Brecha salarial no ajustada antes de los aumentos,,Divario retributivo non corretto prima degli aumenti,,,,Ojusterad löneskillnad före höjningar,
Unadjusted pay gap by category,,FALSE,TRUE,FALSE,PayAnalytics,Unadjusted pay gap by category,,Écart salarial non ajusté par catégorie,,Unbereinigtes Lohngefälle nach Kategorie,,Brecha salarial no ajustada por categoría,,Differenza retributiva non rettificata per categoria,,Óleiðrétt launabil eftir flokkum,,Ojusterad löneskillnad per kategori,
Understanding & analyzing the compensation model,,FALSE,TRUE,FALSE,PayAnalytics,Understanding & analyzing the compensation model,,Comprendre et analyser le modèle de rémunération,,Das Vergütungsmodell verstehen und analysieren,,Comprender y analizar el modelo de compensación,,Comprensione e analisi del modello retributivo,,,,Förstå och analysera kompensationsmodellen,
Universal fair pay check report,,FALSE,TRUE,FALSE,PayAnalytics,Universal fair pay check report,,Rapport universal fair pay check,,Universal Fair Pay Check Bericht,,Informe universal fair pay check,,,,Universal fair pay check skýrsla,,Universell rapport om rättvisa löner,
Value point mapping,,FALSE,TRUE,FALSE,PayAnalytics,Value point mapping,,Correspondance des points de valeur,,Zuweisung von Wertpunkten,,Asignación de los puntos de valor,,Mappatura dei punti di valore,,Pörun starfaflokka og stiga,,Kartläggning av värdepunkter,
Value point range,,FALSE,TRUE,FALSE,PayAnalytics,Value point range,,Plage des points de valeur,,Wertepunktbereich,,Rango del punto de valor,,Intervallo di punti di valore,,Stigaspönn,,Värdepoängsintervall,
Value points for comparison group,,FALSE,TRUE,FALSE,PayAnalytics,Value points for comparison group,,Points de valeur pour le groupe de comparaison,,Wertepunkte für Vergleichsgruppe,,Puntos de valor para el grupo de comparación,,Punti di valore per il gruppo di confronto,,Stig fyrir samanburðarhóp,,Värdepoäng för jämförelsegrupp,
Value range,,FALSE,TRUE,FALSE,PayAnalytics,Value range,,Plage de valeurs,,Wertebereich,,Rango de valor,,Intervallo di valori,,Launaspönn,,Värdeintervall,
Value range comparison,,FALSE,TRUE,FALSE,PayAnalytics,Value range comparison,,Vue comparative des plages de valeurs,,Wertebereich-Vergleichs­ansicht,,Vista comparativa del rango de valor,,Visualizzazione di confronto dell'intervallo di valori,,Samanburður launaspanna,,Jämförelse av värdeintervall,
Value-based Comparison,,FALSE,TRUE,FALSE,PayAnalytics,Value-based Comparison,,Comparaison selon la valeur,,Wertebasierter Vergleich,,Comparación basada en el valor,,Confronto basato sul valore,,Virðismiðaður samanburður,,Värdebaserad jämförelse,
Weights,,FALSE,TRUE,FALSE,PayAnalytics,Weights,,Pondérations,,Gewichte,,Ponderaciones,,Pesi,,Vægi,,Vikter,
Weights (%),,FALSE,TRUE,FALSE,PayAnalytics,Weights (%),,Pondérations (%),,Gewichte (%),,Ponderaciones (%),,Pesi (%),,Vægi (%),,Vikter (%),
Workforce analytics,,FALSE,TRUE,FALSE,PayAnalytics,Workforce analytics,,Analyse des effectifs,,Analyse der Belegschaft,,Análisis de la fuerza laboral,,Analisi della forza lavoro,,,,Analyser av arbetskraft,
Workforce analytics configuration,,FALSE,TRUE,FALSE,PayAnalytics,Workforce analytics configuration,,Configuration de l'analyse du personnel,,Konfiguration für Gleichbehandlung am Arbeitsplatz,,Configuración del análisis del personal,,Configurazione dell'analisi del personale,,Stillingar jafnréttisvísa,,Inställningar för personalanalys,
Workforce composition,,FALSE,TRUE,FALSE,PayAnalytics,Workforce composition,,Composition des effectifs,,Zusammensetzung der Belegschaft,,Composición de la plantilla,,Composizione della forza lavoro,,Samsetning starfsfólks,,Personalstyrkans sammansättning,
Workforce mobility,,FALSE,TRUE,FALSE,PayAnalytics,Workforce mobility,,Mobilité des effectifs,,Mobilität der Belegschaft,,Movilidad de la plantilla,,Mobilità della forza lavoro,,Tilfærslur,,Förflyttningar av personalstyrkan.,
Workforce segmentation,,FALSE,TRUE,FALSE,PayAnalytics,Workforce segmentation,,Segmentation des effectifs,,Segmentierung der Belegschaft,,Segmentación de la plantilla,,Segmentazione della forza lavoro,,Skipting starfsfólks,,Segmentering av personalstyrkan,
Workforce segments,,FALSE,TRUE,FALSE,PayAnalytics,Workforce segments,,Segments des effectifs,,Segmente der Belegschaft,,Segmentos de la plantilla,,Segmenti della forza lavoro,,Skipting starfsfólks,,Segment för personalstyrka,