term,description,casesensitive,translatable,forbidden,tags,en-US,en-US_description,fr-FR,fr-FR_description,de-DE,de-DE_description,en-GB,en-GB_description,it-IT,it-IT_description,th-TH,th-TH_description,es-ES,es-ES_description,pt-PT,pt-PT_description,ja-JP,ja-JP_description,nl-NL,nl-NL_description,tr-TR,tr-TR_description,id-ID,id-ID_description
Feedback,,no,yes,no,,Feedback,,Feedback,,,,Feedback,,,,ฟีดแบค,,,,,,フィードバック,,,,Geri bildirimler,,Umpan balik,
Achievement,,no,yes,no,,Achievement,,Réussite,,Leistung,,Achievement,,Risultato,,ความสำเร็จ,,Logro,,Conquista,,実績,,Prestatie,,Başarı,,Pencapaian,
Achievement summary,,no,yes,no,,Achievement summary,,Résumé des réalisations,,Zusammenfassung der Leistungen,,Achievement summary,,Riepilogo dei risultati,,สรุปผลงาน,,Resumen de logros,,Resumo de conquistas,,達成概要,,Prestatie-overzicht,,Başarı özeti,,Ringkasan pencapaian,
Additional manager,,no,yes,no,,Additional manager,,Manager supplémentaire,,Zusätzliche Führungskraft,,Additional manager,,Manager aggiuntivo,,ผู้จัดการเพิ่มเติม,,Manager adicional,,Gestor adicional,,追加マネージャー,,Extra leidinggevende,,Ek yönetici,,Manajer tambahan,
Additional review,,no,yes,no,,Additional review,,Bilan supplémentaire,,Zusätzliche Beurteilung,,Additional review,,Revisione aggiuntiva,,การประเมินผลงานเพิ่มเติม,,Evaluación adicional,,Avaliação adicional,,追加レビュー,,Aanvullende beoordeling,,Ek değerlendirme,,Ulasan tambahan,
Alignment,,no,yes,no,,Alignment,,Alignement,,Ausrichtung,,Alignment,,Allineamento,,การปรับให้สอดคล้องกัน,,Alineado,,Alinhamento,,調整,,Afstemming,,Hizalama,,,
Analysis,,no,yes,no,,Analysis,,Analyse,,Analyse,,Analysis,,Analisi,,การวิเคราะห์,,Análisis,,Análise,,分析,,Analyse,,Analiz,,Analisis,
Analytics,,no,yes,no,,Analytics,,Analyses,,Analysen,,Analytics,,Analisi,,การวิเคราะห์,,,,Análises,,分析,,,,,,Analitik,
Anonymization,,no,yes,no,,Anonymization,,Anonymisation,,Anonymisierung,,Anonymisation,,Anonimizzazione,,การไม่ระบุตัวตน,,Anonimización,,Anonimização,,匿名化,,Anonimisering,,Anonimleştirme,,Anonimisasi,
Assign,,no,yes,no,,Assign,,Assigner,,Zuweisen,,Assign,,Assegna,,กำหนด,,Asignar,,Atribuir,,割り当て,,Toewijzen,,Ata,,Tugaskan,
Audit trail,,no,yes,no,,Audit trail,,Journal d'audit,,Prüfprotokoll,,Audit trail,,,,เส้นทางการตรวจสอบ,,Registro de auditoría,,Registo de auditoria,,監査証跡,,Controlelogboek,,Denetim izi,,Jejak audit,
Average score,,no,yes,no,,Average score,,Score moyen,,Durchschnittliche Bewertung,,Average score,,Punteggio medio,,คะแนนเฉลี่ย,,Puntuación media,,Pontuação média,,平均スコア,,Gemiddelde score,,Ortalama puan,,Skor rata-rata,
Average total score,,no,yes,no,,Average total score,,Score total moyen,,Durchschnittliche Gesamtpunktzahl,,Average total score,,Punteggio totale medio,,คะแนนรวมเฉลี่ย,,Puntuación total media,,Pontuação total média,,平均合計スコア,,Gemiddelde totaalscore,,Ortalama toplam puan,,Rata-rata skor total,
Behavior,,no,yes,no,,Behavior,,Comportement,,Verhalten,,Behaviour,,Comportamento,,พฤติกรรม,,Comportamiento,,Comportamento,,行動,,Gedrag,,Davranış,,Perilaku,
Behavior library,,no,yes,no,,Behavior library,,Bibliothèque de comportements,,Verhaltensbibliothek,,Behaviour library,,Libreria comportamenti,,คลังพฤติกรรม,,Biblioteca de comportamientos,,Biblioteca de comportamentos,,行動ライブラリ,,Gedragsbibliotheek,,Davranış kitaplığı,,Pustaka perilaku,
Behavior profile,,no,yes,no,,Behavior profile,,Profil comportemental,,Verhaltensprofil,,Behaviour profile,,Profilo comportamentale,,โปรไฟล์พฤติกรรม,,Perfil de comportamiento,,Perfil de comportamento,,行動プロファイル,,Gedragsprofiel,,Davranış profili,,Profil perilaku,
Behavior wheel,,no,yes,no,,Behavior wheel,,Roue des comportements,,Verhaltensdiagramm,,Behaviour wheel,,Ruota comportamentale,,วงล้อพฤติกรรม,,Rueda de comportamiento,,Roda de comportamento,,行動ホイール,,Gedragswiel,,Davranış çarkı,,Diagram perilaku,
Benchmarking,,no,yes,no,,Benchmarking,,Analyse comparative,,,,Benchmarking,,,,การเปรียบเทียบมาตรฐาน,,Comparación,,Avaliação comparativa,,ベンチマーキング,,,,Kıyaslama,,Pembandingan,
Bonus Plans,,no,yes,no,,Bonus Plans,,Plans de bonus,,Bonuspläne,,Bonus Plans,,Piani bonus,,แผนโบนัส,,Planes de bonificación,,Planos de bónus,,ボーナス計画,,Bonusplannen,,Bonus Planları,,Rencana Bonus,
Bonus amount,,no,yes,no,,Bonus amount,,Montant de la prime,,Bonusbetrag,,Bonus amount,,Importo del bonus,,จำนวนโบนัส,,Importe de la bonificación,,Montante do bónus,,ボーナス額,,Bonusbedrag,,Bonus tutarı,,Jumlah bonus,
Bonus plan,,no,yes,no,,Bonus plan,,Plan de bonus,,Bonusplan,,Bonus plan,,Piano bonus,,แผนโบนัส,,Plan de bonificación,,Plano de bónus,,ボーナスプラン,,Bonusplan,,Prim planı,,Rencana bonus,
Boolean,,no,yes,no,,Boolean,,Booléen,,Boolesch,,Boolean,,Booleano,,บูลีน,,Booleano,,Booleano,,ブール,,Booleaans,,,,,
Budget rule,,no,yes,no,,Budget rule,,Règle budgétaire,,Haushaltsregel,,Budget rule,,Regola di budget,,กฎงบประมาณ,,Regla presupuestaria,,Regra de orçamento,,予算ルール,,Budgetregel,,Bütçe kuralı,,Aturan anggaran,
Calculated bonus,,no,yes,no,,Calculated bonus,,Prime calculée,,Berechneter Bonus,,Calculated bonus,,Bonus calcolato,,โบนัสที่คำนวณแล้ว,,Bono calculado,,Bónus calculado,,計算されたボーナス,,Berekende bonus,,Hesaplanan bonus,,Bonus yang dihitung,
Calculated column,,no,yes,no,,Calculated column,,Colonne calculée,,Berechnete Spalte,,Calculated column,,Colonna calcolata,,คอลัมน์ที่คำนวณแล้ว,,Columna calculada,,Coluna calculada,,計算列,,Berekende kolom,,Hesaplanan sütun,,Kolom terhitung,
Calibration,,no,yes,no,,Calibration,,Calibrage,,Kalibrierung,,Calibration,,Calibrazione,,การสอบเทียบ,,Calibración,,Calibração,,キャリブレーション,,Kalibratie,,Kalibrasyon,,Kalibrasi,
Cancel,,no,yes,no,,Cancel,,Annuler,,Abbrechen,,Cancel,,Annulla,,ยกเลิก,,Cancelar,,Cancelar,,キャンセル,,Annuleren,,İptal,,Batal,
Career development,,no,yes,no,,Career development,,Développement de carrière,,Langfristige Entwicklungsplanung,,Career development,,Sviluppo professionale,,แผนพัฒนาความก้าวหน้าในสายอาชีพ,,Desarrollo profesional,,Desenvolvimento de carreira,,キャリア開発,,Loopbaanontwikkeling,,Kariyer gelişimi,,Pengembangan karier,
Career development plan,,no,yes,no,,Career development plan,,Plan de développement de carrière,,Karriereentwicklungsplan,,Career development plan,,Piano di sviluppo della carriera,,แผนพัฒนาสายอาชีพ,,Plan de desarrollo profesional,,Plano de desenvolvimento de carreira,,キャリア開発計画,,Loopbaanontwikkelingsplan,,Kariyer gelişim planı,,Rencana pengembangan karier,
Challenge process,,no,yes,no,,Challenge process,,Processus de contestation,,Anfechtungsprozess,,Challenge process,,Processo di contestazione,,กระบวนการคัดค้าน,,Proceso de impugnación,,Processo de contestação,,異議申し立てプロセス,,Uitdagingsproces,,İtiraz süreci,,Proses sanggahan,
Check-in Details,,no,yes,no,,Check-in Details,,Détails du check-in,,Check-in-Details,,Check-in Details,,Dettagli check-in,,รายละเอียดการเช็กอิน,,Detalles del check-in,,Detalhes do Check-in,,チェックインの詳細,,Details check-in,,Check-in Görüşmesi Ayrıntıları,,Rincian Check-in,
Check-in Status,,no,yes,no,,Check-in Status,,Statut des check-ins,,Check-in-Status,,Check-in Status,,Stato check-in,,สถานะการเช็กอิน,,Estado del check-in,,Estado do Check-in,,チェックインのステータス,,Status check-in,,Check-in Görüşmesi Durumu,,Status Check-in,
Check-in date,,no,yes,no,,Check-in date,,Date du check-in,,Check-in-Datum,,Check-in date,,Data del check-in,,วันที่เช็คอิน,,Fecha de consulta,,Data do check-in,,チェックイン日,,Check-in-datum,,Check-in görüşmesi tarihi,,Tanggal check-in,
Clear,,no,yes,no,,Clear,,Effacer,,Löschen,,Clear,,Cancella,,ล้าง,,Borrar,,Limpar,,クリア,,Duidelijk,,Temizle,,Hapus,
Clear all,,no,yes,no,,Clear all,,Effacer tout,,Alles löschen,,Clear all,,Cancella tutto,,ล้างทั้งหมด,,Borrar todo,,Limpar tudo,,すべてクリア,,Alles wissen,,Tümünü temizle,,Hapus semua,
Comm manager,,no,yes,no,,Comm manager,,Manager de communication,,Kommunikationsmanager:in,,Comm manager,,Responsabile comunicazione,,ผู้จัดการฝ่ายสื่อสาร,,Responsable de comunicación,,Gestor de comunicações,,コミュニケーションマネージャー,,Communicatiemanager,,İletişim yöneticisi,,Manajer komunikasi,
Comm round,,no,yes,no,,Comm round,,Cycle de communication,,Vergütungsrunde,,Comm round,,Turno di comm,,รอบการสื่อสาร,,Ronda de comunicación,,Ronda de comunicação,,コミュニケーションラウンド,,Communicatieronde,,İletişim turu,,Putaran komunikasi,
Communication manager,,no,yes,no,,Communication manager,,Responsable de la communication,,Kommunikationsmanager,,Communication manager,,Manager della comunicazione,,หัวหน้างานฝ่ายการสื่อสาร,,Responsable de comunicación,,Gestor de comunicação,,通信マネージャ,,Communicatiemanager,,İletişim yöneticisi,,Manajer komunikasi,
Communication round,,no,yes,no,,Communication round,,Cycle de communication,,Kommunikationsrunde,,Communication round,,Turno di comunicazione,,รอบการสื่อสาร,,Ronda de comunicación,,Ronda de comunicação,,コミュニケーションラウンド,,Communicatieronde,,İletişim turu,,Putaran komunikasi,
Comp element,,no,yes,no,,Comp element,,Élément de rémunération,,Vergütungselement,,Comp element,,Elemento retribuzione,,องค์ประกอบผลตอบแทน,,Elemento de compensación,,Elemento de compensação,,報酬要素,,Comp-element,,Ücretlendirme öğesi,,Elemen kompensasi,
Comp manager,,no,yes,no,,Comp manager,,Manager comp,,Vergütungsmanager,,Comp manager,,,,ผู้จัดการค่าตอบแทน,,Manager de compensación,,Gestor de compensações,,コンプマネージャー,,Comp-manager,,Komp yöneticisi,,Manajer kompensasi,
Comp round,,no,yes,no,,Comp round,,Cycle de rémunération,,Vergütungsrunde,,Comp round,,Ciclo di retribuzione,,รอบการจ่ายผลตอบแทน,,Ronda de compensación,,Ronda de compensação,,報酬ラウンド,,Compensatieronde,,Ücretlendirme dönemi,,Siklus kompensasi,
Comp round currency,,no,yes,no,,Comp round currency,,Devise du cycle de rémunération,,Währung der Vergütungsrunde,,Comp round currency,,Valuta di arrotondamento della retribuzione,,สกุลเงินสำหรับรอบการชดเชย,,Moneda de la ronda de compensación,,Moeda de ronda de comp,,報酬ラウンド通貨,,Comp ronde valuta,,Karşılaştırma turu para birimi,,Mata uang pembulatan kompensasi,
Comp tree,,no,yes,no,,Comp tree,,Arbre de rémunération,,Vergütungsplaner,,Comp tree,,Struttura ad albero retribuzione,,แผนภูมิผลตอบแทน,,Árbol de compensación,,Árvore de compensação,,報酬ツリー,,Compensatieboom,,Ücretlendirme ağacı,,Hierarki kompensasi,
Compensation Management,,no,yes,no,,Compensation Management,,Gestion de la rémunération,,Vergütungsmanagement,,Compensation Management,,Gestione della retribuzione,,การจัดการค่าตอบแทน,,Gestión de compensaciones,,Gestão de Remuneração,,報酬管理,,Compensatiemanagement,,Ücret Yönetimi,,Manajemen Kompensasi,
Compensation element,,no,yes,no,,Compensation element,,Elément de rémunération,,Vergütungselement,,Compensation element,,Elemento della retribuzione,,องค์ประกอบผลตอบแทน,,Elemento de compensación,,Elemento de compensação,,報酬要素,,Compensatie-element,,Ücretlendirme öğesi,,Elemen kompensasi,
Compensation framework,,no,yes,no,,Compensation framework,,Système de rémunération,,Vergütungsrahmen,,Compensation framework,,Quadro retributivo,,กรอบงานผลตอบแทน,,Marco de compensación,,Estrutura de compensação,,報酬フレームワーク,,Compensatiekader,,Ücretlendirme çerçevesi,,Kerangka kompensasi,
Compensation history,,no,yes,no,,Compensation history,,Historique de rémunération,,Vergütungsverlauf,,Compensation history,,Cronologia retributiva,,ประวัติการจ่ายผลตอบแทน,,Historial de compensación,,Histórico de compensação,,報酬履歴,,Compensatiegeschiedenis,,Ücretlendirme geçmişi,,Riwayat kompensasi,
Compensation manager,,no,yes,no,,Compensation manager,,Manager de rémunération,,Vergütungsmanager,,Compensation manager,,Manager della retribuzione,,หัวหน้างานฝ่ายผลตอบแทน,,Gerente de compensación,,Gestor de compensação,,報酬マネージャ,,Compensatiebeheerder,,Ücretlendirme yöneticisi,,Manajer kompensasi,
Compensation philosophy,,no,yes,no,,Compensation philosophy,,Philosophie de rémunération,,Vergütungsphilosophie,,Compensation philosophy,,Filosofia della retribuzione,,ปรัชญาการให้ค่าตอบแทน,,Filosofía de compensación,,Filosofia de compensação,,報酬方針,,Beloningsfilosofie,,Ücretlendirme felsefesi,,Filosofi kompensasi,
Compensation rounds,,no,yes,no,,Compensation rounds,,Cycles de compensation,,Vergütungsrunden,,Compensation rounds,,Cicli di compensazione,,รอบการชดเชย,,Rondas de compensación,,Rondas de compensação,,補償ラウンド,,Compensatierondes,,Tazminat turları,,Putaran kompensasi,
Competency scale,,no,yes,no,,Competency scale,,Échelle d'aptitudes,,Kompetenzskala,,Competency scale,,Scala delle competenze,,ระดับความสามารถ,,Escala de competencias,,Escala de competências,,能力尺度,,Competentieschaal,,Yetkinlik ölçeği,,Skala kompetensi,
Constructive,,no,yes,no,,Constructive,,Constructif,,Konstruktiv,,Constructive,,Costruttivo,,สร้างสรรค์,,Constructivo,,Construtivo,,建設的,,Constructief,,Yapıcı,,Konstruktif,
Cost center,,no,yes,no,,Cost center,,Centre de coûts,,Kostenstelle,,Cost centre,,Centro di costo,,ศูนย์ต้นทุน,,Centro de costes,,Centro de custos,,コストセンター,,Kostenplaats,,Maliyet merkezi,,Pusat biaya,
Criteria,,no,yes,no,,Criteria,,Critères,,Kriterien,,Criteria,,Criteri,,เกณฑ์,,Criterios,,Critérios,,基準,,,,Kriterler,,Kriteria,
Criteria blocks,,no,yes,no,,Criteria blocks,,Blocs de critères,,Kriterienblöcke,,Criteria blocks,,Blocchi di criteri,,บล็อกเกณฑ์,,Bloques de criterios,,Blocos de critérios,,基準ブロック,,Criteriablokken,,Kriter blokları,,Blok kriteria,
Criterion,,no,yes,no,,Criterion,,Critère,,Kriterium,,Criterion,,Criterio,,เกณฑ์,,Criterio,,Critério,,基準,,Criterium,,Kriter,,Kriteria,
Currency,,no,yes,no,,Currency,,Devise,,Währung,,Currency,,Valuta,,สกุลเงิน,,Moneda,,Moeda,,通貨,,Valuta,,Para Birimi,,Mata uang,
Custom column,,no,yes,no,,Custom column,,Colonne personnalisée,,Benutzerdefinierte Spalte,,Custom column,,Colonna personalizzata,,คอลัมน์ที่กำหนดเอง,,Columna personalizada,,Coluna personalizada,,カスタム列,,Aangepaste kolom,,Özel sütun,,Kolom kustom,
Custom criteria,,no,yes,no,,Custom criteria,,Critères personnalisés,,Benutzerdefinierte Kriterien,,Custom criteria,,Criteri personalizzati,,เกณฑ์ที่กำหนดเอง,,Criterios personalizados,,Critérios personalizados,,カスタム条件,,Aangepaste criteria,,Özel kriterler,,Kriteria kustom,
Custom entities,,no,yes,no,,Custom entities,,Entités personnalisées,,Benutzerdefinierte Entitäten,,Custom entities,,Entità personalizzate,,เอนทิตีแบบกำหนดเอง,,Entidades personalizadas,,Entidades personalizadas,,カスタムエンティティ,,Aangepaste entiteiten,,Özel varlıklar,,Entitas kustom,
Custom fields,,no,yes,no,,Custom fields,,Champs personnalisés,,Benutzerdefinierte Felder,,Custom fields,,Campi personalizzati,,ฟิลด์ที่กำหนดเอง,,Campos personalizados,,Campos personalizados,,カスタムフィールド,,Aangepaste velden,,Özel alanlar,,Bidang khusus,
Custom section,,no,yes,no,,Custom section,,Section personnalisée,,Benutzerdefinierter Abschnitt,,Custom section,,Sezione personalizzata,,ส่วนที่กำหนดเอง,,Sección personalizada,,Secção personalizada,,カスタムセクション,,Aangepast gedeelte,,Özel bölüm,,Bagian khusus,
Custom widget,,no,yes,no,,Custom widget,,Widget personnalisé,,Benutzerdefiniertes Widget,,Custom widget,,Widget personalizzato,,วิดเจ็ตกำหนดเอง,,Widget personalizado,,Widget personalizado,,カスタムウィジェット,,Aangepaste widget,,Özel pencere öğesi,,Widget khusus,
Data Modeler,,no,yes,no,,Data Modeler,,Modélisateur de données,,,,Data Modeller,,Strumento di modellazione dei dati,,ผู้สร้างแบบจำลองข้อมูล,,,,,,,,,,Veri Modelleyici,,,
Data Retention,,no,yes,no,,Data Retention,,Conservation des données,,Datenaufbewahrung,,Data Retention,,Conservazione dei dati,,การเก็บรักษาข้อมูล,,Retención de datos,,Retenção de dados,,データ保持,,Dataretentie,,Veri Saklama,,Retensi Data,
Data Upload,,no,yes,no,,Data Upload,,Importation de données,,Daten-Upload,,Data Upload,,Caricamento dati,,อัปโหลดข้อมูล,,Carga de datos,,Carregamento de Dados,,データのアップロード,,Gegevens uploaden,,Veri Yükleme,,Unggah Data,
Data entities & sources,,no,yes,no,,Data entities & sources,,Entités & sources de données,,Datenentitäten & Quellen,,Data entities & sources,,Entità e fonti di dati,,เอนทิตีข้อมูลและแหล่งข้อมูล,,Entidades y fuentes de datos,,Entidades e fontes de dados,,データエンティティとソース,,Gegevensentiteiten & bronnen,,Veri varlıkları ve kaynakları,,Entitas & sumber data,
Data foundation,,no,yes,no,,Data foundation,,Fondation de données,,Datenbasis,,Data foundation,,Fondazione dei dati,,มูลนิธิข้อมูล,,Base de datos,,Fundação de dados,,,,Gegevensbasis,,Veri temeli,,Data dasar,
Data management,,no,yes,no,,Data management,,Gestion des données,,Datenverwaltung,,Data management,,Gestione dei dati,,การจัดการข้อมูล,,Gestión de datos,,Gestão de dados,,データ管理,,Gegevensbeheer,,Veri yönetimi,,Manajemen data,
Data model,,no,yes,no,,Data model,,Modèle de données,,Datenmodell,,Data model,,Modello di dati,,โมเดลข้อมูล,,Modelo de datos,,Modelo de dados,,データモデル,,Datamodel,,Veri modeli,,Model data,
Data privacy,,no,yes,no,,Data privacy,,Confidentialité des données,,Datenschutz,,Data privacy,,Privacy dei dati,,ความเป็นส่วนตัวของข้อมูล,,Privacidad de los datos,,Privacidade de dados,,データプライバシー,,Gegevensprivacy,,Veri gizliliği,,Privasi data,
Data privacy statement,,no,yes,no,,Data privacy statement,,Déclaration de confidentialité des données,,Datenschutzerklärung,,Data privacy statement,,Informativa sulla privacy dei dati,,คำชี้แจงความเป็นส่วนตัวของข้อมูล,,Declaración de privacidad de datos,,Declaração de privacidade de dados,,データプライバシー声明,,Verklaring gegevensbescherming,,Veri gizliliği bildirimi,,Pernyataan privasi data,
Data retention period,,no,yes,no,,Data retention period,,Période de conservation des données,,Dauer der Datenaufbewahrung,,Data retention period,,Periodo di conservazione dei dati,,ระยะเวลาเก็บรักษาข้อมูล,,Período de retención de datos,,Período de retenção de dados,,データ保持期間,,Dataretentieperiode,,Veri saklama süresi,,Periode retensi data,
Data scope,,no,yes,no,,Data scope,,Portée des données,,Datenumfang,,Data scope,,Ambito dei dati,,ขอบเขตข้อมูล,,Alcance de los datos,,Âmbito de dados,,データ範囲,,Gegevensbereik,,Veri kapsamı,,Cakupan data,
Data source,,no,yes,no,,Data source,,Source de données,,Datenquelle,,Data source,,Origine dati,,แหล่งข้อมูล,,Fuente de datos,,Fonte de dados,,データソース,,Gegevensbron,,Veri kaynağı,,Sumber data,
Dataset,,no,yes,no,,Dataset,,Jeu de données,,Datensatz,,Dataset,,,,ชุดข้อมูล,,Conjunto de datos,,Conjunto de dados,,データセット,,,,Veri Kümesi,,,
Decimal precision,,no,yes,no,,Decimal precision,,Précision décimale,,Dezimalgenauigkeit,,Decimal precision,,Precisione decimale,,ความแม่นยำทศนิยม,,Precisión decimal,,Precisão decimal,,小数精度,,Decimale precisie,,Ondalık hassasiyeti,,Presisi desimal,
Default value,,no,yes,no,,Default value,,Valeur par défaut,,Standardwert,,Default value,,Valore predefinito,,ค่าเริ่มต้น,,Valor predeterminado,,Valor padrão,,デフォルト値,,Standaardwaarde,,Varsayılan değer,,Nilai default,
Delete,,no,yes,no,,Delete,,Supprimer,,Löschen,,Delete,,Elimina,,ลบ,,Eliminar,,Eliminar,,削除,,Verwijderen,,Sil,,Hapus,
Deliverable,,no,yes,no,,Deliverable,,Livrable,,Arbeitsergebnis,,Deliverable,,Risultato,,สิ่งที่ส่งมอบ,,Entregable,,Entregável,,成果,,Opleverbaar,,Teslim edilecek öğe,,Hasil kerja,
Digital reward statement,,no,yes,no,,Digital reward statement,,Relevé de rémunération numérique,,Digitale Prämienabrechnung,,Digital reward statement,,Rendiconto dei premi digitali,,ใบแจ้งยอดรางวัลดิจิทัล,,Extracto de recompensa digital,,Extrato de recompensas digitais,,デジタル報酬明細書,,Digitaal beloningsoverzicht,,Dijital ödül bildirimi,,Pernyataan hadiah digital,
Direct report,,no,yes,no,,Direct report,,Subordonné direct,,Direkt unterstellte:r Mitarbeiter:in,,Direct report,,Subordinato diretto,,ผู้ใต้บังคับบัญชา,,Subordinado directo,,Subordinado direto,,直属の部下,,Directe rapportage,,Doğrudan bağlı çalışan,,Bawahan langsung,
Discussion point,,no,yes,no,,Discussion point,,Point de discussion,,Diskussionspunkt,,Discussion point,,Punto di discussione,,ประเด็นการสนทนา,,Punto de discusión,,Ponto de discussão,,ディスカッションポイント,,Discussiepunt,,Tartışma konusu,,Poin diskusi,
Display name,,no,yes,no,,Display name,,Nom affiché,,Anzeigename,,Display name,,Nome visualizzato,,ชื่อที่แสดง,,Nombre que se muestra,,Nome de exibição,,表示名,,Weergavenaam,,Görüntülenen ad,,Nama tampilan,
Distribution guidelines,,no,yes,no,,Distribution guidelines,,Recommandations de distribution,,Verteilungsrichtlinien,,Distribution guidelines,,Linee guida per la distribuzione,,แนวทางการกระจาย,,Directrices de distribución,,Diretrizes de distribuição,,分配ガイドライン,,Distributierichtlijnen,,Dağıtım yönergeleri,,Panduan distribusi,
Effective date,,no,yes,no,,Effective date,,Date d'entrée en vigueur,,Gültigkeitsdatum,,Effective date,,Data di decorrenza,,วันที่มีผลบังคับใช้,,Fecha de entrada en vigor,,Data de entrada em vigor,,発効日,,Ingangsdatum,,Yürürlük tarihi,,Tanggal berlaku,
Eligibility,,no,yes,no,,Eligibility,,Eligibilité,,Berechtigung,,Eligibility,,Idoneità,,คุณสมบัติ,,Elegibilidad,,Elegibilidade,,適格性,,Geschiktheid,,Uygunluk,,Kelayakan,
Eligible workers,,no,yes,no,,Eligible workers,,Employé(e)s éligibles,,Anspruchsberechtigte Mitarbeiter:innen,,Eligible workers,,Collaboratori idonei,,พนักงานที่มีคุณสมบัติเหมาะสม,,Trabajadores elegibles,,Trabalhadores elegíveis,,適格な従業員,,In aanmerking komende werknemers,,Uygun çalışanlar,,Pekerja yang memenuhi syarat,
Employment,,no,yes,no,,Employment,,Emploi,,Anstellung,,Employment,,Occupazione,,การจ้างงาน,,Empleo,,Emprego,,雇用,,Werkgelegenheid,,İstihdam,,Ketenagakerjaan,
Entities & fields,,no,yes,no,,Entities & fields,,Entités & champs,,Entitäten & Felder,,Entities & fields,,Entità e campi,,เอนทิตีและฟิลด์,,Entidades y campos,,Entidades e campos,,エンティティとフィールド,,Entiteiten en velden,,Varlıklar ve alanlar,,Entitas & bidang,
Entity,,no,yes,no,,Entity,,Entité,,Entität,,Entity,,Entità,,เอนทิตี,,Entidad,,Entidade,,エンティティ,,Entiteit,,Varlık,,Entitas,
Enum,,no,yes,no,,Enum,,Énumération,,,,Enum,,,,เอนัม,,Enumeración,,,,列挙型,,,,Sıralı Liste,,,
Equity,,no,yes,no,,Equity,,Actions,,Aktienkapital,,Equity,,Titoli azionari,,ทุน,,Acciones,,Capital próprio,,株式,,Gelijkheid,,Hisse Senedi,,Ekuitas,
Exchange rate,,no,yes,no,,Exchange rate,,Taux de change,,Wechselkurs,,Exchange rate,,Tasso di cambio,,อัตราแลกเปลี่ยน,,Tipo de cambio,,Taxa de câmbio,,為替レート,,Wisselkoers,,Döviz kuru,,Kurs,
Exchange rate type,,no,yes,no,,Exchange rate type,,Type de taux de change,,Wechselkursart,,Exchange rate type,,Tipo di tasso di cambio,,ประเภทอัตราแลกเปลี่ยน,,Tipo de cambio,,Tipo de taxa de câmbio,,為替レートの種類,,Wisselkoerstype,,Döviz kuru türü,,Jenis kurs,
Experience,,no,yes,no,,Experience,,Expérience,,Erfahrung,,Experience,,Esperienza,,ประสบการณ์,,Experiencia,,Experiência,,経験,,Ervaring,,Deneyim,,Pengalaman,
Export,,no,yes,no,,Export,,Exportation,,,,Export,,Esporta,,ส่งออก,,Exportar,,Exportar,,エクスポート,,Exporteren,,Dışa Aktar,,Ekspor,
Expression formula,,no,yes,no,,Expression formula,,Formule d'expression,,Ausdrucksformel,,Expression formula,,Formula dell'espressione,,สูตรนิพจน์,,Fórmula de expresión,,Fórmula de expressão,,式,,Expressieformule,,İfade formülü,,Rumus ekspresi,
Favorite feedback,,no,yes,no,,Favorite feedback,,Feedback,,Lieblingsfeedback,,Favourite feedback,,Feedback preferiti,,ข้อเสนอแนะที่ชื่นชอบ,,Feedback favorito,,Feedback favorito,,お気に入りのフィードバック,,Favoriete feedback,,Favori geri bildirimler,,Umpan balik favorit,
Favorites,,no,yes,no,,Favorites,,Favoris,,Favoriten,,Favourites,,Favoriti,,,,Favoritos,,Favoritos,,お気に入り,,Favorieten,,Favoriler,,,
Feature,,no,yes,no,,Feature,,Fonctionnalité,,Merkmal,,Feature,,Funzionalità,,คุณสมบัติ,,Funcionalidad,,Funcionalidade,,機能,,Functie,,Özellik,,Fitur,
Feature Enablement,,no,yes,no,,Feature Enablement,,Activation de fonctions,,Funktionsaktivierung,,Feature Enablement,,Abilitazione delle funzionalità,,การเปิดใช้งานคุณสมบัติ,,Activación de funciones,,Ativação de funcionalidades,,機能の有効化,,Functie-inschakeling,,Özellik Etkinleştirme,,Pengaktifan Fitur,
Feedback insights,,no,yes,no,,Feedback insights,,Feedbacks,,Feedback-Einblicke,,Feedback insights,,Insight sui feedback,,ข้อมูลเชิงลึกจากฟีดแบค,,Información de feedback,,Perceções de feedback,,フィードバックの洞察,,Feedbackinzichten,,Geri bildirimlere ilişkin içgörüler,,Wawasan umpan balik,
Feedback note,,no,yes,no,,Feedback note,,Note de feedback,,Feedback-Notiz,,Feedback note,,Nota di feedback,,หมายเหตุฟีดแบค,,Nota de comentarios,,Nota de feedback,,フィードバックメモ,,Feedbacknotitie,,Geri bildirimlere ilişkin not,,Catatan umpan balik,
Feedback rating,,no,yes,no,,Feedback rating,,Notation de feedback,,Feedback-Bewertung,,Feedback rating,,Valutazione del feedback,,คะแนนข้อเสนอแนะ,,Valoración de comentarios,,Classificação de feedback,,フィードバック評価,,Feedbackbeoordeling,,Geri bildirimlerin puanı,,Penilaian umpan balik,
Feedback received,,no,yes,no,,Feedback received,,Feedback reçu,,Erhaltenes Feedback,,Feedback received,,Feedback ricevuti,,ฟีดแบคที่ได้รับ,,Comentarios recibidos,,Feedback recebido,,受信したフィードバック,,Feedback ontvangen,,Geri bildirimler alındı,,Umpan balik diterima,
Feedback request,,no,yes,no,,Feedback request,,Demande de feedback,,Feedback-Anfrage,,Feedback request,,Richiesta di feedback,,คำขอฟีดแบค,,Solicitud de comentarios,,Pedido de feedback,,フィードバックリクエスト,,Feedbackverzoek,,Geri bildirimlere ilişkin talep,,Permintaan umpan balik,
Feedback requested,,no,yes,no,,Feedback requested,,Feedback demandé,,Feedback angefordert,,Feedback requested,,Feedback richiesto,,ฟีดแบคที่ขอ,,Se ha solicitado retroalimentación,,Feedback solicitado,,フィードバックがリクエストされました,,Feedback gevraagd,,Geri bildirimler talep edildi,,Umpan balik diminta,
Field,,no,yes,no,,Field,,Champ,,Feld,,Field,,Campo,,ฟิลด์,,Campo,,Campo,,フィールド,,Veld,,Alan,,Bidang,
Final validation,,no,yes,no,,Final validation,,Validation finale,,Endgültige Validierung,,Final validation,,Convalida finale,,การตรวจสอบความถูกต้องขั้นสุดท้าย,,Validación final,,Validação final,,最終検証,,Definitieve validatie,,Son doğrulama,,Validasi akhir,
For managers,,no,yes,no,,For managers,,Pour les managers,,Für Führungskräfte,,For managers,,Per i manager,,สำหรับหัวหน้างาน,,Para responsables,,Para gestores,,マネージャ向け,,Voor managers,,Yöneticiler için,,Untuk manajer,
For workers,,no,yes,no,,For workers,,Pour les employé(e)s,,Für Mitarbeiter:innen,,For workers,,Per i collaboratori,,สำหรับพนักงาน,,Para trabajadores,,Para trabalhadores,,従業員向け,,Voor werknemers,,Çalışanlar için,,Untuk pekerja,
Forms,,no,yes,no,,Forms,,Formulaires,,Formulare,,Forms,,Moduli,,,,Formularios,,Formulários,,フォーム,,Formulieren,,Formlar,,Formulir,
Formula,,no,yes,no,,Formula,,Formule,,Formel,,Formula,,,,สูตร,,Fórmula,,Fórmula,,数式,,Formule,,Formül,,Rumus,
Gender,,no,yes,no,,Gender,,Sexe,,Geschlecht,,Gender,,Genere,,,,Género,,Género,,性別,,Geslacht,,Cinsiyet,,,
Global currency,,no,yes,no,,Global currency,,Devise globale,,Weltwährung,,Global currency,,Valuta globale,,สกุลเงินสากล,,Moneda global,,Moeda global,,グローバル通貨,,Wereldwijde valuta,,Küresel para birimi,,Mata uang global,
Global worker category,,no,yes,no,,Global worker category,,Catégorie d'employé(e) globale,,Globale Mitarbeiter:innenkategorie,,Global worker category,,Categoria globale dei Collaboratori,,หมวดหมู่พนักงานระดับโลก,,Categoría global de colaborador/a,,Categoria de trabalhador global,,グローバル社員カテゴリー,,Wereldwijde werkerscategorie,,Global çalışan kategorisi,,Kategori pekerja global,
Goal,,no,yes,no,,Goal,,Objectif,,Ziel,,Goal,,Obiettivo,,เป้าหมาย,,Objetivo,,Objetivo,,目標,,Doel,,Hedef,,Tujuan,
Goal ID,,no,yes,no,,Goal ID,,ID de l'objectif,,Ziel-ID,,Goal ID,,ID obiettivo,,รหัสเป้าหมาย,,ID del objetivo,,ID do objetivo,,目標ID,,Doel-ID,,Hedef kimliği,,ID sasaran,
Goal Tag Libraries,,no,yes,no,,Goal Tag Libraries,,Bibliothèques d'étiquettes d'objectifs,,Ziel-Tag-Bibliotheken,,Goal Tag Libraries,,Librerie dei tag degli obiettivi,,ไลบรารีแท็กเป้าหมาย,,Bibliotecas de etiquetas de objetivos,,Bibliotecas de etiquetas de objetivos,,目標タグライブラリ,,Doelbibliotheken,,Hedef Etiket Kitaplıkları,,Katalog Tag Tujuan,
Goal achievement,,no,yes,no,,Goal achievement,,Réalisation des objectifs,,Zielerreichung,,Goal achievement,,Conseguimento obiettivo,,การบรรลุเป้าหมาย,,Logro de objetivo,,Realização de objetivos,,目標達成率,,Doelbereiking,,Hedef başarısı,,Pencapaian tujuan,
Goal alignment,,no,yes,no,,Goal alignment,,Alignement de l'objectif,,Zielausrichtung,,Goal alignment,,Allineamento degli obiettivi,,การจัดตำแหน่งเป้าหมาย,,Alineación de objetivos,,Alinhamento de objetivos,,目標のすり合わせ,,Afstemming van doelen,,Hedef uyumu,,Penyelarasan tujuan,
Goal creator,,no,yes,no,,Goal creator,,Créateur de l'objectif,,Zielersteller:in,,Goal creator,,Creatore dell'obiettivo,,ผู้สร้างเป้าหมาย,,Creador del objetivo,,Criador de objetivos,,目標作成者,,Doelmaker,,Hedef oluşturucu,,Pembuat tujuan,
Goal details,,no,yes,no,,Goal details,,Détails de l'objectif,,Details,,Goal details,,Dettagli dell'obiettivo,,รายละเอียดเป้าหมาย,,Detalles del objetivo,,Detalhes do objetivo,,目標の詳細,,Doeldetails,,Hedef ayrıntıları,,Detail tujuan,
Goal name,,no,yes,no,,Goal name,,Nom de l'objectif,,Zielname,,Goal name,,Nome obiettivo,,ชื่อเป้าหมาย,,Nombre del objetivo,,Nome do objetivo,,目標名,,Doelnaam,,Hedef adı,,Nama tujuan,
Goal overview,,no,yes,no,,Goal overview,,Aperçu de l'objectif,,Zielübersicht,,Goal overview,,Panoramica degli obiettivi,,ภาพรวมเป้าหมาย,,Resumen de objetivo,,Visão geral do objetivo,,目標の概要,,Doelenoverzicht,,Hedefe genel bakış,,Gambaran umum tujuan,
Goal owner,,no,yes,no,,Goal owner,,Titulaire de l'objectif,,Ziel-Eigentümer:in,,Goal owner,,Proprietario dell'obiettivo,,เจ้าของเป้าหมาย,,Portería del objetivo,,Proprietário do objetivo,,目標オーナー,,Doeleigenaar,,Hedef sahibi,,Pemilik tujuan,
Goal period,,no,yes,no,,Goal period,,Période d'objectifs,,Zielzeitraum,,Goal period,,Periodo dell'obiettivo,,ช่วงเวลาเป้าหมาย,,Período del objetivo,,Período do objetivo,,目標期間,,Doelperiode,,Hedef dönemi,,Periode tujuan,
Goal plan,,no,yes,no,,Goal plan,,Plan d'objectifs,,Zielplan,,Goal plan,,Piano degli obiettivi,,แผนเป้าหมาย,,Plan de objetivos,,Plano de objetivos,,目標計画,,Doelplan,,Hedef planı,,Rencana tujuan,
Goal priority,,no,yes,no,,Goal priority,,Priorité de l'objectif,,Zielpriorität,,Goal priority,,Priorità degli obiettivi,,ลำดับความสำคัญของเป้าหมาย,,Prioridad del objetivo,,Prioridade do objetivo,,目標の優先度,,Doelprioriteit,,Hedef önceliği,,Prioritas tujuan,
Goal progress,,no,yes,no,,Goal progress,,Progression de l'objectif,,Zielfortschritt,,Goal progress,,Avanzamento degli obiettivi,,ความคืบหน้าเป้าหมาย,,Progreso del objetivo,,Progresso do objetivo,,目標の進捗,,Voortgang van doelen,,Hedef ilerlemesi,,Progres tujuan,
Goal status,,no,yes,no,,Goal status,,Statut de l'objectif,,Zielstatus,,Goal status,,Stato obiettivo,,สถานะเป้าหมาย,,Estado del objetivo,,Estado do objetivo,,目標ステータス,,Doelstatus,,Hedef durumu,,Status tujuan,
Goal tags,,no,yes,no,,Goal tags,,Etiquettes de l'objectif,,Ziel-Tags,,Goal tags,,Tag degli obiettivi,,แท็กเป้าหมาย,,Etiquetas de objetivo,,Etiquetas de objetivos,,目標タグ,,Doeltags,,Hedef etiketleri,,Tag tujuan,
Goal title,,no,yes,no,,Goal title,,Titre de l'objectif,,Zieltitel,,Goal title,,Titolo dell'obiettivo,,ชื่อเป้าหมาย,,Título del objetivo,,Título do objetivo,,目標タイトル,,Doeltitel,,Hedef başlığı,,Judul tujuan,
Goal tracking status,,no,yes,no,,Goal tracking status,,Statut de suivi de l'objectif,,Zielverfolgungsstatus,,Goal tracking status,,Stato di monitoraggio degli obiettivi,,สถานะการติดตามเป้าหมาย,,Estado de seguimiento de objetivo,,Estado de monitorização do objetivo,,目標の追跡ステータス,,Status van doelbewaking,,Hedef takip durumu,,Status pelacakan tujuan,
Goal type,,no,yes,no,,Goal type,,Type d'objectif,,Zieltyp,,Goal type,,Tipo di obiettivo,,ประเภทเป้าหมาย,,Tipo de objetivo,,Tipo de objetivo,,目標タイプ,,Doeltype,,Hedef türü,,Jenis tujuan,
Goal type weight,,no,yes,no,,Goal type weight,,Poids du type d'objectif,,Zieltyp-Gewichtung,,Goal type weight,,Peso del tipo di obiettivo,,ประเภทน้ำหนักของเป้าหมาย,,Peso del tipo de objetivo,,Peso do tipo de objetivo,,目標タイプの重み,,Doeltype gewicht,,Hedef türü ağırlığı,,Bobot jenis tujuan,
Goal weight,,no,yes,no,,Goal weight,,Poids de l'objectif,,Zielgewicht,,Goal weight,,Peso obiettivo,,น้ำหนักเป้าหมาย,,Peso objetivo,,Peso objetivo,,目標体重,,Streefgewicht,,Hedef kilo,,Berat tujuan,
Goal workflow,,no,yes,no,,Goal workflow,,Workflow de l'objectif,,Ziel-Workflow,,Goal workflow,,Flusso di lavoro degli obiettivi,,เวิร์กโฟลว์เป้าหมาย,,Flujo de trabajo de objetivos,,Fluxo de trabalho do objetivo,,目標ワークフロー,,Doelwerkstroom,,Hedef iş akışı,,Alur kerja tujuan,
Grade,,no,yes,no,,Grade,,Echelon,,Note,,Grade,,Grado,,เกรด,,Calificación,,Ano,,成績,,Cijfer,,Not,,Nilai,
Guaranteed amount,,no,yes,no,,Guaranteed amount,,Montant garanti,,Garantierter Betrag,,Guaranteed amount,,Importo garantito,,จำนวนที่รับประกัน,,Importe garantizado,,Montante garantido,,保証額,,Gegarandeerd bedrag,,Garantili tutar,,Jumlah yang dijamin,
Guaranteed amount rule,,no,yes,no,,Guaranteed amount rule,,Règle de montant garanti,,Regel zum garantierten Betrag,,Guaranteed amount rule,,Regola dell'importo garantito,,กฎจำนวนเงินรับประกัน,,Regla de importe garantizado,,Regra de montante garantido,,保証金額ルール,,Regel voor gegarandeerd bedrag,,Garantili tutar kuralı,,Aturan jumlah yang dijamin,
Guideline,,no,yes,no,,Guideline,,Recommandation,,Richtlinie,,Guideline,,Linea guida,,แนวทางปฏิบัติ,,Directriz,,Diretriz,,ガイドライン,,Richtlijn,,Kılavuz,,Panduan,
HRBP approval,,no,yes,no,,HRBP approval,,Approbation HRBP,,HRBP-Genehmigung,,HRBP approval,,Approvazione HRBP,,การอนุมัติ HRBP,,Aprobación de HRBP,,Aprovação do HRBP,,HRBPの承認,,HRBP-goedkeuring,,İK iş ortağı onayı,,Persetujuan HRBP,
HRBP review,,no,yes,no,,HRBP review,,Revue HRBP,,HRBP-Bewertung,,HRBP review,,Revisione HRBP,,การประเมินผลงาน HRBP,,Evaluación del HRBP,,Avaliação de HRBP,,HRBPレビュー,,HRBP-beoordeling,,İK iş ortağı değerlendirmesi,,Ulasan HRBP,
Hierarchy,,no,yes,no,,Hierarchy,,Hiérarchie,,Hierarchie,,Hierarchy,,Gerarchia,,ลำดับชั้น,,Jerarquía,,Hierarquia,,階層,,Hiërarchie,,Hiyerarşi,,Hierarki,
Historical Reviews,,no,yes,no,,Historical Reviews,,Bilans passés,,Frühere Beurteilungen,,Historical Reviews,,Cronologia revisioni,,การประเมินผลงานในอดีต,,Historial de evaluaciones,,Avaliações históricas,,過去のレビュー,,Historische beoordelingen,,Geçmiş Değerlendirmeler,,Riwayat Ulasan,
Historical compensation,,no,yes,no,,Historical compensation,,Rémunération historique,,Historische Entschädigung,,Historical compensation,,Compensazione storica,,ค่าชดเชยย้อนหลัง,,Compensación histórica,,Compensação histórica,,歴史的な補償,,Historische compensatie,,Tarihi tazminat,,Kompensasi historis,
Individual goal,,no,yes,no,,Individual goal,,Objectif individuel,,Individuelles Ziel,,Individual goal,,Obiettivo individuale,,เป้าหมายรายบุคคล,,Objetivo individual,,Objetivo individual,,個人の目標,,Individueel doel,,Bireysel hedef,,Tujuan individu,
Insights,,no,yes,no,,Insights,,Opinions,,Einblicke,,Insights,,Approfondimenti,,ข้อมูลเชิงลึก,,Información,,Perceções,,洞察,,Inzichten,,İçgörüler,,Wawasan,
Job code,,no,yes,no,,Job code,,Code de poste,,Stellencode,,Job code,,Codice lavoro,,รหัสงาน,,Código de puesto,,Código de trabalho,,職務コード,,Functiecode,,İş kodu,,Kode pekerjaan,
Job level,,no,yes,no,,Job level,,Niveau de poste,,Jobebene,,Job level,,Livello lavorativo,,ระดับงาน,,Nivel de puesto,,Nível de cargo,,職位レベル,,Functieniveau,,İş seviyesi,,Tingkat jabatan,
Job title,,no,yes,no,,Job title,,Intitulé de poste,,Berufsbezeichnung,,Job title,,Titolo mansione,,ชื่อตำแหน่งงาน,,Cargo,,Cargo,,職種,,Functietitel,,İş unvanı,,Judul pekerjaan,
Label,,no,yes,no,,Label,,Libellé,,Beschriftung,,Label,,Etichetta,,ป้ายกำกับ,,Etiqueta,,Etiqueta,,ラベル,,,,Etiket,,,
Leave of absence,,no,yes,no,,Leave of absence,,Congé,,Beurlaubung,,Leave of absence,,Congedo,,การลางาน,,Permiso de ausencia,,Licença de ausência,,休職,,Verlof,,İzinli ayrılma,,Cuti,
Legal entity,,no,yes,no,,Legal entity,,Entité légale,,Juristische Person,,Legal entity,,Persona giuridica,,นิติบุคคล,,Entidad jurídica,,Entidade jurídica,,法人,,Rechtspersoon,,Tüzel kişi,,Badan hukum,
Less than,,no,yes,no,,Less than,,Inférieur à,,Weniger als,,Less than,,Meno di,,น้อยกว่า,,Menos que,,Menos de,,次の値より小さい：,,Minder dan,,Daha az,,Kurang dari,
Less than or equal to,,no,yes,no,,Less than or equal to,,Inférieur ou égal à,,Kleiner als oder gleich,,Less than or equal to,,Minore o uguale a,,น้อยกว่าหรือเท่ากับ,,Menor o igual que,,Menor ou igual a,,次の値以下：,,Minder dan of gelijk aan,,Küçük veya eşit,,Kurang dari atau sama dengan,
Line manager,,no,yes,no,,Line manager,,Manager direct,,Direkte Führungskraft,,Line manager,,Responsabile diretto,,หัวหน้างาน,,Manager directo,,Gestor direto,,ラインマネージャー,,Direct leidinggevende,,Birim yöneticisi,,Atasan langsung,
Linear curve,,no,yes,no,,Linear curve,,Courbe linéaire,,Lineare Kurve,,Linear curve,,Curva lineare,,เส้นโค้งเชิงเส้น,,Curva lineal,,Curva linear,,線形曲線,,Lineaire curve,,Doğrusal eğri,,Kurva linier,
Local worker category,,no,yes,no,,Local worker category,,Catégorie d'employé(e) locale,,Lokale Mitarbeiter:innengruppe,,Local worker category,,Categoria locale dei collaboratori,,ประเภทพนักงานภายในประเทศ,,Categoría local de colaborador/a,,Categoria de trabalhador local,,ローカル社員カテゴリー,,Lokale werknemercategorie,,Yerel Çalışan kategorisi,,Kategori pekerja lokal,
Location,,no,yes,no,,Location,,Localisation,,Standort,,Location,,Sede,,ที่ตั้ง,,Ubicación,,Localização,,場所,,Locatie,,Konum,,Lokasi,
Mapping configuration,,no,yes,no,,Mapping configuration,,Configuration du mapping,,Zuordnungskonfiguration,,Mapping configuration,,Configurazione mappatura,,การกำหนดค่าการแมป,,Configuración de asignación,,Configuração de mapeamento,,マッピング設定,,Mappingconfiguratie,,Eşleme yapılandırması,,Konfigurasi pemetaan,
Max target,,no,yes,no,,Max target,,Cible maximale,,Maximalziel,,Max target,,Target massimo,,เป้าหมายสูงสุด,,Objetivo máximo,,Meta máxima,,最大ターゲット,,Maximaal doel,,Maksimum hedef,,Target maksimum,
Max. score,,no,yes,no,,Max. score,,Score max.,,Max. Punktzahl,,Max. score,,Punteggio massimo,,คะแนนสูงสุด,,Puntuación máx.,,Pontuação máx.,,最高スコア,,,,Azami puan,,Skor maks.,
Maximum outcome,,no,yes,no,,Maximum outcome,,Résultat maximal,,Maximales Ergebnis,,Maximum outcome,,Risultato massimo,,ผลลัพธ์สูงสุด,,Resultado máximo,,Resultado máximo,,最大結果,,Maximaal resultaat,,Maksimum sonuç,,Hasil maksimum,
Maximum payout,,no,yes,no,,Maximum payout,,Paiement maximum,,Maximale Auszahlung,,Maximum payout,,Pagamento massimo,,การจ่ายเงินสูงสุด,,Pago máximo,,Pagamento máximo,,最大支払額,,Maximale uitbetaling,,Maksimum ödeme,,Pembayaran maksimum,
Measurement,,no,yes,no,,Measurement,,Mesure,,Messung,,Measurement,,Misurazione,,การวัด,,Medición,,Medição,,測定,,Meting,,Ölçüm,,Pengukuran,
Measurement criteria,,no,yes,no,,Measurement criteria,,Critères de mesure,,Messkriterien,,Measurement criteria,,Criteri di misurazione,,เกณฑ์การวัดผล,,Criterios de medición,,Critérios de medição,,測定基準,,Meetcriteria,,Ölçüm kriterleri,,Kriteria pengukuran,
Min target,,no,yes,no,,Min target,,Nombre minimal d'objectifs,,Mindestziel,,Min target,,Target minimo,,เป้าหมายขั้นต่ำ,,Objetivo mínimo,,Alvo mínimo,,最小ターゲット,,Min doel,,Minimum hedef,,Target minimum,
Minimum outcome,,no,yes,no,,Minimum outcome,,Résultat minimal,,Minimales Ergebnis,,Minimum outcome,,Risultato minimo,,ผลลัพธ์ขั้นต่ำ,,Resultado mínimo,,Resultado mínimo,,最小結果,,Minimaal resultaat,,Minimum sonuç,,Hasil minimum,
Model,,no,yes,no,,Model,,Modèle,,Modell,,Model,,Modello,,โมเดล,,Modelo,,Modelo,,モデル,,,,,,,
Moderation,,no,yes,no,,Moderation,,Modération,,,,Moderation,,Moderazione,,การกลั่นกรอง,,Moderación,,Moderação,,モデレーション,,Moderatie,,Denetleme,,Moderasi,
Non-conditional,,no,yes,no,,Non-conditional,,Non conditionnel,,Nicht-bedingt,,Non-conditional,,Non condizionale,,ไม่เป็นเงื่อนไข,,No condicional,,Não condicional,,無条件,,Niet-voorwaardelijk,,Koşulsuz,,Non-kondisional,
Nudge,,no,yes,no,,Nudge,,Notification d'encouragement,,Anstoß,,Nudge,,Promemoria,,แจ้งเตือน,,Sugerencia,,Lembrete,,ナッジ,,,,Dürtü,,Dorongan,
Organization,,no,yes,no,,Organization,,Organisation,,Organisation,,Organisation,,Organizzazione,,องค์กร,,Organización,,Organização,,組織,,Organisatie,,Organizasyon,,Organisasi,
Organizational goal,,no,yes,no,,Organizational goal,,Objectif organisationnel,,Organisatorisches Ziel,,Organisational goal,,Obiettivo organizzativo,,เป้าหมายขององค์กร,,Objetivo organizativo,,Objetivo organizacional,,組織の目標,,Organisatorisch doel,,Organizasyon hedefi,,Tujuan organisasi,
Organizational unit,,no,yes,no,,Organizational unit,,Unité organisationnelle,,Organisationseinheit,,Organisational unit,,Unità organizzativa,,หน่วยงาน,,Unidad organizativa,,Unidade organizacional,,組織単位,,Organisatorische eenheid,,Organizasyon birimi,,Unit organisasi,
Overall behavior rating,,no,yes,no,,Overall behavior rating,,Notation comportementale globale,,Gesamtverhaltensbewertung,,Overall behaviour rating,,Valutazione complessiva del comportamento,,คะแนนพฤติกรรมโดยรวม,,Valoración general del comportamiento,,Classificação geral de comportamento,,総合行動評価,,Algemene gedragsbeoordeling,,Genel davranış derecelendirmesi,,Penilaian perilaku secara keseluruhan,
Overall performance,,no,yes,no,,Overall performance,,Performance globale,,Gesamtleistung,,Overall performance,,Prestazioni complessive,,ผลการปฏิบัติงานโดยรวม,,Desempeño general,,Desempenho geral,,総合業績,,Algehele prestatie,,Genel performans,,Kinerja keseluruhan,
Overall performance rating,,no,yes,no,,Overall performance rating,,Notation de performance globale,,Gesamtleistungsbewertung,,Overall performance rating,,Valutazione complessiva delle prestazioni,,คะแนนการประเมินผลงานโดยรวม,,Valoración global del rendimiento,,Classificação geral de desempenho,,総合パフォーマンス評価,,Algehele prestatiebeoordeling,,Genel performans değerlendirmesi,,Penilaian kinerja keseluruhan,
Owner,,no,yes,no,,Owner,,Titulaire,,Zuständig,,Owner,,Proprietario,,เจ้าของ,,Propietario,,Proprietário,,オーナー,,Eigenaar,,Sahibi,,Pemilik,
Passport,,no,yes,no,,Passport,,Passeport,,,,Passport,,Passaporto,,หนังสือเดินทาง,,,,Passaporte,,,,Paspoort,,Pasaport,,Paspor,
Pay Intelligence,,no,yes,no,,Pay Intelligence,,Rémunération intelligente,,,,Pay Intelligence,,,,การจ่ายเงินอัจฉริยะ,,Inteligencia de pagos,,Inteligência salarial,,給与インテリジェンス,,Salarisintelligentie,,,,Efisiensi Pembayaran,
Pay Transparency,,no,yes,no,,Pay Transparency,,Rémunération transparente,,Gehaltstransparenz,,Pay Transparency,,Trasparenza salariale,,ความโปร่งใสในการชำระเงิน,,Transparencia de pagos,,Transparência salarial,,給与の透明性,,Salaristransparantie,,Ücret Şeffaflığı,,Transparansi Gaji,
Pay analysis,,no,yes,no,,Pay analysis,,Analyse de rémunération,,Vergütungsanalyse,,Pay analysis,,Analisi retributiva,,การวิเคราะห์ค่าตอบแทน,,Análisis de remuneración,,Análise de remuneração,,給与分析,,Salarisanalyse,,Ücret analizi,,Analisis gaji,
Pay information,,no,yes,no,,Pay information,,Informations de rémunération,,Gehaltsinformationen,,Pay information,,Informazioni sulla retribuzione,,ข้อมูลการจ่ายเงิน,,Información salarial,,Informações de remuneração,,給与情報,,Salarisinformatie,,Ücret bilgileri,,Informasi gaji,
Pay information requests,,no,yes,no,,Pay information requests,,Demandes d'informations sur la rémunération,,Anfragen zu Vergütungsinformationen,,Pay information requests,,Richieste di informazioni sulla retribuzione,,คำขอข้อมูลค่าตอบแทน,,Solicitudes de información salarial,,Pedidos de informação salarial,,給与情報のリクエスト,,Verzoeken om salarisinformatie,,Ödeme bilgisi istekleri,,Permintaan informasi pembayaran,
Pay range,,no,yes,no,,Pay range,,Échelle salariale,,Gehaltsspanne,,Pay range,,Fascia di retribuzione,,ช่วงการจ่ายเงิน,,Rango salarial,,Intervalo salarial,,給与帯,,Salarisbereik,,Ücret aralığı,,Rentang gaji,
Payout,,no,yes,no,,Payout,,Paiement,,Auszahlung,,Payout,,Pagamento,,การจ่ายเงิน,,Pago,,Pagamento,,支払い,,Uitbetaling,,Ödeme,,Pembayaran,
Payout curve,,no,yes,no,,Payout curve,,Courbe de paiement,,Auszahlungskurve,,Payout curve,,Curva di pagamento,,เส้นโค้งการจ่ายเงิน,,Curva de pagos,,Curva de pagamento,,ペイアウトカーブ,,Uitbetalingscurve,,Ödeme eğrisi,,Kurva pembayaran,
Payroll,,no,yes,no,,Payroll,,Paie,,Lohnabrechnung,,Payroll,,Buste paga,,เงินเดือน,,Nómina,,Folha de Pagamento,,給与計算,,Loonadministratie,,Bordro,,Penggajian,
Peers,,no,yes,no,,Peers,,Pairs,,Kolleg:innen,,Peers,,Colleghi,,เพื่อนร่วมงาน,,Compañeros,,Pares,,ピア,,Collega's,,Eşdüzeyler,,Rekan kerja,
People day,,no,yes,no,,People day,,Journée des collaborateurs,,,,People day,,Giornata delle persone,,วันทรัพยากรบุคคล,,Día de personas,,Dia de pessoas,,ピープルデー,,,,İK günü,,Hari orang,
Performance Management,,no,yes,no,,Performance Management,,Gestion de la performance,,Leistungsverwaltung,,Performance Management,,Gestione delle prestazioni,,การจัดการประสิทธิภาพการทำงาน,,Gestión del desempeño,,Gestão de desempenho,,業績管理,,Prestatiebeheer,,Performans Yönetimi,,Manajemen Kinerja,
Performance check-ins,,no,yes,no,,Performance check-ins,,Check-ins de performance,,Leistungs-Check-ins,,Performance check-ins,,Check-in delle prestazioni,,การเช็คอินการปฏิบัติงาน,,Consultas de rendimiento,,Check-ins de desempenho,,業績チェックイン,,Prestatie check-ins,,Check-in görüşmeleri,,Check-in kinerja,
Performance rating,,no,yes,no,,Performance rating,,Evaluation de performance,,Leistungsbewertung,,Performance rating,,Valutazione delle prestazioni,,คะแนนประสิทธิภาพการทำงาน,,Calificación de desempeño,,Classificação de desempenho,,業績評価,,Prestatiebeoordeling,,Performans değerlendirmesi,,Penilaian kinerja,
Performance review,,no,yes,no,,Performance review,,Bilan de performance,,Leistungsbeurteilung,,Performance review,,Revisione delle prestazioni,,การประเมินผลการปฏิบัติงาน,,Evaluación de desempeño,,Avaliação de desempenho,,業績レビュー,,Prestatiebeoordeling,,Performans değerlendirmesi,,Evaluasi kinerja,
Personally identifiable information,,no,yes,no,,Personally identifiable information,,Informations personnelles identifiables,,Personenbezogene Daten,,Personally identifiable information,,Informazioni che consentono l'identificazione personale,,ข้อมูลระบุตัวตนส่วนบุคคล,,Información personal identificable,,Informação pessoalmente identificável,,個人識別情報,,Persoonlijk identificeerbare informatie,,Kişisel olarak tanımlanabilir bilgi,,Informasi yang dapat diidentifikasi secara pribadi,
Planner,,no,yes,no,,Planner,,Planificateur,,Planer,,Planner,,Strumento di pianificazione,,แพลนเนอร์,,,,Planeador,,,,,,Planlayıcı,,Perencana,
Position in pay range,,no,yes,no,,Position in pay range,,Position dans la fourchette salariale,,Position im Gehaltsband,,Position in pay range,,Posizione nella fascia retributiva,,ตำแหน่งในช่วงเงินเดือน,,Posición en la escala salarial,,Posição na faixa salarial,,給与レンジ内の位置,,Positie in salarisschaal,,Ücret aralığındaki pozisyon,,Posisi dalam rentang gaji,
Proposal management,,no,yes,no,,Proposal management,,Gestion des propositions,,Vorschlagsverwaltung,,Proposal management,,Gestione delle proposte,,การจัดการข้อเสนอ,,Gestión de propuestas,,Gestão de propostas,,提案管理,,Voorstellenbeheer,,Teklif yönetimi,,Manajemen proposal,
Prorated target bonus,,no,yes,no,,Prorated target bonus,,Prime cible au prorata,,Zeitanteiliges Zielbonus,,Prorated target bonus,,Bonus target riproporzionato,,เป้าหมายโบนัสแบบคำนวณตามสัดส่วน,,Prima objetivo prorrateada,,Bónus objetivo proporcional,,按分された目標ボーナス,,Naar rato berekende doelbonus,,Orantılı hedef prim,,Target bonus prorata,
Proxy,,no,yes,no,,Proxy,,Accès procuration,,Stellvertreter:in,,Proxy,,Delega,,พร็อกซี,,Representante,,Representação,,代理,,,,Vekil,,,
RTI request status,,no,yes,no,,RTI request status,,Statut des demandes RTI,,Status der RTI-Anforderung,,RTI request status,,Stato della richiesta RTI,,สถานะคำขอ RTI,,Estado de solicitud RTI,,Estado do pedido RTI,,RTIリクエストステータス,,Status RTI-aanvraag,,RTI talebi durumu,,Status permintaan RTI,
Range,,no,yes,no,,Range,,Plage,,Bereich,,Range,,Intervallo,,ช่วง,,Intervalo,,Intervalo,,範囲,,Bereik,,Aralık,,Rentang,
Rating,,no,yes,no,,Rating,,Notation,,Bewertung,,Rating,,Valutazione,,การจัดอันดับ,,Calificación,,Classificação,,評価,,Beoordeling,,Derecelendirme,,Penilaian,
Rating scale,,no,yes,no,,Rating scale,,Echelle de notation,,Bewertungsskala,,Rating scale,,Scala di valutazione,,มาตราวัดการให้คะแนน,,Escala de calificación,,Escala de classificação,,評価尺度,,Beoordelingsschaal,,Derecelendirme ölçeği,,Skala penilaian,
Request,,no,yes,no,,Request,,Demander,,Anfrage,,Request,,Richiesta,,ขอ,,Solicitud,,Pedido,,リクエスト,,Aanvraag,,Talep et,,Permintaan,
Request ID,,no,yes,no,,Request ID,,ID de demande,,Anfrage-ID,,Request ID,,ID richiesta,,รหัสคำขอ,,ID de solicitud,,ID do Pedido,,リクエストID,,Aanvraag-ID,,İstek Kimliği,,ID Permintaan,
Request date,,no,yes,no,,Request date,,Date de demande,,Antragsdatum,,Request date,,Data della richiesta,,วันที่คำขอ,,Fecha de solicitud,,Data do pedido,,申請日,,Aanvraagdatum,,Talep tarihi,,Tanggal permintaan,
Request pay information,,no,yes,no,,Request pay information,,Demander des informations sur la rémunération,,Gehaltsinformationen anfordern,,Request pay information,,Richiedi informazioni sulla retribuzione,,ขอข้อมูลการจ่ายเงิน,,Solicitar información sobre el salario,,Solicitar informações salariais,,給与情報をリクエストする,,Salarisinformatie aanvragen,,Ücret bilgisi talep et,,Minta informasi gaji,
Review,,no,yes,no,,Review,,Bilan,,Beurteilung,,Review,,Valutazione,,การตรวจสอบ,,Evaluación,,Avaliação,,レビュー,,Beoordeling,,Değerlendirme,,Ulasan,
Review rating,,no,yes,no,,Review rating,,Notation du bilan,,Beurteilungsbewertung,,Review rating,,Valutazione della valutazione,,คะแนนการประเมิน,,Calificación de la revisión,,Classificação da avaliação,,レビュー評価,,Beoordelingsscore,,Değerlendirmer puanı,,Peringkat ulasan,
Role,,no,yes,no,,Role,,Rôle,,Rolle,,Role,,Ruolo,,บทบาท,,Función,,Função,,役割,,Rol,,Görev,,Jabatan,
Round,,no,yes,no,,Round,,Cycle,,Runde,,Round,,Ciclo,,รอบ,,Ronda,,Ronda,,ラウンド,,Ronde,,Tur,,Tahapan,
Salary,,no,yes,no,,Salary,,Salaire,,Gehalt,,Salary,,Stipendio,,เงินเดือน,,Salario,,Salário,,給与,,Salaris,,Maaş,,Gaji,
Salary configuration,,no,yes,no,,Salary configuration,,Configuration du salaire,,Gehaltskonfiguration,,Salary configuration,,Configurazione stipendio,,การกำหนดค่าระบบเงินเดือน,,Configuración del salario,,Configuração salarial,,給与設定,,Salarisconfiguratie,,Maaş yapılandırması,,Konfigurasi gaji,
Secondary hierarchy,,no,yes,no,,Secondary hierarchy,,Hiérarchie secondaire,,Sekundäre Hierarchie,,Secondary hierarchy,,Gerarchia secondaria,,ลำดับชั้นรอง,,Jerarquía secundaria,,Hierarquia secundária,,二次階層,,Secundaire hiërarchie,,İkincil hiyerarşi,,Hierarki sekunder,
Security group,,no,yes,no,,Security group,,Groupe de sécurité,,Sicherheitsgruppe,,Security group,,Gruppo di sicurezza,,กลุ่มความปลอดภัย,,Grupo de seguridad,,Grupo de segurança,,セキュリティグループ,,Beveiligingsgroep,,Güvenlik grubu,,Grup keamanan,
Self-assessment,,no,yes,no,,Self-assessment,,Auto-évaluation,,Selbsteinschätzung,,Self-assessment,,Autovalutazione,,การประเมินตนเอง,,Autoevaluación,,Autoavaliação,,自己評価,,Zelfevaluatie,,Kendi değerlendirmesi,,Penilaian diri,
Self-review,,no,yes,no,,Self-review,,Bilan individuel,,Selbsteinschätzung,,Self-review,,Autorevisione,,การประเมินตนเอง,,Autoevaluación,,Autoavaliação,,自己レビュー,,Zelfevaluatie,,Kendi kendine değerlendirme,,Evaluasi mandiri,
Sensitive Content,,no,yes,no,,Sensitive Content,,Contenu sensible,,Sensible Inhalte,,Sensitive Content,,Contenuto sensibile,,เนื้อหาที่ละเอียดอ่อน,,Contenido sensible,,Conteúdo sensível,,センシティブなコンテンツ,,Gevoelige inhoud,,Hassas İçerik,,Konten Sensitif,
Settings,,no,yes,no,,Settings,,Paramètres,,Einstellungen,,Settings,,Impostazioni,,การตั้งค่า,,Configuración,,Configurações,,設定,,Instellingen,,Ayarlar,,Pengaturan,
Setup,,no,yes,no,,Setup,,Configuration,,Einrichtung,,Setup,,Configurazione,,,,Configuración,,Configuração,,設定,,Instellen,,Kurulum,,Pengaturan,
Share,,no,yes,no,,Share,,Partager,,Teilen,,Share,,Condividi,,แบ่งปัน,,Compartir,,Partilhar,,共有,,Delen,,Paylaş,,Bagikan,
Skill & competency groups,,no,yes,no,,Skill & competency groups,,Groupes de compétences & d'aptitudes,,Fähigkeiten & Kompetenzgruppen,,Skill & competency groups,,Gruppi di abilità e competenze,,กลุ่มทักษะและความสามารถ,,Grupos de habilidades y competencias,,Grupos de habilidades e competências,,スキルおよび能力グループ,,Vaardigheids- en competentiegroepen,,Beceri ve yetkinlik grupları,,Grup keterampilan & kompetensi,
Snapshot,,no,yes,no,,Snapshot,,Image figée,,Schnappschuss,,Snapshot,,Istantanea,,สแน็ปช็อต,,Instantánea,,Instantâneo,,スナップショット,,Momentopname,,Anlık Görüntü,,,
Snapshot Manager,,no,yes,no,,Snapshot Manager,,Manager d'instantané,,Snapshot-Manager,,Snapshot Manager,,Gestore istantanee,,ตัวจัดการ Snapshot,,Administrador de instantáneas,,Gestor de Instantâneos,,スナップショットマネージャー,,,,Anlık Görüntü Yöneticisi,,Manajer Snapshot,
Stage,,no,yes,no,,Stage,,Etape,,Phase,,Stage,,Fase,,ขั้นตอน,,Fase,,Etapa,,ステージ,,Fase,,Aşama,,Tahapan,
Statement generation,,no,yes,no,,Statement generation,,Génération de relevé,,Erstellung von Erklärungen,,Statement generation,,Generazione dell'estratto conto,,การสร้างรายงานบัญชี,,Generación de declaraciones,,Geração de declarações,,明細書の作成,,Overzichtgeneratie,,Beyan oluşturma,,Pembuatan pernyataan,
Step curve,,no,yes,no,,Step curve,,Courbe en escalier,,Stufenkurve,,Step curve,,Curva a gradini,,ขั้นบันได,,Curva escalonada,,Curva de passo,,ステップ曲線,,Stapcurve,,Adım eğrisi,,Kurva transisi,
Tag,,no,yes,no,,Tag,,Etiquette,,,,Tag,,,,แท็ก,,Etiqueta,,Etiqueta,,タグ,,,,Etiket,,,
Tag library,,no,yes,no,,Tag library,,Bibliothèque d'étiquettes,,Tag-Bibliothek,,Tag library,,Libreria dei tag,,แท็กไลบรารี,,Biblioteca de etiquetas,,Biblioteca de etiquetas,,タグライブラリ,,Tagbibliotheek,,Etiket kitaplığı,,Katalog tag,
Talent Review,,no,yes,no,,Talent Review,,Bilan des talents,,Talentbeurteilung,,Talent Review,,Valutazione dei talenti,,การทบทวนศักยภาพบุคลากร,,Revisión del talento,,Revisão de Talento,,タレントレビュー,,,,Yetenek Değerlendirmer,,Peninjauan Talenta,
Target bonus,,no,yes,no,,Target bonus,,Bonus cible,,Zielprämie,,Target bonus,,Bonus obiettivo,,โบนัสเป้าหมาย,,Bono objetivo,,Bónus objetivo,,目標ボーナス,,Doelbonus,,Hedef prim,,Bonus target,
Target budget,,no,yes,no,,Target budget,,Budget cible,,Zielbudget,,Target budget,,Budget target,,งบประมาณเป้าหมาย,,Presupuesto objetivo,,Orçamento alvo,,ターゲット予算,,Doelbudget,,Hedef bütçe,,Anggaran target,
Team planner view,,no,yes,no,,Team planner view,,Vue planificateur d'équipe,,Teamplaner-Ansicht,,Team planner view,,Visualizzazione strumento di pianificazione del team,,มุมมองแพลนเนอร์ของทีม,,Vista del planificador de equipo,,Vista do planeador de equipa,,チームプランナービュー,,Teamplannerweergave,,Ekip planlayıcısı görünümü,,Tampilan perencana tim,
Time in role,,no,yes,no,,Time in role,,Temps dans le poste,,Zeit in der Rolle,,Time in role,,Tempo nel ruolo,,ระยะเวลาในบทบาท,,Tiempo en el puesto,,Tempo na função,,役割の期間,,Tijd in functie,,Görevde geçirilen süre,,Waktu dalam peran,
User Security,,no,yes,no,,User Security,,Sécurité utilisateur,,Benutzersicherheit,,User Security,,Sicurezza utente,,ความปลอดภัยของผู้ใช้,,Seguridad del usuario,,Segurança do Utilizador,,ユーザーセキュリティ,,Gebruikersbeveiliging,,Kullanıcı Güvenliği,,Keamanan Pengguna,
User local time,,no,yes,no,,User local time,,Heure locale de l'utilisateur,,Lokale Zeit des/der Benutzer:in,,User local time,,Ora locale utente,,เวลาท้องถิ่นของผู้ใช้,,Hora local del usuario,,Hora local do utilizador,,ユーザーの現地時刻,,Lokale tijd van de gebruiker,,Kullanıcı yerel saati,,Waktu lokal pengguna,
Username,,no,yes,no,,Username,,Nom d'utilisateur,,Benutzername,,Username,,Nome utente,,ชื่อผู้ใช้,,Nombre de usuario,,Nome de utilizador,,ユーザー名,,Gebruikersnaam,,Kullanıcı adı,,Nama pengguna,
Visibility,,no,yes,no,,Visibility,,Visibilité,,Sichtbarkeit,,Visibility,,Visibilità,,การมองเห็น,,Visibilidad,,Visibilidade,,表示/非表示,,Zichtbaarheid,,Görünürlük,,Visibilitas,
Weight,,no,yes,no,,Weight,,Pondération,,Gewicht,,Weight,,Peso,,น้ำหนัก,,Peso,,Peso,,重み付け,,Gewicht,,Ağırlık,,Berat,
Weighted score,,no,yes,no,,Weighted score,,Score pondéré,,Gewichtete Punktzahl,,Weighted score,,Punteggio ponderato,,คะแนนถ่วงน้ำหนัก,,Puntuación ponderada,,Pontuação ponderada,,加重スコア,,Gewogen score,,Ağırlıklı puan,,Skor berbobot,
Worker,,no,yes,no,,Worker,,Employé(e),,Mitarbeiter:in,,Worker,,Collaboratori,,พนักงาน,,Trabajador,,Trabalhador,,従業員,,Werknemer,,Çalışan,,Pekerja,
Worker category,,no,yes,no,,Worker category,,Catégorie d'employé(e),,Mitarbeiter:in-Kategorie,,Worker category,,Categoria Collaboratori,,หมวดหมู่พนักงาน,,Categoría de trabajador,,Categoria de trabalhador,,従業員カテゴリ,,Werknemercategorie,,Çalışan kategorisi,,Kategori pekerja,
Worker self-assessment,,no,yes,no,,Worker self-assessment,,Auto-évaluation de l'employé(e),,Selbsteinschätzung des/der Mitarbeiter:in,,Worker self-assessment,,Autovalutazione del collaboratore,,การประเมินตนเองของพนักงาน,,Autoevaluación del trabajador,,Autoavaliação do trabalhador,,従業員自己アセスメント,,Zelfevaluatie van de werknemer,,Çalışanın kendi kendine değerlendirmesi,,Evaluasi mandiri pekerja,
Workflow step,,no,yes,no,,Workflow step,,Étape du workflow,,Workflow-Schritt,,Workflow step,,Passaggio del flusso di lavoro,,ขั้นตอนเวิร์กโฟลว์,,Paso del flujo de trabajo,,Etapa do fluxo de trabalho,,ワークフローステップ,,Werkstap,,İş akışı adımı,,Langkah alur kerja,
Workflow type,,no,yes,no,,Workflow type,,Type de workflow,,Workflow-Typ,,Workflow type,,Tipo di flusso di lavoro,,ประเภทเวิร์กโฟลว์,,Tipo de flujo de trabajo,,Tipo de fluxo de trabalho,,ワークフロータイプ,,Werkstroomtype,,İş akışı türü,,Jenis alur kerja,
Absence,,no,yes,no,,Absence,,,,Abwesenheit,,Absence,,Assenza,,การขาดงาน,,Ausencia,,Ausência,,欠勤,,Afwezigheid,,Devamsızlık,,Ketidakhadiran,
Action,,no,yes,no,,Action,,,,Aktion,,Action,,Azione,,การดำเนินการ,,Acción,,Ação,,アクション,,Actie,,Eylem,,Tindakan,
Audit,,no,yes,no,,Audit,,,,Prüfung,,Audit,,,,การประเมินผลงาน,,Auditoría,,Auditoria,,監査,,,,Denetim,,,
Bonus,,no,yes,no,,Bonus,,,,,,Bonus,,,,โบนัส,,Bono,,Bónus,,ボーナス,,,,,,,
Budget,,no,yes,no,,Budget,,,,,,Budget,,,,งบประมาณ,,Presupuesto,,Orçamento,,予算,,,,Bütçe,,Anggaran,
Chat,,no,yes,no,,Chat,,,,,,Chat,,,,แชต,,,,,,チャット,,,,Sohbet,,Obrolan,
Check-in,,no,yes,no,,Check-in,,,,,,Check-in,,,,การเช็คอิน,,Consulta,,,,チェックイン,,,,Check-in görüşmesi,,,
Conversation & publication,,no,yes,no,,Conversation & publication,,,,Gespräch und Veröffentlichung,,Conversation & publication,,Conversazione e pubblicazione,,การสนทนาและการเผยแพร่,,Conversación y publicación,,Conversa e publicação,,会話と公開,,Gesprek & publicatie,,Görüşme ve yayın,,Pembahasan & publikasi,
Ingestion,,no,yes,no,,Ingestion,,,,Datenaufnahme,,Ingestion,,Acquisizione,,การดึงข้อมูลเข้า,,Ingesta,,Ingestão,,取り込み,,Inladen,,Alım,,Pengambilan data,
Performance,,no,yes,no,,Performance,,,,Leistung,,Performance,,Prestazioni,,ผลการปฏิบัติงาน,,Desempeño,,Desempenho,,業績,,Prestatie,,Performans,,Kinerja,
Plan,,no,yes,no,,Plan,,,,,,Plan,,Piano,,แผน,,,,Plano,,計画,,,,,,Rencana,
Population,,no,yes,no,,Population,,,,,,Population,,Popolazione,,ประชากร,,Población,,População,,母集団,,Populatie,,Popülasyon,,Populasi,
Situation,,no,yes,no,,Situation,,,,,,Situation,,Situazione,,สถานการณ์,,Situación,,Situação,,状況,,Situatie,,Durum,,Situasi,
Validation,,no,yes,no,,Validation,,,,Validierung,,Validation,,Convalida,,การตรวจสอบความถูกต้อง,,Validación,,Validação,,検証,,Validatie,,Doğrulama,,Validasi,
Workbench,,no,yes,no,,Workbench,,,,,,Workbench,,,,,,Banco de trabajo,,Bancada de trabalho,,ワークベンチ,,Werkbank,,,,,
Workflow,,no,yes,no,,Workflow,,,,,,Workflow,,Flusso di lavoro,,เวิร์กโฟลว์,,Flujo de trabajo,,Fluxo de trabalho,,ワークフロー,,Werkstroom,,İş akışı,,Alur kerja,
