term;description;casesensitive;translatable;forbidden;tags;en-US;en-US_description;pt-PT;pt-PT_description
About;;no;yes;no;;About;;Sobre;
About my team;;no;yes;no;;About my team;;Sobre a minha equipa;
Absence;;no;yes;no;;Absence;;Ausência;
Accept;;no;yes;no;;Accept;;Aceitar;
Accepted;;no;yes;no;;Accepted;;Aceite;
Account;;no;yes;no;;Account;;Conta;
Achievement;;no;yes;no;;Achievement;;Conquista;
Achievement summary;;no;yes;no;;Achievement summary;;Resumo de conquistas;
Action;;no;yes;no;;Action;;Ação;
Action required;;no;yes;no;;Action required;;Ação necessária;
Actions;;no;yes;no;;Actions;;Ações;
Actions required;;no;yes;no;;Actions required;;Ações necessárias;
Activate;;no;yes;no;;Activate;;Ativar;
Active;;no;yes;no;;Active;;Ativo;
Active users;;no;yes;no;;Active users;;Utilizadores ativos;
Actor;;no;yes;no;;Actor;;Ator;
Add;;no;yes;no;;Add;;Adicionar;
Add all;;no;yes;no;;Add all;;Adicionar todos;
Add all company;;no;yes;no;;Add all company;;Adicionar toda a empresa;
Add all organizational units;;no;yes;no;;Add all organizational units;;Adicionar todas as unidades organizacionais;
Add condition;;no;yes;no;;Add condition;;Adicionar condição;
Add feedback note;;no;yes;no;;Add feedback note;;Adicionar nota de feedback;
Add field;;no;yes;no;;Add field;;Adicionar campo;
Add mapping;;no;yes;no;;Add mapping;;Adicionar mapeamento;
Add note;;no;yes;no;;Add note;;Adicionar nota;
Add question;;no;yes;no;;Add question;;Adicionar pergunta;
Add skills;;no;yes;no;;Add skills;;Adicionar competências;
Add step;;no;yes;no;;Add step;;Adicionar passo;
Addition;;no;yes;no;;Addition;;Adição;
Additional Managers;;no;yes;no;;Additional Managers;;Gestores adicionais;
Additional goal description;;no;yes;no;;Additional goal description;;Descrição adicional do objetivo;
Additional information;;no;yes;no;;Additional information;;Informação adicional;
Additional manager;;no;yes;no;;Additional manager;;Gestor adicional;
Additional managers;;no;yes;no;;Additional managers;;Gestores adicionais;
Additional review;;no;yes;no;;Additional review;;Avaliação adicional;
Administration;;no;yes;no;;Administration;;Administração;
Advanced;;no;yes;no;;Advanced;;Avançado;
After;;no;yes;no;;After;;Depois;
Alert;;no;yes;no;;Alert;;Alerta;
Alerts;;no;yes;no;;Alerts;;Alertas;
Aligned with goal;;no;yes;no;;Aligned with goal;;Alinhado com o objetivo;
Alignment;;no;yes;no;;Alignment;;Alinhamento;
All company;;no;yes;no;;All company;;Toda a empresa;
All criteria;;no;yes;no;;All criteria;;Todos os critérios;
All locations;;no;yes;no;;All locations;;Todas as localizações;
All organizational units;;no;yes;no;;All organizational units;;Todas as unidades organizacionais;
All participants;;no;yes;no;;All participants;;Todos os participantes;
All results;;no;yes;no;;All results;;Todos os resultados;
All roles;;no;yes;no;;All roles;;Todas as funções;
All updates;;no;yes;no;;All updates;;Todas as atualizações;
Analyses;;no;yes;no;;Analyses;;Análises;
Analysis;;no;yes;no;;Analysis;;Análise;
Analytics;;no;yes;no;;Analytics;;Análises;
Anonymization;;no;yes;no;;Anonymization;;Anonimização;
Answer type;;no;yes;no;;Answer type;;Tipo de resposta;
Anyone;;no;yes;no;;Anyone;;Alguém;
Anyone in the company;;no;yes;no;;Anyone in the company;;Qualquer pessoa na empresa;
Appearance;;no;yes;no;;Appearance;;Aparência;
Apply;;no;yes;no;;Apply;;Aplicar;
Apply filters;;no;yes;no;;Apply filters;;Aplicar filtros;
Approve;;no;yes;no;;Approve;;Aprovar;
Approved;;no;yes;no;;Approved;;Aprovado;
Archived;;no;yes;no;;Archived;;Arquivado;
Assign;;no;yes;no;;Assign;;Atribuir;
Assign to;;no;yes;no;;Assign to;;Atribuir a;
Assigned;;no;yes;no;;Assigned;;Atribuído;
Assigned reviews;;no;yes;no;;Assigned reviews;;Avaliações atribuídas;
Assigned to;;no;yes;no;;Assigned to;;Atribuído a;
Assignment;;no;yes;no;;Assignment;;Atribuição;
Assignment permissions;;no;yes;no;;Assignment permissions;;Permissões de atribuição;
At least one number;;no;yes;no;;At least one number;;Pelo menos um número;
At risk;;no;yes;no;;At risk;;Em risco;
Attached document;;no;yes;no;;Attached document;;Documento anexo;
Attachments;;no;yes;no;;Attachments;;Anexos;
Audit;;no;yes;no;;Audit;;Auditoria;
Audit trail;;no;yes;no;;Audit trail;;Registo de auditoria;
Auto-suggestion;;no;yes;no;;Auto-suggestion;;Sugestão automática;
Available;;no;yes;no;;Available;;Disponível;
Average score;;no;yes;no;;Average score;;Pontuação média;
Average total score;;no;yes;no;;Average total score;;Pontuação total média;
Avg. word count;;no;yes;no;;Avg. word count;;Contagem média de palavras;
Back;;no;yes;no;;Back;;Voltar;
Basic Information;;no;yes;no;;Basic Information;;Informações básicas;
Basic information;;no;yes;no;;Basic information;;Informação básica;
Before;;no;yes;no;;Before;;Antes;
Behavior;;no;yes;no;;Behavior;;Comportamento;
Behavior libraries;;no;yes;no;;Behavior libraries;;Bibliotecas de comportamento;
Behavior library;;no;yes;no;;Behavior library;;Biblioteca de comportamentos;
Behavior profile;;no;yes;no;;Behavior profile;;Perfil de comportamento;
Behavior wheel;;no;yes;no;;Behavior wheel;;Roda de comportamento;
Behaviors;;no;yes;no;;Behaviors;;Comportamentos;
Behaviors sent;;no;yes;no;;Behaviors sent;;Comportamentos enviados;
Benchmarking;;no;yes;no;;Benchmarking;;Avaliação comparativa;
Blank values;;no;yes;no;;Blank values;;Valores em branco;
Blocked;;no;yes;no;;Blocked;;Bloqueado;
Bonus;;no;yes;no;;Bonus;;Bónus;
Bonus Plans;;no;yes;no;;Bonus Plans;;Planos de bónus;
Bonus amount;;no;yes;no;;Bonus amount;;Montante do bónus;
Bonus calculation equation;;no;yes;no;;Bonus calculation equation;;Equação de cálculo de bónus;
Bonus calculation formula;;no;yes;no;;Bonus calculation formula;;Fórmula de cálculo de bónus;
Bonus plan;;no;yes;no;;Bonus plan;;Plano de bónus;
Bonus plans;;no;yes;no;;Bonus plans;;Planos de bónus;
Boolean;;no;yes;no;;Boolean;;Booleano;
Budget;;no;yes;no;;Budget;;Orçamento;
Budget rule;;no;yes;no;;Budget rule;;Regra de orçamento;
Builder;;no;yes;no;;Builder;;Construtor;
Business;;no;yes;no;;Business;;Negócio;
Calculated;;no;yes;no;;Calculated;;Calculado;
Calculated bonus;;no;yes;no;;Calculated bonus;;Bónus calculado;
Calculated column;;no;yes;no;;Calculated column;;Coluna calculada;
Calculation;;no;yes;no;;Calculation;;Cálculo;
Calculation workspace;;no;yes;no;;Calculation workspace;;Área de trabalho de cálculo;
Calibration;;no;yes;no;;Calibration;;Calibração;
Can edit;;no;yes;no;;Can edit;;Pode editar;
Can view;;no;yes;no;;Can view;;Pode ver;
Cancel;;no;yes;no;;Cancel;;Cancelar;
Canceled;;no;yes;no;;Canceled;;Cancelado;
Career Development;;no;yes;no;;Career Development;;Desenvolvimento de carreira;
Career Development Plans;;no;yes;no;;Career Development Plans;;Planos de desenvolvimento de carreira;
Career Development Settings;;no;yes;no;;Career Development Settings;;Definições de Desenvolvimento de Carreira;
Career development;;no;yes;no;;Career development;;Desenvolvimento de carreira;
Career development plan;;no;yes;no;;Career development plan;;Plano de desenvolvimento de carreira;
Career development plans;;no;yes;no;;Career development plans;;Planos de desenvolvimento de carreira;
Career development settings;;no;yes;no;;Career development settings;;Configurações de desenvolvimento de carreira;
Career plan questionnaire;;no;yes;no;;Career plan questionnaire;;Questionário de plano de carreira;
Career plans;;no;yes;no;;Career plans;;Planos de carreira;
Categories;;no;yes;no;;Categories;;Categorias;
Category;;no;yes;no;;Category;;Categoria;
Challenge process;;no;yes;no;;Challenge process;;Processo de contestação;
Challenge review;;no;yes;no;;Challenge review;;Avaliação do desafio;
Challenged;;no;yes;no;;Challenged;;Desafiado;
Change;;no;yes;no;;Change;;Alterar;
Change workflow step;;no;yes;no;;Change workflow step;;Alterar etapa do fluxo de trabalho;
Check-in Details;;no;yes;no;;Check-in Details;;Detalhes do Check-in;
Check-in Status;;no;yes;no;;Check-in Status;;Estado do Check-in;
Check-in date;;no;yes;no;;Check-in date;;Data do check-in;
Check-in with;;no;yes;no;;Check-in with;;Check-in com;
Check-ins created;;no;yes;no;;Check-ins created;;Check-ins criados;
Choose one;;no;yes;no;;Choose one;;Escolha um;
City;;no;yes;no;;City;;Cidade;
Clear;;no;yes;no;;Clear;;Limpar;
Clear all;;no;yes;no;;Clear all;;Limpar tudo;
Clear all filters;;no;yes;no;;Clear all filters;;Limpar todos os filtros;
Clear all filters & search;;no;yes;no;;Clear all filters & search;;Limpar todos os filtros e pesquisa;
Clear all filters and search;;no;yes;no;;Clear all filters and search;;Limpar todos os filtros e pesquisar;
Clear filters;;no;yes;no;;Clear filters;;Limpar filtros;
Clear search;;no;yes;no;;Clear search;;Limpar pesquisa;
Close;;no;yes;no;;Close;;Fechar;
Closed;;no;yes;no;;Closed;;Fechado;
Closed without document;;no;yes;no;;Closed without document;;Fechado sem documento;
Code;;no;yes;no;;Code;;Código;
Collaborative;;no;yes;no;;Collaborative;;Colaborativo;
Collapse;;no;yes;no;;Collapse;;Colapso;
Color;;no;yes;no;;Color;;Cor;
Column name;;no;yes;no;;Column name;;Nome da coluna;
Columns;;no;yes;no;;Columns;;Colunas;
Coming soon;;no;yes;no;;Coming soon;;Em breve;
Comm manager;;no;yes;no;;Comm manager;;Gestor de comunicações;
Comm round;;no;yes;no;;Comm round;;Ronda de comunicação;
Comment;;no;yes;no;;Comment;;Comentário;
Comments;;no;yes;no;;Comments;;Comentários;
Communication;;no;yes;no;;Communication;;Comunicação;
Communication Rounds;;no;yes;no;;Communication Rounds;;Rondas de comunicação;
Communication manager;;no;yes;no;;Communication manager;;Gestor de comunicação;
Communication manager name;;no;yes;no;;Communication manager name;;Nome do gestor de comunicação;
Communication round;;no;yes;no;;Communication round;;Ronda de comunicação;
Communication rounds;;no;yes;no;;Communication rounds;;Rondas de comunicação;
Comp Rounds;;no;yes;no;;Comp Rounds;;Rondas de compensação;
Comp element;;no;yes;no;;Comp element;;Elemento de compensação;
Comp elements;;no;yes;no;;Comp elements;;Elementos de compensação;
Comp manager;;no;yes;no;;Comp manager;;Gestor de compensações;
Comp managers;;no;yes;no;;Comp managers;;Gestores de compensação;
Comp round;;no;yes;no;;Comp round;;Ronda de compensação;
Comp round currency;;no;yes;no;;Comp round currency;;Moeda de ronda de comp;
Comp rounds;;no;yes;no;;Comp rounds;;Rondas de compensação;
Comp tree;;no;yes;no;;Comp tree;;Árvore de compensação;
Company;;no;yes;no;;Company;;Empresa;
Company logo;;no;yes;no;;Company logo;;Logótipo da empresa;
Company name;;no;yes;no;;Company name;;Nome da empresa;
Compare;;no;yes;no;;Compare;;Comparar;
Compensation;;no;yes;no;;Compensation;;Compensação;
Compensation Element;;no;yes;no;;Compensation Element;;Elemento de compensação;
Compensation History;;no;yes;no;;Compensation History;;Histórico de compensações;
Compensation Management;;no;yes;no;;Compensation Management;;Gestão de Remuneração;
Compensation Rounds;;no;yes;no;;Compensation Rounds;;Rondas de compensação;
Compensation element;;no;yes;no;;Compensation element;;Elemento de compensação;
Compensation elements;;no;yes;no;;Compensation elements;;Elementos de compensação;
Compensation field;;no;yes;no;;Compensation field;;Campo de remuneração;
Compensation framework;;no;yes;no;;Compensation framework;;Estrutura de compensação;
Compensation history;;no;yes;no;;Compensation history;;Histórico de compensação;
Compensation manager;;no;yes;no;;Compensation manager;;Gestor de compensação;
Compensation philosophy;;no;yes;no;;Compensation philosophy;;Filosofia de compensação;
Compensation rounds;;no;yes;no;;Compensation rounds;;Rondas de compensação;
Competency Scales;;no;yes;no;;Competency Scales;;Escalas de competência;
Competency scale;;no;yes;no;;Competency scale;;Escala de competências;
Complete;;no;yes;no;;Complete;;Concluído;
Completed;;no;yes;no;;Completed;;Concluído;
Completion;;no;yes;no;;Completion;;Conclusão;
Completion rate;;no;yes;no;;Completion rate;;Taxa de conclusão;
Concatenated fields;;no;yes;no;;Concatenated fields;;Campos concatenados;
Conditional;;no;yes;no;;Conditional;;Condicional;
Conditional formatting;;no;yes;no;;Conditional formatting;;Formatação condicional;
Config;;no;yes;no;;Config;;Configuração;
Configuration;;no;yes;no;;Configuration;;Configuração;
Configurations;;no;yes;no;;Configurations;;Configurações;
Confirm;;no;yes;no;;Confirm;;Confirmar;
Confirm deletion;;no;yes;no;;Confirm deletion;;Confirmar eliminação;
Confirmation;;no;yes;no;;Confirmation;;Confirmação;
Connection name;;no;yes;no;;Connection name;;Nome da ligação;
Constructive;;no;yes;no;;Constructive;;Construtivo;
Contains;;no;yes;no;;Contains;;Contém;
Continue;;no;yes;no;;Continue;;Continuar;
Continue editing;;no;yes;no;;Continue editing;;Continuar a editar;
Contract type;;no;yes;no;;Contract type;;Tipo de contrato;
Conversation & publication;;no;yes;no;;Conversation & publication;;Conversa e publicação;
Copy;;no;yes;no;;Copy;;Copiar;
Cost Center;;no;yes;no;;Cost Center;;Centro de custos;
Cost center;;no;yes;no;;Cost center;;Centro de custos;
Count;;no;yes;no;;Count;;Contagem;
Country;;no;yes;no;;Country;;País;
Create;;no;yes;no;;Create;;Criar;
Create check-in;;no;yes;no;;Create check-in;;Criar check-in;
Create communication round;;no;yes;no;;Create communication round;;Criar ronda de comunicação;
Create document;;no;yes;no;;Create document;;Criar documento;
Create goal;;no;yes;no;;Create goal;;Criar objetivo;
Create goal plan;;no;yes;no;;Create goal plan;;Criar plano de objetivo;
Create goal type;;no;yes;no;;Create goal type;;Criar tipo de objetivo;
Create model;;no;yes;no;;Create model;;Criar modelo;
Create performance review;;no;yes;no;;Create performance review;;Criar avaliação de desempenho;
Create rule;;no;yes;no;;Create rule;;Criar regra;
Created;;no;yes;no;;Created;;Criado;
Created by;;no;yes;no;;Created by;;Criado por;
Created date;;no;yes;no;;Created date;;Data de criação;
Created on;;no;yes;no;;Created on;;Criado em;
Creation date;;no;yes;no;;Creation date;;Data de criação;
Creator;;no;yes;no;;Creator;;Criador;
Criteria;;no;yes;no;;Criteria;;Critérios;
Criteria blocks;;no;yes;no;;Criteria blocks;;Blocos de critérios;
Criterion;;no;yes;no;;Criterion;;Critério;
Currency;;no;yes;no;;Currency;;Moeda;
Currency Settings;;no;yes;no;;Currency Settings;;Definições de Moeda;
Currency field;;no;yes;no;;Currency field;;Campo de moeda;
Currency source;;no;yes;no;;Currency source;;Origem da moeda;
Current;;no;yes;no;;Current;;Atual;
Current manager;;no;yes;no;;Current manager;;Gestor atual;
Custom;;no;yes;no;;Custom;;Personalizado;
Custom Entities;;no;yes;no;;Custom Entities;;Entidades Personalizadas;
Custom Fields;;no;yes;no;;Custom Fields;;Campos personalizados;
Custom column;;no;yes;no;;Custom column;;Coluna personalizada;
Custom criteria;;no;yes;no;;Custom criteria;;Critérios personalizados;
Custom entities;;no;yes;no;;Custom entities;;Entidades personalizadas;
Custom fields;;no;yes;no;;Custom fields;;Campos personalizados;
Custom section;;no;yes;no;;Custom section;;Secção personalizada;
Custom widget;;no;yes;no;;Custom widget;;Widget personalizado;
Data Entities & Sources;;no;yes;no;;Data Entities & Sources;;Entidades de dados e fontes;
Data Foundation;;no;yes;no;;Data Foundation;;Fundação de dados;
Data Management;;no;yes;no;;Data Management;;Gestão de dados;
Data Privacy;;no;yes;no;;Data Privacy;;Privacidade de dados;
Data Retention;;no;yes;no;;Data Retention;;Retenção de dados;
Data Upload;;no;yes;no;;Data Upload;;Carregamento de Dados;
Data entities & sources;;no;yes;no;;Data entities & sources;;Entidades e fontes de dados;
Data foundation;;no;yes;no;;Data foundation;;Fundação de dados;
Data management;;no;yes;no;;Data management;;Gestão de dados;
Data model;;no;yes;no;;Data model;;Modelo de dados;
Data privacy;;no;yes;no;;Data privacy;;Privacidade de dados;
Data privacy statement;;no;yes;no;;Data privacy statement;;Declaração de privacidade de dados;
Data retention period;;no;yes;no;;Data retention period;;Período de retenção de dados;
Data scope;;no;yes;no;;Data scope;;Âmbito de dados;
Data source;;no;yes;no;;Data source;;Fonte de dados;
Dataset;;no;yes;no;;Dataset;;Conjunto de dados;
Date;;no;yes;no;;Date;;Data;
Date & Time;;no;yes;no;;Date & Time;;Data e hora;
Date & time;;no;yes;no;;Date & time;;Data e hora;
Date to;;no;yes;no;;Date to;;Data até;
Days;;no;yes;no;;Days;;Dias;
Deactivate;;no;yes;no;;Deactivate;;Desativar;
Deactivated;;no;yes;no;;Deactivated;;Desativado;
Deactivated user;;no;yes;no;;Deactivated user;;Utilizador desativado;
Deactivation;;no;yes;no;;Deactivation;;Desativação;
Deadline status;;no;yes;no;;Deadline status;;Estado do prazo;
Decimal precision;;no;yes;no;;Decimal precision;;Precisão decimal;
Default;;no;yes;no;;Default;;Predefinição;
Default beqom logo;;no;yes;no;;Default beqom logo;;Logótipo padrão beqom;
Default value;;no;yes;no;;Default value;;Valor padrão;
Delete;;no;yes;no;;Delete;;Eliminar;
Delete all;;no;yes;no;;Delete all;;Eliminar tudo;
Delete comment;;no;yes;no;;Delete comment;;Eliminar comentário;
Delete goal;;no;yes;no;;Delete goal;;Eliminar objetivo;
Delete note;;no;yes;no;;Delete note;;Eliminar nota;
Delete rule;;no;yes;no;;Delete rule;;Eliminar regra;
Delete selected;;no;yes;no;;Delete selected;;Eliminar selecionado;
Deleted;;no;yes;no;;Deleted;;Eliminado;
Deleted by;;no;yes;no;;Deleted by;;Eliminado por;
Deletion;;no;yes;no;;Deletion;;Eliminação;
Deliverable;;no;yes;no;;Deliverable;;Entregável;
Deliverables;;no;yes;no;;Deliverables;;Entregas;
Demographic;;no;yes;no;;Demographic;;Demográfico;
Demographics;;no;yes;no;;Demographics;;Demografia;
Department;;no;yes;no;;Department;;Departamento;
Description;;no;yes;no;;Description;;Descrição;
Desktop;;no;yes;no;;Desktop;;Computador;
Details;;no;yes;no;;Details;;Detalhes;
Development;;no;yes;no;;Development;;Desenvolvimento;
Development plans;;no;yes;no;;Development plans;;Planos de desenvolvimento;
Digital reward statement;;no;yes;no;;Digital reward statement;;Extrato de recompensas digitais;
Direct Reports;;no;yes;no;;Direct Reports;;Subordinados diretos;
Direct report;;no;yes;no;;Direct report;;Subordinado direto;
Direct reports;;no;yes;no;;Direct reports;;Subordinados diretos;
Direction;;no;yes;no;;Direction;;Direção;
Disable;;no;yes;no;;Disable;;Desativar;
Disabled;;no;yes;no;;Disabled;;Desativado;
Discard;;no;yes;no;;Discard;;Descartar;
Discussion;;no;yes;no;;Discussion;;Discussão;
Discussion outcome;;no;yes;no;;Discussion outcome;;Resultado da discussão;
Discussion point;;no;yes;no;;Discussion point;;Ponto de discussão;
Discussion points;;no;yes;no;;Discussion points;;Pontos de discussão;
Display name;;no;yes;no;;Display name;;Nome de exibição;
Distribution;;no;yes;no;;Distribution;;Distribuição;
Distribution guidelines;;no;yes;no;;Distribution guidelines;;Diretrizes de distribuição;
Document;;no;yes;no;;Document;;Documento;
Document Settings;;no;yes;no;;Document Settings;;Definições do Documento;
Document Templates;;no;yes;no;;Document Templates;;Modelos de Documento;
Document generation;;no;yes;no;;Document generation;;Geração de documentos;
Document name;;no;yes;no;;Document name;;Nome do documento;
Document preview;;no;yes;no;;Document preview;;Pré-visualização do documento;
Document review;;no;yes;no;;Document review;;Revisão de documentos;
Document settings;;no;yes;no;;Document settings;;Definições do documento;
Document status;;no;yes;no;;Document status;;Estado do documento;
Document template;;no;yes;no;;Document template;;Modelo de documento;
Documents;;no;yes;no;;Documents;;Documentos;
Done;;no;yes;no;;Done;;Concluído;
Download;;no;yes;no;;Download;;Transferir;
Download CSV;;no;yes;no;;Download CSV;;Transferir CSV;
Download log file;;no;yes;no;;Download log file;;Descarregar ficheiro de registo;
Download template;;no;yes;no;;Download template;;Transferir modelo;
Download the template;;no;yes;no;;Download the template;;Transferir o modelo;
Draft;;no;yes;no;;Draft;;Rascunho;
Drop-down list;;no;yes;no;;Drop-down list;;Lista pendente;
Due date;;no;yes;no;;Due date;;Data de vencimento;
Duplicate;;no;yes;no;;Duplicate;;Duplicar;
Duplication successful;;no;yes;no;;Duplication successful;;Duplicação bem-sucedida;
Edit;;no;yes;no;;Edit;;Editar;
Edit goal;;no;yes;no;;Edit goal;;Editar objetivo;
Edit model;;no;yes;no;;Edit model;;Editar modelo;
Edit note;;no;yes;no;;Edit note;;Editar nota;
Edited;;no;yes;no;;Edited;;Editado;
Education;;no;yes;no;;Education;;Educação;
Effective date;;no;yes;no;;Effective date;;Data de entrada em vigor;
Eligibility;;no;yes;no;;Eligibility;;Elegibilidade;
Eligible;;no;yes;no;;Eligible;;Elegível;
Eligible workers;;no;yes;no;;Eligible workers;;Trabalhadores elegíveis;
Else;;no;yes;no;;Else;;Caso contrário;
Email Notifications;;no;yes;no;;Email Notifications;;Notificações por e-mail;
Email address;;no;yes;no;;Email address;;Endereço de email;
Email notification;;no;yes;no;;Email notification;;Notificação por e-mail;
Email notifications;;no;yes;no;;Email notifications;;Notificações de e-mail;
Email subject;;no;yes;no;;Email subject;;Assunto do e-mail;
Employment;;no;yes;no;;Employment;;Emprego;
Empty;;no;yes;no;;Empty;;Vazio;
Enable;;no;yes;no;;Enable;;Activar;
Enable Feedback;;no;yes;no;;Enable Feedback;;Ativar feedback;
Enabled;;no;yes;no;;Enabled;;Ativado;
End date;;no;yes;no;;End date;;Data de término;
Endorsed;;no;yes;no;;Endorsed;;Apoiado;
Enter;;no;yes;no;;Enter;;Introduzir;
Enter a name;;no;yes;no;;Enter a name;;Introduzir um nome;
Enter text;;no;yes;no;;Enter text;;Introduzir texto;
Entities;;no;yes;no;;Entities;;Entidades;
Entities & fields;;no;yes;no;;Entities & fields;;Entidades e campos;
Entity;;no;yes;no;;Entity;;Entidade;
Entity details;;no;yes;no;;Entity details;;Detalhes da entidade;
Entity enum;;no;yes;no;;Entity enum;;Enumeração de entidade;
Entity name;;no;yes;no;;Entity name;;Nome da entidade;
Equal to;;no;yes;no;;Equal to;;Igual a;
Equity;;no;yes;no;;Equity;;Capital próprio;
Error;;no;yes;no;;Error;;Erro;
Errors;;no;yes;no;;Errors;;Erros;
Evaluation section;;no;yes;no;;Evaluation section;;Secção de avaliação;
Examples;;no;yes;no;;Examples;;Exemplos;
Exchange Rates;;no;yes;no;;Exchange Rates;;Taxas de Câmbio;
Exchange rate;;no;yes;no;;Exchange rate;;Taxa de câmbio;
Exchange rate type;;no;yes;no;;Exchange rate type;;Tipo de taxa de câmbio;
Exchange rates;;no;yes;no;;Exchange rates;;Taxas de câmbio;
Exclude;;no;yes;no;;Exclude;;Excluir;
Exclude individuals;;no;yes;no;;Exclude individuals;;Excluir indivíduos;
Excluded;;no;yes;no;;Excluded;;Excluído;
Exit;;no;yes;no;;Exit;;Sair;
Exit without saving;;no;yes;no;;Exit without saving;;Sair sem guardar;
Expand;;no;yes;no;;Expand;;Expandir;
Experience;;no;yes;no;;Experience;;Experiência;
Export;;no;yes;no;;Export;;Exportar;
Expression;;no;yes;no;;Expression;;Expressão;
Expression formula;;no;yes;no;;Expression formula;;Fórmula de expressão;
External;;no;yes;no;;External;;Externo;
Failed;;no;yes;no;;Failed;;Falhou;
Favorite;;no;yes;no;;Favorite;;Favorito;
Favorite feedback;;no;yes;no;;Favorite feedback;;Feedback favorito;
Favorites;;no;yes;no;;Favorites;;Favoritos;
Feature;;no;yes;no;;Feature;;Funcionalidade;
Feature Enablement;;no;yes;no;;Feature Enablement;;Ativação de funcionalidades;
Feature enablement;;no;yes;no;;Feature enablement;;Ativação de funcionalidades;
Features;;no;yes;no;;Features;;Funcionalidades;
Feedback Ratings;;no;yes;no;;Feedback Ratings;;Classificações do Feedback;
Feedback from;;no;yes;no;;Feedback from;;Feedback de;
Feedback insights;;no;yes;no;;Feedback insights;;Perceções de feedback;
Feedback note;;no;yes;no;;Feedback note;;Nota de feedback;
Feedback notes;;no;yes;no;;Feedback notes;;Notas de feedback;
Feedback rating;;no;yes;no;;Feedback rating;;Classificação de feedback;
Feedback received;;no;yes;no;;Feedback received;;Feedback recebido;
Feedback request;;no;yes;no;;Feedback request;;Pedido de feedback;
Feedback requested;;no;yes;no;;Feedback requested;;Feedback solicitado;
Feedback requests;;no;yes;no;;Feedback requests;;Pedidos de feedback;
Feedback sent;;no;yes;no;;Feedback sent;;Feedback enviado;
Feedback sent to;;no;yes;no;;Feedback sent to;;Feedback enviado para;
Female;;no;yes;no;;Female;;Feminino;
Field;;no;yes;no;;Field;;Campo;
Field name;;no;yes;no;;Field name;;Nome do campo;
Fields;;no;yes;no;;Fields;;Campos;
Fields used;;no;yes;no;;Fields used;;Campos utilizados;
File name;;no;yes;no;;File name;;Nome do ficheiro;
File upload;;no;yes;no;;File upload;;Carregamento de ficheiro;
Fill in the necessary details;;no;yes;no;;Fill in the necessary details;;Preencha os detalhes necessários;
Filter;;no;yes;no;;Filter;;Filtrar;
Filters;;no;yes;no;;Filters;;Filtros;
Final Validation;;no;yes;no;;Final Validation;;Validação final;
Final validation;;no;yes;no;;Final validation;;Validação final;
Fixed;;no;yes;no;;Fixed;;Corrigido;
For managers;;no;yes;no;;For managers;;Para gestores;
For workers;;no;yes;no;;For workers;;Para trabalhadores;
Formatting;;no;yes;no;;Formatting;;Formatação;
Forms;;no;yes;no;;Forms;;Formulários;
Formula;;no;yes;no;;Formula;;Fórmula;
From;;no;yes;no;;From;;De;
Full name;;no;yes;no;;Full name;;Nome completo;
Functions;;no;yes;no;;Functions;;Funções;
Gender;;no;yes;no;;Gender;;Género;
General;;no;yes;no;;General;;Geral;
General information;;no;yes;no;;General information;;Informações gerais;
Generate;;no;yes;no;;Generate;;Gerar;
Generate PDF;;no;yes;no;;Generate PDF;;Gerar PDF;
Generated;;no;yes;no;;Generated;;Gerado;
Generation date;;no;yes;no;;Generation date;;Data de geração;
Get started by creating one;;no;yes;no;;Get started by creating one;;Comece por criar um;
Give;;no;yes;no;;Give;;Dar;
Give feedback;;no;yes;no;;Give feedback;;Dar feedback;
Global currency;;no;yes;no;;Global currency;;Moeda global;
Global worker category;;no;yes;no;;Global worker category;;Categoria de trabalhador global;
Go to feedback;;no;yes;no;;Go to feedback;;Ir para feedback;
Goal;;no;yes;no;;Goal;;Objetivo;
Goal Achievement;;no;yes;no;;Goal Achievement;;Alcançar o objetivo;
Goal Alignment;;no;yes;no;;Goal Alignment;;Alinhamento de Objetivos;
Goal Details;;no;yes;no;;Goal Details;;Detalhes do Objetivo;
Goal ID;;no;yes;no;;Goal ID;;ID do objetivo;
Goal Overview;;no;yes;no;;Goal Overview;;Visão Geral dos Objetivos;
Goal Plan;;no;yes;no;;Goal Plan;;Plano de objetivo;
Goal Plans;;no;yes;no;;Goal Plans;;Planos de objetivo;
Goal Status;;no;yes;no;;Goal Status;;Estado do Objetivo;
Goal Tag Libraries;;no;yes;no;;Goal Tag Libraries;;Bibliotecas de etiquetas de objetivos;
Goal Types;;no;yes;no;;Goal Types;;Tipos de objetivos;
Goal achievement;;no;yes;no;;Goal achievement;;Realização de objetivos;
Goal alignment;;no;yes;no;;Goal alignment;;Alinhamento de objetivos;
Goal creator;;no;yes;no;;Goal creator;;Criador de objetivos;
Goal details;;no;yes;no;;Goal details;;Detalhes do objetivo;
Goal name;;no;yes;no;;Goal name;;Nome do objetivo;
Goal overview;;no;yes;no;;Goal overview;;Visão geral do objetivo;
Goal owner;;no;yes;no;;Goal owner;;Proprietário do objetivo;
Goal owner worker ID;;no;yes;no;;Goal owner worker ID;;ID do colaborador proprietário do objetivo;
Goal period;;no;yes;no;;Goal period;;Período do objetivo;
Goal plan;;no;yes;no;;Goal plan;;Plano de objetivos;
Goal plans;;no;yes;no;;Goal plans;;Planos de objetivos;
Goal priority;;no;yes;no;;Goal priority;;Prioridade do objetivo;
Goal progress;;no;yes;no;;Goal progress;;Progresso do objetivo;
Goal status;;no;yes;no;;Goal status;;Estado do objetivo;
Goal tags;;no;yes;no;;Goal tags;;Etiquetas de objetivos;
Goal title;;no;yes;no;;Goal title;;Título do objetivo;
Goal tracking status;;no;yes;no;;Goal tracking status;;Estado de monitorização do objetivo;
Goal type;;no;yes;no;;Goal type;;Tipo de objetivo;
Goal type weight;;no;yes;no;;Goal type weight;;Peso do tipo de objetivo;
Goal types;;no;yes;no;;Goal types;;Tipos de objetivo;
Goal weight;;no;yes;no;;Goal weight;;Peso objetivo;
Goal workflow;;no;yes;no;;Goal workflow;;Fluxo de trabalho do objetivo;
Goals;;no;yes;no;;Goals;;Objetivos;
Goals aligned with this goal;;no;yes;no;;Goals aligned with this goal;;Objetivos alinhados com este objetivo;
Grade;;no;yes;no;;Grade;;Ano;
Grant date;;no;yes;no;;Grant date;;Data de concessão;
Grant proxy access;;no;yes;no;;Grant proxy access;;Conceder acesso de representação;
Grants;;no;yes;no;;Grants;;Subvenções;
Greater than;;no;yes;no;;Greater than;;Maior que;
Greater than or equal to;;no;yes;no;;Greater than or equal to;;Maior ou igual a;
Group name;;no;yes;no;;Group name;;Nome do grupo;
Groups;;no;yes;no;;Groups;;Grupos;
Guaranteed amount;;no;yes;no;;Guaranteed amount;;Montante garantido;
Guaranteed amount rule;;no;yes;no;;Guaranteed amount rule;;Regra de montante garantido;
Guaranteed amounts;;no;yes;no;;Guaranteed amounts;;Montantes garantidos;
Guideline;;no;yes;no;;Guideline;;Diretriz;
Guidelines;;no;yes;no;;Guidelines;;Diretrizes;
HRBP approval;;no;yes;no;;HRBP approval;;Aprovação do HRBP;
HRBP review;;no;yes;no;;HRBP review;;Avaliação de HRBP;
Help;;no;yes;no;;Help;;Ajuda;
Help tip;;no;yes;no;;Help tip;;Dica de ajuda;
Helpful;;no;yes;no;;Helpful;;Útil;
Hide;;no;yes;no;;Hide;;Ocultar;
Hierarchy;;no;yes;no;;Hierarchy;;Hierarquia;
High;;no;yes;no;;High;;Elevada;
Historical Reviews;;no;yes;no;;Historical Reviews;;Avaliações históricas;
Historical compensation;;no;yes;no;;Historical compensation;;Compensação histórica;
Home;;no;yes;no;;Home;;Início;
Identifier;;no;yes;no;;Identifier;;Identificador;
Image;;no;yes;no;;Image;;Imagem;
Import;;no;yes;no;;Import;;Importar;
In progress;;no;yes;no;;In progress;;Em progresso;
In use;;no;yes;no;;In use;;Em uso;
Inactive;;no;yes;no;;Inactive;;Inativo;
Include;;no;yes;no;;Include;;Incluir;
Included;;no;yes;no;;Included;;Incluído;
Individual;;no;yes;no;;Individual;;Indivíduo;
Individual goal;;no;yes;no;;Individual goal;;Objetivo individual;
Individual goals;;no;yes;no;;Individual goals;;Objetivos individuais;
Individual view;;no;yes;no;;Individual view;;Vista individual;
Individual workers;;no;yes;no;;Individual workers;;Trabalhadores individuais;
Individuals;;no;yes;no;;Individuals;;Indivíduos;
Ingestion;;no;yes;no;;Ingestion;;Ingestão;
Input;;no;yes;no;;Input;;Entrada;
Insightful;;no;yes;no;;Insightful;;Perspicaz;
Insights;;no;yes;no;;Insights;;Perceções;
Inspiring;;no;yes;no;;Inspiring;;Inspirador;
Instant messaging address;;no;yes;no;;Instant messaging address;;Endereço de mensagens instantâneas;
Integer;;no;yes;no;;Integer;;Número inteiro;
Is PII;;no;yes;no;;Is PII;;É PII;
Is completed;;no;yes;no;;Is completed;;Está concluído;
Is enabled;;no;yes;no;;Is enabled;;Está ativado;
Is read;;no;yes;no;;Is read;;Foi lido;
Is required;;no;yes;no;;Is required;;É obrigatório;
Job code;;no;yes;no;;Job code;;Código de trabalho;
Job level;;no;yes;no;;Job level;;Nível de cargo;
Job title;;no;yes;no;;Job title;;Cargo;
Key dates;;no;yes;no;;Key dates;;Datas principais;
Key deliverables;;no;yes;no;;Key deliverables;;Principais entregas;
Label;;no;yes;no;;Label;;Etiqueta;
Language;;no;yes;no;;Language;;Idioma;
Language code;;no;yes;no;;Language code;;Código de idioma;
Languages;;no;yes;no;;Languages;;Idiomas;
Last edited;;no;yes;no;;Last edited;;Última edição;
Last update;;no;yes;no;;Last update;;Última actualização;
Last updated;;no;yes;no;;Last updated;;Última atualização;
Learning;;no;yes;no;;Learning;;Aprendizagem;
Leave of absence;;no;yes;no;;Leave of absence;;Licença de ausência;
Legal Entity;;no;yes;no;;Legal Entity;;Entidade legal;
Legal entity;;no;yes;no;;Legal entity;;Entidade jurídica;
Less than;;no;yes;no;;Less than;;Menos de;
Less than or equal to;;no;yes;no;;Less than or equal to;;Menor ou igual a;
Let's meet;;no;yes;no;;Let's meet;;Vamos encontrar-nos;
Level;;no;yes;no;;Level;;Nível;
Library details;;no;yes;no;;Library details;;Detalhes da biblioteca;
Library name;;no;yes;no;;Library name;;Nome da biblioteca;
Limit;;no;yes;no;;Limit;;Limite;
Line manager;;no;yes;no;;Line manager;;Gestor direto;
Linear curve;;no;yes;no;;Linear curve;;Curva linear;
Link;;no;yes;no;;Link;;Ligação;
Local time;;no;yes;no;;Local time;;Hora local;
Local worker category;;no;yes;no;;Local worker category;;Categoria de trabalhador local;
Localization;;no;yes;no;;Localization;;Localização;
Location;;no;yes;no;;Location;;Localização;
Locations;;no;yes;no;;Locations;;Localizações;
Logins;;no;yes;no;;Logins;;Inícios de Sessão;
Logins over time;;no;yes;no;;Logins over time;;Inícios de sessão ao longo do tempo;
Logout;;no;yes;no;;Logout;;Terminar sessão;
Low;;no;yes;no;;Low;;Baixa;
Main;;no;yes;no;;Main;;Principal;
Main currency;;no;yes;no;;Main currency;;Moeda principal;
Main group;;no;yes;no;;Main group;;Grupo principal;
Male;;no;yes;no;;Male;;Masculino;
Manage;;no;yes;no;;Manage;;Gerir;
Manage users;;no;yes;no;;Manage users;;Gerir utilizadores;
Manager;;no;yes;no;;Manager;;Gestor;
Manager + 1;;no;yes;no;;Manager + 1;;Gestor + 1;
Manager ID;;no;yes;no;;Manager ID;;ID do gestor;
Manager feedback;;no;yes;no;;Manager feedback;;Feedback do gestor;
Manager name;;no;yes;no;;Manager name;;Nome do gestor;
Manager proposal;;no;yes;no;;Manager proposal;;Proposta do gestor;
Manager review;;no;yes;no;;Manager review;;Avaliação do gestor;
Manager+1;;no;yes;no;;Manager+1;;Gestor+1;
Managers;;no;yes;no;;Managers;;Gestores;
Mandatory;;no;yes;no;;Mandatory;;Obrigatório;
Manually;;no;yes;no;;Manually;;Manualmente;
Mapping configuration;;no;yes;no;;Mapping configuration;;Configuração de mapeamento;
Max target;;no;yes;no;;Max target;;Meta máxima;
Max. score;;no;yes;no;;Max. score;;Pontuação máx.;
Maximum;;no;yes;no;;Maximum;;Máximo;
Maximum outcome;;no;yes;no;;Maximum outcome;;Resultado máximo;
Maximum payout;;no;yes;no;;Maximum payout;;Pagamento máximo;
Measurement;;no;yes;no;;Measurement;;Medição;
Measurement criteria;;no;yes;no;;Measurement criteria;;Critérios de medição;
Medium;;no;yes;no;;Medium;;Média;
Message;;no;yes;no;;Message;;Mensagem;
Min target;;no;yes;no;;Min target;;Alvo mínimo;
Minimum;;no;yes;no;;Minimum;;Mínimo;
Minimum outcome;;no;yes;no;;Minimum outcome;;Resultado mínimo;
Model;;no;yes;no;;Model;;Modelo;
Model description;;no;yes;no;;Model description;;Descrição do modelo;
Model details;;no;yes;no;;Model details;;Detalhes do modelo;
Model features;;no;yes;no;;Model features;;Funcionalidades do modelo;
Model name;;no;yes;no;;Model name;;Nome do modelo;
Model type;;no;yes;no;;Model type;;Tipo de modelo;
Models;;no;yes;no;;Models;;Modelos;
Moderation;;no;yes;no;;Moderation;;Moderação;
Moderation stage;;no;yes;no;;Moderation stage;;Etapa de moderação;
Month;;no;yes;no;;Month;;Mês;
Months;;no;yes;no;;Months;;Meses;
More;;no;yes;no;;More;;Mais;
More details;;no;yes;no;;More details;;Mais detalhes;
Move reviews;;no;yes;no;;Move reviews;;Mover avaliações;
Multiple;;no;yes;no;;Multiple;;Múltiplos;
My behavior profile;;no;yes;no;;My behavior profile;;O meu perfil de comportamento;
My feedback;;no;yes;no;;My feedback;;O meu feedback;
My goal;;no;yes;no;;My goal;;O meu objetivo;
My goals;;no;yes;no;;My goals;;Os meus objetivos;
My note;;no;yes;no;;My note;;A minha nota;
My review;;no;yes;no;;My review;;A minha avaliação;
My reviews;;no;yes;no;;My reviews;;As minhas avaliações;
Name;;no;yes;no;;Name;;Nome;
New manager;;no;yes;no;;New manager;;Novo gestor;
New password;;no;yes;no;;New password;;Nova palavra-passe;
Next;;no;yes;no;;Next;;Seguinte;
Next step;;no;yes;no;;Next step;;Próximo passo;
Nickname;;no;yes;no;;Nickname;;Alcunha;
No career development plans;;no;yes;no;;No career development plans;;Nenhum plano de desenvolvimento de carreira;
No check-ins;;no;yes;no;;No check-ins;;Sem check-ins;
No comments yet;;no;yes;no;;No comments yet;;Ainda sem comentários;
No compensation rounds;;no;yes;no;;No compensation rounds;;Sem rondas de compensação;
No data;;no;yes;no;;No data;;Sem dados;
No description;;no;yes;no;;No description;;Sem descrição;
No documents;;no;yes;no;;No documents;;Sem documentos;
No feedback;;no;yes;no;;No feedback;;Sem feedback;
No goals;;no;yes;no;;No goals;;Sem objetivos;
No goals yet;;no;yes;no;;No goals yet;;Ainda não há objetivos;
No messages yet;;no;yes;no;;No messages yet;;Ainda não há mensagens;
No notes;;no;yes;no;;No notes;;Sem notas;
No populations;;no;yes;no;;No populations;;Sem populações;
No populations yet;;no;yes;no;;No populations yet;;Ainda não há populações;
No priority;;no;yes;no;;No priority;;Sem prioridade;
No questions;;no;yes;no;;No questions;;Sem perguntas;
No results;;no;yes;no;;No results;;Sem resultados;
No results found;;no;yes;no;;No results found;;Nenhum resultado encontrado;
No value;;no;yes;no;;No value;;Sem valor;
Non-conditional;;no;yes;no;;Non-conditional;;Não condicional;
None;;no;yes;no;;None;;Nenhum;
Not completed;;no;yes;no;;Not completed;;Não concluído;
Not empty;;no;yes;no;;Not empty;;Não vazio;
Not released;;no;yes;no;;Not released;;Não disponibilizado;
Not selected;;no;yes;no;;Not selected;;Não selecionado;
Not started;;no;yes;no;;Not started;;Não iniciado;
Not submitted;;no;yes;no;;Not submitted;;Não submetido;
Note;;no;yes;no;;Note;;Nota;
Notes;;no;yes;no;;Notes;;Notas;
Notification bell;;no;yes;no;;Notification bell;;Sino de notificações;
Notifications;;no;yes;no;;Notifications;;Notificações;
Nudge;;no;yes;no;;Nudge;;Lembrete;
Number;;no;yes;no;;Number;;Número;
Number of days;;no;yes;no;;Number of days;;Número de dias;
Number of years;;no;yes;no;;Number of years;;Número de anos;
Numeric;;no;yes;no;;Numeric;;Numérico;
Observations;;no;yes;no;;Observations;;Observações;
On track;;no;yes;no;;On track;;No caminho certo;
Open;;no;yes;no;;Open;;Abrir;
Operator;;no;yes;no;;Operator;;Operador;
Optional;;no;yes;no;;Optional;;Opcional;
Organization;;no;yes;no;;Organization;;Organização;
Organization external ID;;no;yes;no;;Organization external ID;;ID externo da organização;
Organizational;;no;yes;no;;Organizational;;Organizacional;
Organizational Units;;no;yes;no;;Organizational Units;;Unidades organizacionais;
Organizational goal;;no;yes;no;;Organizational goal;;Objetivo organizacional;
Organizational unit;;no;yes;no;;Organizational unit;;Unidade organizacional;
Other;;no;yes;no;;Other;;Outro;
Outcome;;no;yes;no;;Outcome;;Resultado;
Overall behavior rating;;no;yes;no;;Overall behavior rating;;Classificação geral de comportamento;
Overall performance;;no;yes;no;;Overall performance;;Desempenho geral;
Overall performance rating;;no;yes;no;;Overall performance rating;;Classificação geral de desempenho;
Overall progress;;no;yes;no;;Overall progress;;Progresso geral;
Overdue;;no;yes;no;;Overdue;;Atrasado;
Overview;;no;yes;no;;Overview;;Visão geral;
Owner;;no;yes;no;;Owner;;Proprietário;
Owners;;no;yes;no;;Owners;;Proprietários;
Participant;;no;yes;no;;Participant;;Participante;
Participants;;no;yes;no;;Participants;;Participantes;
Passport;;no;yes;no;;Passport;;Passaporte;
Password;;no;yes;no;;Password;;Palavra-passe;
Past;;no;yes;no;;Past;;Passado;
Pay Analysis;;no;yes;no;;Pay Analysis;;Análise Salarial;
Pay Information;;no;yes;no;;Pay Information;;Informações de Remuneração;
Pay Intelligence;;no;yes;no;;Pay Intelligence;;Inteligência salarial;
Pay Transparency;;no;yes;no;;Pay Transparency;;Transparência salarial;
Pay analysis;;no;yes;no;;Pay analysis;;Análise de remuneração;
Pay information;;no;yes;no;;Pay information;;Informações de remuneração;
Pay information requests;;no;yes;no;;Pay information requests;;Pedidos de informação salarial;
Pay range;;no;yes;no;;Pay range;;Intervalo salarial;
Payout;;no;yes;no;;Payout;;Pagamento;
Payout Curves;;no;yes;no;;Payout Curves;;Curvas de Pagamento;
Payout curve;;no;yes;no;;Payout curve;;Curva de pagamento;
Payout curves;;no;yes;no;;Payout curves;;Curvas de pagamento;
Payroll;;no;yes;no;;Payroll;;Folha de Pagamento;
Payroll data drop;;no;yes;no;;Payroll data drop;;Entrega de dados de folha de pagamento;
Peers;;no;yes;no;;Peers;;Pares;
Pending;;no;yes;no;;Pending;;Pendente;
Pending approval;;no;yes;no;;Pending approval;;Aprovação pendente;
Pending confirmation;;no;yes;no;;Pending confirmation;;A aguardar confirmação;
Pending draft;;no;yes;no;;Pending draft;;Rascunho pendente;
Pending publishing;;no;yes;no;;Pending publishing;;Publicação pendente;
Pending sign-off;;no;yes;no;;Pending sign-off;;Pendente de aprovação;
People;;no;yes;no;;People;;Pessoas;
People day;;no;yes;no;;People day;;Dia de pessoas;
Percentage;;no;yes;no;;Percentage;;Percentagem;
Performance;;no;yes;no;;Performance;;Desempenho;
Performance Management;;no;yes;no;;Performance Management;;Gestão de desempenho;
Performance Reviews;;no;yes;no;;Performance Reviews;;Avaliações de desempenho;
Performance check-ins;;no;yes;no;;Performance check-ins;;Check-ins de desempenho;
Performance rating;;no;yes;no;;Performance rating;;Classificação de desempenho;
Performance review;;no;yes;no;;Performance review;;Avaliação de desempenho;
Performance review details;;no;yes;no;;Performance review details;;Detalhes da avaliação de desempenho;
Performance review templates;;no;yes;no;;Performance review templates;;Modelos de avaliação de desempenho;
Period;;no;yes;no;;Period;;Período;
Period start date;;no;yes;no;;Period start date;;Data de início do período;
Personal;;no;yes;no;;Personal;;Pessoal;
Personally identifiable information;;no;yes;no;;Personally identifiable information;;Informação pessoalmente identificável;
Phone number;;no;yes;no;;Phone number;;Número de telefone;
Plan;;no;yes;no;;Plan;;Plano;
Plan details;;no;yes;no;;Plan details;;Detalhes do plano;
Plan name;;no;yes;no;;Plan name;;Nome do plano;
Plan stage;;no;yes;no;;Plan stage;;Fase do plano;
Plan transmission;;no;yes;no;;Plan transmission;;Planear transmissão;
Planner;;no;yes;no;;Planner;;Planeador;
Plans;;no;yes;no;;Plans;;Planos;
Population;;no;yes;no;;Population;;População;
Population criteria;;no;yes;no;;Population criteria;;Critérios de população;
Populations;;no;yes;no;;Populations;;Populações;
Position in pay range;;no;yes;no;;Position in pay range;;Posição na faixa salarial;
Preview;;no;yes;no;;Preview;;Pré-visualização;
Preview document;;no;yes;no;;Preview document;;Pré-visualizar documento;
Previous;;no;yes;no;;Previous;;Anterior;
Priority;;no;yes;no;;Priority;;Prioridade;
Privacy;;no;yes;no;;Privacy;;Privacidade;
Privacy settings;;no;yes;no;;Privacy settings;;Configurações de privacidade;
Privacy statement text;;no;yes;no;;Privacy statement text;;Texto da declaração de privacidade;
Private;;no;yes;no;;Private;;Privado;
Proceed;;no;yes;no;;Proceed;;Prosseguir;
Processing;;no;yes;no;;Processing;;Processamento;
Professional;;no;yes;no;;Professional;;Profissional;
Progress;;no;yes;no;;Progress;;Progresso;
Progress tracking;;no;yes;no;;Progress tracking;;Monitorização de progresso;
Properties;;no;yes;no;;Properties;;Propriedades;
Proposal management;;no;yes;no;;Proposal management;;Gestão de propostas;
Prorated target bonus;;no;yes;no;;Prorated target bonus;;Bónus objetivo proporcional;
Proxy;;no;yes;no;;Proxy;;Representação;
Proxy access list;;no;yes;no;;Proxy access list;;Lista de acesso de representação;
Proxy permission;;no;yes;no;;Proxy permission;;Permissão de representação;
Public;;no;yes;no;;Public;;Público;
Public feedback;;no;yes;no;;Public feedback;;Feedback público;
Publish;;no;yes;no;;Publish;;Publicar;
Published;;no;yes;no;;Published;;Publicado;
Published date;;no;yes;no;;Published date;;Data de publicação;
Publishing;;no;yes;no;;Publishing;;Publicação;
Purpose;;no;yes;no;;Purpose;;Finalidade;
Question;;no;yes;no;;Question;;Questão;
Questions;;no;yes;no;;Questions;;Perguntas;
RTI request status;;no;yes;no;;RTI request status;;Estado do pedido RTI;
Range;;no;yes;no;;Range;;Intervalo;
Rate this feedback;;no;yes;no;;Rate this feedback;;Avalie este feedback;
Rating;;no;yes;no;;Rating;;Classificação;
Rating changed;;no;yes;no;;Rating changed;;Classificação alterada;
Rating distribution;;no;yes;no;;Rating distribution;;Distribuição de classificações;
Rating scale;;no;yes;no;;Rating scale;;Escala de classificação;
Rating scales;;no;yes;no;;Rating scales;;Escalas de classificação;
Read;;no;yes;no;;Read;;Ler;
Read only;;no;yes;no;;Read only;;Apenas para leitura;
Read status;;no;yes;no;;Read status;;Estado de leitura;
Read-only;;no;yes;no;;Read-only;;Apenas leitura;
Ready;;no;yes;no;;Ready;;Pronto;
Reassign;;no;yes;no;;Reassign;;Reatribuir;
Reassign manager;;no;yes;no;;Reassign manager;;Reatribuir gestor;
Reassigned;;no;yes;no;;Reassigned;;Reatribuído;
Received;;no;yes;no;;Received;;Recebido;
Received behaviors;;no;yes;no;;Received behaviors;;Comportamentos recebidos;
Received feedback;;no;yes;no;;Received feedback;;Feedback recebido;
Recipient;;no;yes;no;;Recipient;;Destinatário;
Recipients;;no;yes;no;;Recipients;;Destinatários;
Recognition;;no;yes;no;;Recognition;;Reconhecimento;
Recognized behaviors;;no;yes;no;;Recognized behaviors;;Comportamentos reconhecidos;
Recommended;;no;yes;no;;Recommended;;Recomendado;
Recurrence;;no;yes;no;;Recurrence;;Recorrência;
Recurring;;no;yes;no;;Recurring;;Recorrente;
Reference;;no;yes;no;;Reference;;Referência;
Reference number;;no;yes;no;;Reference number;;Número de referência;
Refresh;;no;yes;no;;Refresh;;Atualizar;
Region;;no;yes;no;;Region;;Região;
Regular check-ins;;no;yes;no;;Regular check-ins;;Check-ins regulares;
Reject;;no;yes;no;;Reject;;Rejeitar;
Rejected;;no;yes;no;;Rejected;;Rejeitado;
Relation;;no;yes;no;;Relation;;Relação;
Release;;no;yes;no;;Release;;Disponibilizar;
Release status;;no;yes;no;;Release status;;Estado de disponibilização;
Released;;no;yes;no;;Released;;Disponibilizado;
Remaining;;no;yes;no;;Remaining;;Restante;
Reminder name;;no;yes;no;;Reminder name;;Nome do lembrete;
Reminders;;no;yes;no;;Reminders;;Lembretes;
Remove;;no;yes;no;;Remove;;Remover;
Remove all;;no;yes;no;;Remove all;;Remover tudo;
Rename;;no;yes;no;;Rename;;Alterar o nome;
Reopen;;no;yes;no;;Reopen;;Reabrir;
Reopen reviews;;no;yes;no;;Reopen reviews;;Reabrir avaliações;
Reopened;;no;yes;no;;Reopened;;Reaberto;
Reply rate;;no;yes;no;;Reply rate;;Taxa de resposta;
Reports;;no;yes;no;;Reports;;Relatórios;
Republish;;no;yes;no;;Republish;;Republicar;
Republished round;;no;yes;no;;Republished round;;Ronda republicada;
Request;;no;yes;no;;Request;;Pedido;
Request ID;;no;yes;no;;Request ID;;ID do Pedido;
Request date;;no;yes;no;;Request date;;Data do pedido;
Request details;;no;yes;no;;Request details;;Detalhes do pedido;
Request feedback;;no;yes;no;;Request feedback;;Solicitar feedback;
Request feedback from;;no;yes;no;;Request feedback from;;Solicitar feedback de;
Request feedback now;;no;yes;no;;Request feedback now;;Solicitar feedback agora;
Request feedback on;;no;yes;no;;Request feedback on;;Solicitar feedback sobre;
Request pay information;;no;yes;no;;Request pay information;;Solicitar informações salariais;
Request status;;no;yes;no;;Request status;;Estado do pedido;
Requested;;no;yes;no;;Requested;;Solicitado;
Requested feedback;;no;yes;no;;Requested feedback;;Feedback solicitado;
Requests;;no;yes;no;;Requests;;Pedidos;
Requests about my team;;no;yes;no;;Requests about my team;;Pedidos sobre a minha equipa;
Required;;no;yes;no;;Required;;Obrigatório;
Resources;;no;yes;no;;Resources;;Recursos;
Response permission;;no;yes;no;;Response permission;;Permissão de resposta;
Resubmit;;no;yes;no;;Resubmit;;Reenviar;
Result;;no;yes;no;;Result;;Resultado;
Review;;no;yes;no;;Review;;Avaliação;
Review Details;;no;yes;no;;Review Details;;Detalhes de avaliação;
Review Status;;no;yes;no;;Review Status;;Estado da Avaliação;
Review about;;no;yes;no;;Review about;;Avaliação sobre;
Review challenge;;no;yes;no;;Review challenge;;Desafio da avaliação;
Review name;;no;yes;no;;Review name;;Nome da avaliação;
Review rating;;no;yes;no;;Review rating;;Classificação da avaliação;
Review rating distribution;;no;yes;no;;Review rating distribution;;Distribuição de classificações de avaliação;
Review settings;;no;yes;no;;Review settings;;Configurações de avaliação;
Review stage;;no;yes;no;;Review stage;;Etapa de avaliação;
Review stages;;no;yes;no;;Review stages;;Etapas da avaliação;
Review status;;no;yes;no;;Review status;;Estado da avaliação;
Review type;;no;yes;no;;Review type;;Tipo de avaliação;
Reviews;;no;yes;no;;Reviews;;Avaliações;
Role;;no;yes;no;;Role;;Função;
Roles;;no;yes;no;;Roles;;Funções;
Round;;no;yes;no;;Round;;Ronda;
Round code;;no;yes;no;;Round code;;Código da ronda;
Round details;;no;yes;no;;Round details;;Detalhes da ronda;
Round reminders;;no;yes;no;;Round reminders;;Lembretes de ronda;
Round republished;;no;yes;no;;Round republished;;Ronda republicada;
Round type;;no;yes;no;;Round type;;Tipo de ronda;
Round visibility;;no;yes;no;;Round visibility;;Visibilidade da ronda;
Rule configuration;;no;yes;no;;Rule configuration;;Configuração de regras;
Rule details;;no;yes;no;;Rule details;;Detalhes da regra;
Rule name;;no;yes;no;;Rule name;;Nome da regra;
Rules;;no;yes;no;;Rules;;Regras;
Salary;;no;yes;no;;Salary;;Salário;
Salary configuration;;no;yes;no;;Salary configuration;;Configuração salarial;
Save;;no;yes;no;;Save;;Guardar;
Save & exit;;no;yes;no;;Save & exit;;Guardar e sair;
Scale;;no;yes;no;;Scale;;Escala;
Search;;no;yes;no;;Search;;Pesquisar;
Search by name;;no;yes;no;;Search by name;;Pesquisar por nome;
Search by name or code;;no;yes;no;;Search by name or code;;Pesquisar por nome ou código;
Search for a person;;no;yes;no;;Search for a person;;Procurar uma pessoa;
Search for a worker;;no;yes;no;;Search for a worker;;Procurar um trabalhador;
Search for workers;;no;yes;no;;Search for workers;;Pesquisar por trabalhadores;
Secondary email;;no;yes;no;;Secondary email;;E-mail secundário;
Secondary email address;;no;yes;no;;Secondary email address;;Endereço de e-mail secundário;
Secondary hierarchy;;no;yes;no;;Secondary hierarchy;;Hierarquia secundária;
Section header;;no;yes;no;;Section header;;Cabeçalho da secção;
Security;;no;yes;no;;Security;;Segurança;
Security group;;no;yes;no;;Security group;;Grupo de segurança;
See all;;no;yes;no;;See all;;Ver tudo;
Select;;no;yes;no;;Select;;Selecionar;
Select all;;no;yes;no;;Select all;;Selecionar tudo;
Select an option;;no;yes;no;;Select an option;;Selecione uma opção;
Select communication round;;no;yes;no;;Select communication round;;Selecionar ronda de comunicação;
Select data model;;no;yes;no;;Select data model;;Selecionar modelo de dados;
Select entity;;no;yes;no;;Select entity;;Selecionar entidade;
Select filters;;no;yes;no;;Select filters;;Selecionar filtros;
Select goal;;no;yes;no;;Select goal;;Selecionar objetivo;
Select owners;;no;yes;no;;Select owners;;Selecionar proprietários;
Select population;;no;yes;no;;Select population;;Selecionar população;
Select the compensation element;;no;yes;no;;Select the compensation element;;Selecione o elemento de compensação;
Select type;;no;yes;no;;Select type;;Selecionar tipo;
Selected;;no;yes;no;;Selected;;Selecionado;
Selected column;;no;yes;no;;Selected column;;Coluna selecionada;
Selected fields;;no;yes;no;;Selected fields;;Campos selecionados;
Selected items;;no;yes;no;;Selected items;;Itens selecionados;
Selected population;;no;yes;no;;Selected population;;População selecionada;
Self;;no;yes;no;;Self;;Auto;
Self-assessment;;no;yes;no;;Self-assessment;;Autoavaliação;
Self-review;;no;yes;no;;Self-review;;Autoavaliação;
Send;;no;yes;no;;Send;;Enviar;
Send feedback;;no;yes;no;;Send feedback;;Enviar feedback;
Send to Documents;;no;yes;no;;Send to Documents;;Enviar para Documentos;
Sender;;no;yes;no;;Sender;;Remetente;
Sensitive Content;;no;yes;no;;Sensitive Content;;Conteúdo sensível;
Sent;;no;yes;no;;Sent;;Enviado;
Sent behaviors;;no;yes;no;;Sent behaviors;;Comportamentos enviados;
Sent feedback;;no;yes;no;;Sent feedback;;Enviou feedback;
Sent to;;no;yes;no;;Sent to;;Enviado para;
Separator;;no;yes;no;;Separator;;Separador;
Session timeout;;no;yes;no;;Session timeout;;Tempo limite da sessão;
Settings;;no;yes;no;;Settings;;Configurações;
Setup;;no;yes;no;;Setup;;Configuração;
Share;;no;yes;no;;Share;;Partilhar;
Share feedback;;no;yes;no;;Share feedback;;Partilhar feedback;
Share this feedback;;no;yes;no;;Share this feedback;;Partilhe este feedback;
Share with;;no;yes;no;;Share with;;Partilhar com;
Share your insights;;no;yes;no;;Share your insights;;Partilhe as suas perceções;
Share your thoughts;;no;yes;no;;Share your thoughts;;Partilhe as suas ideias;
Shared;;no;yes;no;;Shared;;Partilhado;
Shared feedback;;no;yes;no;;Shared feedback;;Feedback partilhado;
Shared goals;;no;yes;no;;Shared goals;;Objetivos partilhados;
Shared with;;no;yes;no;;Shared with;;Partilhado com;
Shared with me;;no;yes;no;;Shared with me;;Partilhado comigo;
Sharing;;no;yes;no;;Sharing;;Partilhar;
Short;;no;yes;no;;Short;;Curto;
Show;;no;yes;no;;Show;;Mostrar;
Show all;;no;yes;no;;Show all;;Mostrar tudo;
Since request;;no;yes;no;;Since request;;Desde o pedido;
Situation;;no;yes;no;;Situation;;Situação;
Situations;;no;yes;no;;Situations;;Situações;
Skill & Competency Groups;;no;yes;no;;Skill & Competency Groups;;Grupos de competências e habilidades;
Skill & competency groups;;no;yes;no;;Skill & competency groups;;Grupos de habilidades e competências;
Skills;;no;yes;no;;Skills;;Competências;
Skills & competency groups;;no;yes;no;;Skills & competency groups;;Grupos de competências e habilidades;
Snapshot;;no;yes;no;;Snapshot;;Instantâneo;
Snapshot Manager;;no;yes;no;;Snapshot Manager;;Gestor de Instantâneos;
Snapshot details;;no;yes;no;;Snapshot details;;Detalhes do snapshot;
Snapshots;;no;yes;no;;Snapshots;;Instantâneos;
Source;;no;yes;no;;Source;;Origem;
Stage;;no;yes;no;;Stage;;Etapa;
Standard;;no;yes;no;;Standard;;Padrão;
Start;;no;yes;no;;Start;;Iniciar;
Start date;;no;yes;no;;Start date;;Data de início;
Start date in company;;no;yes;no;;Start date in company;;Data de início na empresa;
Start time;;no;yes;no;;Start time;;Hora de início;
State;;no;yes;no;;State;;Estado;
Statement generation;;no;yes;no;;Statement generation;;Geração de declarações;
Statements;;no;yes;no;;Statements;;Declarações;
Status;;no;yes;no;;Status;;Estado;
Status by org. level;;no;yes;no;;Status by org. level;;Estado por nível org.;
Step curve;;no;yes;no;;Step curve;;Curva de passo;
Step end date;;no;yes;no;;Step end date;;Data de fim do passo;
Stock;;no;yes;no;;Stock;;Ação;
Street address;;no;yes;no;;Street address;;Endereço postal;
Subgroups;;no;yes;no;;Subgroups;;Subgrupos;
Subject;;no;yes;no;;Subject;;Assunto;
Submit;;no;yes;no;;Submit;;Enviar;
Submit to manager;;no;yes;no;;Submit to manager;;Enviar ao gestor;
Submitted;;no;yes;no;;Submitted;;Enviado;
Success;;no;yes;no;;Success;;Sucesso;
Suggested agenda;;no;yes;no;;Suggested agenda;;Agenda sugerida;
Sum;;no;yes;no;;Sum;;Soma;
Summary;;no;yes;no;;Summary;;Resumo;
System;;no;yes;no;;System;;Sistema;
System populations;;no;yes;no;;System populations;;Populações do sistema;
Tag;;no;yes;no;;Tag;;Etiqueta;
Tag library;;no;yes;no;;Tag library;;Biblioteca de etiquetas;
Tags;;no;yes;no;;Tags;;Etiquetas;
Talent Review;;no;yes;no;;Talent Review;;Revisão de Talento;
Target;;no;yes;no;;Target;;Destino;
Target bonus;;no;yes;no;;Target bonus;;Bónus objetivo;
Target budget;;no;yes;no;;Target budget;;Orçamento alvo;
Team;;no;yes;no;;Team;;Equipa;
Team planner view;;no;yes;no;;Team planner view;;Vista do planeador de equipa;
Team requests;;no;yes;no;;Team requests;;Pedidos da equipa;
Template;;no;yes;no;;Template;;Modelo;
Template document;;no;yes;no;;Template document;;Documento modelo;
Template widget settings;;no;yes;no;;Template widget settings;;Configurações do widget de modelo;
Templates;;no;yes;no;;Templates;;Modelos;
Text;;no;yes;no;;Text;;Texto;
Text field;;no;yes;no;;Text field;;Campo de texto;
Thanks;;no;yes;no;;Thanks;;Obrigado;
Then;;no;yes;no;;Then;;Depois;
Time in role;;no;yes;no;;Time in role;;Tempo na função;
Time zone;;no;yes;no;;Time zone;;Fuso horário;
Timeline;;no;yes;no;;Timeline;;Linha do tempo;
Title;;no;yes;no;;Title;;Título;
Today;;no;yes;no;;Today;;Hoje;
Toggle;;no;yes;no;;Toggle;;Alternar;
Total behaviors;;no;yes;no;;Total behaviors;;Total de comportamentos;
Total compensation;;no;yes;no;;Total compensation;;Compensação total;
Total entities;;no;yes;no;;Total entities;;Total de entidades;
Total goals;;no;yes;no;;Total goals;;Total de golos;
Total reviews;;no;yes;no;;Total reviews;;Total de avaliações;
Total score;;no;yes;no;;Total score;;Pontuação total;
Total workers;;no;yes;no;;Total workers;;Total de trabalhadores;
Tracking;;no;yes;no;;Tracking;;Rastreamento;
Tracking status;;no;yes;no;;Tracking status;;Estado de monitorização;
Training data;;no;yes;no;;Training data;;Dados de formação;
Trend;;no;yes;no;;Trend;;Tendência;
True;;no;yes;no;;True;;Verdadeiro;
Trust;;no;yes;no;;Trust;;Confiança;
Try again;;no;yes;no;;Try again;;Tente novamente;
Type;;no;yes;no;;Type;;Tipo;
Type part of a name;;no;yes;no;;Type part of a name;;Escreva parte de um nome;
Type weight;;no;yes;no;;Type weight;;Peso do tipo;
Type your message here;;no;yes;no;;Type your message here;;Escreva a sua mensagem aqui;
Types;;no;yes;no;;Types;;Tipos;
Unavailable;;no;yes;no;;Unavailable;;Indisponível;
Unclear;;no;yes;no;;Unclear;;Pouco claro;
Under review;;no;yes;no;;Under review;;Em avaliação;
Unexpected error;;no;yes;no;;Unexpected error;;Erro inesperado;
Unhelpful;;no;yes;no;;Unhelpful;;Pouco útil;
Unique logins;;no;yes;no;;Unique logins;;Inícios de sessão únicos;
Unit;;no;yes;no;;Unit;;Unidade;
Unrated;;no;yes;no;;Unrated;;Sem classificação;
Unrelease;;no;yes;no;;Unrelease;;Anular disponibilização;
Unreleased;;no;yes;no;;Unreleased;;Disponibilização anulada;
Unsaved changes;;no;yes;no;;Unsaved changes;;Alterações não guardadas;
Unselect all;;no;yes;no;;Unselect all;;Desmarcar todos;
Upcoming;;no;yes;no;;Upcoming;;Próximos;
Upcoming check-ins;;no;yes;no;;Upcoming check-ins;;Próximos check-ins;
Update;;no;yes;no;;Update;;Atualização;
Updated;;no;yes;no;;Updated;;Atualizado;
Updated by;;no;yes;no;;Updated by;;Atualizado por;
Upload;;no;yes;no;;Upload;;Carregar;
Upload behavior;;no;yes;no;;Upload behavior;;Comportamento de carregamento;
Upload file;;no;yes;no;;Upload file;;Carregar ficheiro;
Upload the completed file;;no;yes;no;;Upload the completed file;;Carregar o ficheiro concluído;
Upload the modified Excel file;;no;yes;no;;Upload the modified Excel file;;Carregar o ficheiro Excel modificado;
Uploaded by;;no;yes;no;;Uploaded by;;Carregado por;
Uploaded files;;no;yes;no;;Uploaded files;;Ficheiros carregados;
Uploading;;no;yes;no;;Uploading;;A carregar;
Usage;;no;yes;no;;Usage;;Utilização;
Usage details;;no;yes;no;;Usage details;;Detalhes de utilização;
Used;;no;yes;no;;Used;;Usado;
Used in;;no;yes;no;;Used in;;Usado em;
Useful information;;no;yes;no;;Useful information;;Informação útil;
User;;no;yes;no;;User;;Utilizador;
User Security;;no;yes;no;;User Security;;Segurança do Utilizador;
User local time;;no;yes;no;;User local time;;Hora local do utilizador;
Username;;no;yes;no;;Username;;Nome de utilizador;
Users;;no;yes;no;;Users;;Utilizadores;
Users who sent feedback;;no;yes;no;;Users who sent feedback;;Utilizadores que enviaram feedback;
Users with no goals;;no;yes;no;;Users with no goals;;Utilizadores sem objetivos;
Validate;;no;yes;no;;Validate;;Validar;
Validation;;no;yes;no;;Validation;;Validação;
Value;;no;yes;no;;Value;;Valor;
Values;;no;yes;no;;Values;;Valores;
Version;;no;yes;no;;Version;;Versão;
View;;no;yes;no;;View;;Ver;
View all;;no;yes;no;;View all;;Ver todos;
View my received feedback;;no;yes;no;;View my received feedback;;Ver o meu feedback recebido;
View review;;no;yes;no;;View review;;Ver avaliação;
Visibility;;no;yes;no;;Visibility;;Visibilidade;
Weight;;no;yes;no;;Weight;;Peso;
Weighted score;;no;yes;no;;Weighted score;;Pontuação ponderada;
Widget settings;;no;yes;no;;Widget settings;;Configurações do widget;
Work country;;no;yes;no;;Work country;;País de trabalho;
Workbench;;no;yes;no;;Workbench;;Bancada de trabalho;
Worker;;no;yes;no;;Worker;;Trabalhador;
Worker & manager;;no;yes;no;;Worker & manager;;Colaborador e gestor;
Worker ID;;no;yes;no;;Worker ID;;ID do Trabalhador;
Worker category;;no;yes;no;;Worker category;;Categoria de trabalhador;
Worker details;;no;yes;no;;Worker details;;Detalhes do colaborador;
Worker name;;no;yes;no;;Worker name;;Nome do trabalhador;
Worker self-assessment;;no;yes;no;;Worker self-assessment;;Autoavaliação do trabalhador;
Worker sign-off;;no;yes;no;;Worker sign-off;;Aprovação do colaborador;
Worker submission;;no;yes;no;;Worker submission;;Submissão do trabalhador;
Workers;;no;yes;no;;Workers;;Trabalhadores;
Workflow;;no;yes;no;;Workflow;;Fluxo de trabalho;
Workflow section;;no;yes;no;;Workflow section;;Seção do fluxo de trabalho;
Workflow status;;no;yes;no;;Workflow status;;Estado do fluxo de trabalho;
Workflow step;;no;yes;no;;Workflow step;;Etapa do fluxo de trabalho;
Workflow steps;;no;yes;no;;Workflow steps;;Etapas do fluxo de trabalho;
Workflow type;;no;yes;no;;Workflow type;;Tipo de fluxo de trabalho;
Write;;no;yes;no;;Write;;Escrever;
Year;;no;yes;no;;Year;;Ano;
Years;;no;yes;no;;Years;;Anos;
Your comment;;no;yes;no;;Your comment;;O seu comentário;
Your documents;;no;yes;no;;Your documents;;Os seus documentos;
Your email;;no;yes;no;;Your email;;O seu e-mail;
Your observations;;no;yes;no;;Your observations;;As suas observações;
Your view;;no;yes;no;;Your view;;A sua vista;
