term;description;casesensitive;translatable;forbidden;tags;en-US;en-US_description;es-ES;es-ES_description
About;;no;yes;no;;About;;Acerca de;
About my team;;no;yes;no;;About my team;;Acerca de mi equipo;
Absence;;no;yes;no;;Absence;;Ausencia;
Accept;;no;yes;no;;Accept;;Aceptar;
Accepted;;no;yes;no;;Accepted;;Aceptado;
Account;;no;yes;no;;Account;;Cuenta;
Achievement;;no;yes;no;;Achievement;;Logro;
Achievement summary;;no;yes;no;;Achievement summary;;Resumen de logros;
Action;;no;yes;no;;Action;;Acción;
Action required;;no;yes;no;;Action required;;Acción necesaria;
Actions;;no;yes;no;;Actions;;Acciones;
Actions required;;no;yes;no;;Actions required;;Acciones necesarias;
Activate;;no;yes;no;;Activate;;Activar;
Active;;no;yes;no;;Active;;Activo;
Active users;;no;yes;no;;Active users;;Usuarios activos;
Actor;;no;yes;no;;Actor;;Interviniente;
Add;;no;yes;no;;Add;;Añadir;
Add all;;no;yes;no;;Add all;;Agregar todo;
Add all company;;no;yes;no;;Add all company;;Añadir toda la empresa;
Add all organizational units;;no;yes;no;;Add all organizational units;;Añadir todas las unidades organizativas;
Add condition;;no;yes;no;;Add condition;;Añadir condición;
Add feedback note;;no;yes;no;;Add feedback note;;Añadir nota de comentarios;
Add field;;no;yes;no;;Add field;;Añadir campo;
Add mapping;;no;yes;no;;Add mapping;;Añadir asignación;
Add note;;no;yes;no;;Add note;;Añadir nota;
Add question;;no;yes;no;;Add question;;Añadir pregunta;
Add skills;;no;yes;no;;Add skills;;Añadir habilidades;
Add step;;no;yes;no;;Add step;;Añadir paso;
Addition;;no;yes;no;;Addition;;Suma;
Additional Managers;;no;yes;no;;Additional Managers;;Responsables adicionales;
Additional goal description;;no;yes;no;;Additional goal description;;Descripción adicional del objetivo;
Additional information;;no;yes;no;;Additional information;;Información adicional;
Additional manager;;no;yes;no;;Additional manager;;Manager adicional;
Additional managers;;no;yes;no;;Additional managers;;Responsable adicionales;
Additional review;;no;yes;no;;Additional review;;Evaluación adicional;
Administration;;no;yes;no;;Administration;;Administración;
Advanced;;no;yes;no;;Advanced;;Avanzado;
After;;no;yes;no;;After;;Después;
Alert;;no;yes;no;;Alert;;Alerta;
Alerts;;no;yes;no;;Alerts;;Alertas;
Aligned with goal;;no;yes;no;;Aligned with goal;;Alineado con el objetivo;
Alignment;;no;yes;no;;Alignment;;Alineado;
All company;;no;yes;no;;All company;;Toda la empresa;
All criteria;;no;yes;no;;All criteria;;Todos los criterios;
All locations;;no;yes;no;;All locations;;Todas las ubicaciones;
All organizational units;;no;yes;no;;All organizational units;;Todas las unidades organizativas;
All participants;;no;yes;no;;All participants;;Todos los participantes;
All results;;no;yes;no;;All results;;Todos los resultados;
All roles;;no;yes;no;;All roles;;Todas las funciones;
All updates;;no;yes;no;;All updates;;Todas las actualizaciones;
Analyses;;no;yes;no;;Analyses;;Análisis;
Analysis;;no;yes;no;;Analysis;;Análisis;
Anonymization;;no;yes;no;;Anonymization;;Anonimización;
Answer type;;no;yes;no;;Answer type;;Tipo de respuesta;
Anyone;;no;yes;no;;Anyone;;Cualquiera;
Anyone in the company;;no;yes;no;;Anyone in the company;;Cualquier persona de la empresa;
Appearance;;no;yes;no;;Appearance;;Apariencia;
Apply;;no;yes;no;;Apply;;Aplicar;
Apply filters;;no;yes;no;;Apply filters;;Aplicar filtros;
Approve;;no;yes;no;;Approve;;Aprobar;
Approved;;no;yes;no;;Approved;;Aprobado;
Archived;;no;yes;no;;Archived;;Archivado;
Assign;;no;yes;no;;Assign;;Asignar;
Assign to;;no;yes;no;;Assign to;;Asignar a;
Assigned;;no;yes;no;;Assigned;;Asignado;
Assigned reviews;;no;yes;no;;Assigned reviews;;Evaluaciones asignadas;
Assigned to;;no;yes;no;;Assigned to;;Asignado a;
Assignment;;no;yes;no;;Assignment;;Asignación;
Assignment permissions;;no;yes;no;;Assignment permissions;;Permisos de asignación;
At least one number;;no;yes;no;;At least one number;;Al menos un número;
At risk;;no;yes;no;;At risk;;En riesgo;
Attached document;;no;yes;no;;Attached document;;Documento adjunto;
Attachments;;no;yes;no;;Attachments;;Archivos adjuntos;
Audit;;no;yes;no;;Audit;;Auditoría;
Audit trail;;no;yes;no;;Audit trail;;Registro de auditoría;
Auto-suggestion;;no;yes;no;;Auto-suggestion;;Autocompletado;
Available;;no;yes;no;;Available;;Disponible;
Average score;;no;yes;no;;Average score;;Puntuación media;
Average total score;;no;yes;no;;Average total score;;Puntuación total media;
Avg. word count;;no;yes;no;;Avg. word count;;Recuento medio de palabras;
Back;;no;yes;no;;Back;;Volver;
Basic Information;;no;yes;no;;Basic Information;;Información básica;
Basic information;;no;yes;no;;Basic information;;Información básica;
Before;;no;yes;no;;Before;;Antes;
Behavior;;no;yes;no;;Behavior;;Comportamiento;
Behavior libraries;;no;yes;no;;Behavior libraries;;Bibliotecas de comportamientos;
Behavior library;;no;yes;no;;Behavior library;;Biblioteca de comportamientos;
Behavior profile;;no;yes;no;;Behavior profile;;Perfil de comportamiento;
Behavior wheel;;no;yes;no;;Behavior wheel;;Rueda de comportamiento;
Behaviors;;no;yes;no;;Behaviors;;Comportamientos;
Behaviors sent;;no;yes;no;;Behaviors sent;;Comportamientos enviados;
Benchmarking;;no;yes;no;;Benchmarking;;Comparación;
Blank values;;no;yes;no;;Blank values;;Valores en blanco;
Blocked;;no;yes;no;;Blocked;;Bloqueado;
Bonus;;no;yes;no;;Bonus;;Bono;
Bonus Plans;;no;yes;no;;Bonus Plans;;Planes de bonificación;
Bonus amount;;no;yes;no;;Bonus amount;;Importe de la bonificación;
Bonus calculation equation;;no;yes;no;;Bonus calculation equation;;Ecuación de cálculo de bonificación;
Bonus calculation formula;;no;yes;no;;Bonus calculation formula;;Fórmula de cálculo de bonificación;
Bonus plan;;no;yes;no;;Bonus plan;;Plan de bonificación;
Bonus plans;;no;yes;no;;Bonus plans;;Planes de bonificación;
Boolean;;no;yes;no;;Boolean;;Booleano;
Budget;;no;yes;no;;Budget;;Presupuesto;
Budget rule;;no;yes;no;;Budget rule;;Regla presupuestaria;
Builder;;no;yes;no;;Builder;;Creador;
Business;;no;yes;no;;Business;;Empresarial;
Calculated;;no;yes;no;;Calculated;;Calculado;
Calculated bonus;;no;yes;no;;Calculated bonus;;Bono calculado;
Calculated column;;no;yes;no;;Calculated column;;Columna calculada;
Calculation;;no;yes;no;;Calculation;;Cálculo;
Calculation workspace;;no;yes;no;;Calculation workspace;;Espacio de trabajo de cálculo;
Calibration;;no;yes;no;;Calibration;;Calibración;
Can edit;;no;yes;no;;Can edit;;Puede editar;
Can view;;no;yes;no;;Can view;;Puede ver;
Cancel;;no;yes;no;;Cancel;;Cancelar;
Canceled;;no;yes;no;;Canceled;;Cancelado;
Career Development;;no;yes;no;;Career Development;;Desarrollo profesional;
Career Development Plans;;no;yes;no;;Career Development Plans;;Planes de desarrollo profesional;
Career Development Settings;;no;yes;no;;Career Development Settings;;Configuración de desarrollo profesional;
Career development;;no;yes;no;;Career development;;Desarrollo profesional;
Career development plan;;no;yes;no;;Career development plan;;Plan de desarrollo profesional;
Career development plans;;no;yes;no;;Career development plans;;Planes de desarrollo profesional;
Career development settings;;no;yes;no;;Career development settings;;Configuración del desarrollo profesional;
Career plan questionnaire;;no;yes;no;;Career plan questionnaire;;Cuestionario del plan profesional;
Career plans;;no;yes;no;;Career plans;;Planes de carrera;
Categories;;no;yes;no;;Categories;;Categorías;
Category;;no;yes;no;;Category;;Categoría;
Challenge process;;no;yes;no;;Challenge process;;Proceso de impugnación;
Challenge review;;no;yes;no;;Challenge review;;Evaluación impugnada;
Challenged;;no;yes;no;;Challenged;;Impugnada;
Change;;no;yes;no;;Change;;Cambiar;
Change workflow step;;no;yes;no;;Change workflow step;;Cambiar el paso del flujo de trabajo;
Check-Ins;;no;yes;no;;Check-Ins;;Consultas;
Check-in;;no;yes;no;;Check-in;;Consulta;
Check-in Details;;no;yes;no;;Check-in Details;;Detalles del check-in;
Check-in Status;;no;yes;no;;Check-in Status;;Estado del check-in;
Check-in date;;no;yes;no;;Check-in date;;Fecha de consulta;
Check-in with;;no;yes;no;;Check-in with;;Consulta con;
Check-ins;;no;yes;no;;Check-ins;;Consultas;
Check-ins created;;no;yes;no;;Check-ins created;;Consultas creadas;
Choose one;;no;yes;no;;Choose one;;Elija una opción;
City;;no;yes;no;;City;;Ciudad;
Clear;;no;yes;no;;Clear;;Borrar;
Clear all;;no;yes;no;;Clear all;;Borrar todo;
Clear all filters;;no;yes;no;;Clear all filters;;Borrar todos los filtros;
Clear all filters & search;;no;yes;no;;Clear all filters & search;;Borrar todos los filtros y la búsqueda;
Clear all filters and search;;no;yes;no;;Clear all filters and search;;Borrar todos los filtros y la búsqueda;
Clear filters;;no;yes;no;;Clear filters;;Borrar filtros;
Clear search;;no;yes;no;;Clear search;;Borrar búsqueda;
Close;;no;yes;no;;Close;;Cerrar;
Closed;;no;yes;no;;Closed;;Cerrado;
Closed without document;;no;yes;no;;Closed without document;;Cerrado sin documento;
Code;;no;yes;no;;Code;;Código;
Collaborative;;no;yes;no;;Collaborative;;Colaborativo;
Collapse;;no;yes;no;;Collapse;;Colapsar;
Column name;;no;yes;no;;Column name;;Nombre de columna;
Columns;;no;yes;no;;Columns;;Columnas;
Coming soon;;no;yes;no;;Coming soon;;Próximamente;
Comm manager;;no;yes;no;;Comm manager;;Responsable de comunicación;
Comm round;;no;yes;no;;Comm round;;Ronda de comunicación;
Comment;;no;yes;no;;Comment;;Comentario;
Comments;;no;yes;no;;Comments;;Comentarios;
Communication;;no;yes;no;;Communication;;Comunicación;
Communication Rounds;;no;yes;no;;Communication Rounds;;Rondas de comunicación;
Communication manager;;no;yes;no;;Communication manager;;Responsable de comunicación;
Communication manager name;;no;yes;no;;Communication manager name;;Nombre del responsable de comunicación;
Communication round;;no;yes;no;;Communication round;;Ronda de comunicación;
Communication rounds;;no;yes;no;;Communication rounds;;Rondas de comunicación;
Comp Rounds;;no;yes;no;;Comp Rounds;;Rondas de compensación;
Comp element;;no;yes;no;;Comp element;;Elemento de compensación;
Comp elements;;no;yes;no;;Comp elements;;Elementos de compensación;
Comp manager;;no;yes;no;;Comp manager;;Manager de compensación;
Comp managers;;no;yes;no;;Comp managers;;Managers de compensación;
Comp round;;no;yes;no;;Comp round;;Ronda de compensación;
Comp round currency;;no;yes;no;;Comp round currency;;Moneda de la ronda de compensación;
Comp rounds;;no;yes;no;;Comp rounds;;Rondas de compensación;
Comp tree;;no;yes;no;;Comp tree;;Árbol de compensación;
Company;;no;yes;no;;Company;;Empresa;
Company logo;;no;yes;no;;Company logo;;Logotipo de la empresa;
Company name;;no;yes;no;;Company name;;Nombre de la empresa;
Compare;;no;yes;no;;Compare;;Comparar;
Compensation;;no;yes;no;;Compensation;;Compensación;
Compensation Element;;no;yes;no;;Compensation Element;;Elemento de compensación;
Compensation History;;no;yes;no;;Compensation History;;Historial de compensación;
Compensation Management;;no;yes;no;;Compensation Management;;Gestión de compensaciones;
Compensation Rounds;;no;yes;no;;Compensation Rounds;;Rondas de compensación;
Compensation element;;no;yes;no;;Compensation element;;Elemento de compensación;
Compensation elements;;no;yes;no;;Compensation elements;;Elementos de compensación;
Compensation field;;no;yes;no;;Compensation field;;Campo de compensación;
Compensation framework;;no;yes;no;;Compensation framework;;Marco de compensación;
Compensation history;;no;yes;no;;Compensation history;;Historial de compensación;
Compensation manager;;no;yes;no;;Compensation manager;;Gerente de compensación;
Compensation philosophy;;no;yes;no;;Compensation philosophy;;Filosofía de compensación;
Compensation rounds;;no;yes;no;;Compensation rounds;;Rondas de compensación;
Competency Scales;;no;yes;no;;Competency Scales;;Escalas de competencia;
Competency scale;;no;yes;no;;Competency scale;;Escala de competencias;
Complete;;no;yes;no;;Complete;;Completado;
Completed;;no;yes;no;;Completed;;Completado;
Completion;;no;yes;no;;Completion;;Finalización;
Completion rate;;no;yes;no;;Completion rate;;Tasa de finalización;
Concatenated fields;;no;yes;no;;Concatenated fields;;Campos concatenados;
Condition;;no;yes;no;;Condition;;Condición;
Conditional;;no;yes;no;;Conditional;;Condicional;
Conditional formatting;;no;yes;no;;Conditional formatting;;Formato condicional;
Config;;no;yes;no;;Config;;Configuración;
Configuration;;no;yes;no;;Configuration;;Configuración;
Configurations;;no;yes;no;;Configurations;;Configuraciones;
Confirm;;no;yes;no;;Confirm;;Confirmar;
Confirm deletion;;no;yes;no;;Confirm deletion;;Confirmar eliminación;
Confirmation;;no;yes;no;;Confirmation;;Confirmación;
Connection name;;no;yes;no;;Connection name;;Nombre de la conexión;
Constructive;;no;yes;no;;Constructive;;Constructivo;
Contains;;no;yes;no;;Contains;;Contiene;
Continue;;no;yes;no;;Continue;;Continuar;
Continue editing;;no;yes;no;;Continue editing;;Seguir editando;
Contract type;;no;yes;no;;Contract type;;Tipo de contrato;
Conversation & publication;;no;yes;no;;Conversation & publication;;Conversación y publicación;
Copy;;no;yes;no;;Copy;;Copiar;
Cost Center;;no;yes;no;;Cost Center;;Centro de costes;
Cost center;;no;yes;no;;Cost center;;Centro de costes;
Count;;no;yes;no;;Count;;Recuento;
Country;;no;yes;no;;Country;;País;
Create;;no;yes;no;;Create;;Crear;
Create check-in;;no;yes;no;;Create check-in;;Crear consulta;
Create communication round;;no;yes;no;;Create communication round;;Crear ronda de comunicación;
Create document;;no;yes;no;;Create document;;Crear documento;
Create goal;;no;yes;no;;Create goal;;Crear objetivo;
Create goal plan;;no;yes;no;;Create goal plan;;Crear plan de objetivos;
Create goal type;;no;yes;no;;Create goal type;;Crear tipo de objetivo;
Create model;;no;yes;no;;Create model;;Crear modelo;
Create performance review;;no;yes;no;;Create performance review;;Crear evaluación de desempeño;
Create rule;;no;yes;no;;Create rule;;Crear regla;
Created;;no;yes;no;;Created;;Creado;
Created by;;no;yes;no;;Created by;;Creado por;
Created date;;no;yes;no;;Created date;;Fecha de creación;
Created on;;no;yes;no;;Created on;;Creado el;
Creation date;;no;yes;no;;Creation date;;Fecha de creación;
Creator;;no;yes;no;;Creator;;Creador;
Criteria;;no;yes;no;;Criteria;;Criterios;
Criteria blocks;;no;yes;no;;Criteria blocks;;Bloques de criterios;
Criterion;;no;yes;no;;Criterion;;Criterio;
Currency;;no;yes;no;;Currency;;Moneda;
Currency Settings;;no;yes;no;;Currency Settings;;Configuración de moneda;
Currency field;;no;yes;no;;Currency field;;Campo de moneda;
Currency source;;no;yes;no;;Currency source;;Fuente de moneda;
Current;;no;yes;no;;Current;;Actual;
Current manager;;no;yes;no;;Current manager;;Manager actual;
Custom;;no;yes;no;;Custom;;Personalizado;
Custom Entities;;no;yes;no;;Custom Entities;;Entidades personalizadas;
Custom Fields;;no;yes;no;;Custom Fields;;Campos personalizados;
Custom column;;no;yes;no;;Custom column;;Columna personalizada;
Custom criteria;;no;yes;no;;Custom criteria;;Criterios personalizados;
Custom entities;;no;yes;no;;Custom entities;;Entidades personalizadas;
Custom fields;;no;yes;no;;Custom fields;;Campos personalizados;
Custom section;;no;yes;no;;Custom section;;Sección personalizada;
Custom widget;;no;yes;no;;Custom widget;;Widget personalizado;
Data Entities & Sources;;no;yes;no;;Data Entities & Sources;;Entidades de datos y fuentes;
Data Foundation;;no;yes;no;;Data Foundation;;Base de datos;
Data Management;;no;yes;no;;Data Management;;Gestión de datos;
Data Privacy;;no;yes;no;;Data Privacy;;Privacidad de datos;
Data Retention;;no;yes;no;;Data Retention;;Retención de datos;
Data Upload;;no;yes;no;;Data Upload;;Carga de datos;
Data entities & sources;;no;yes;no;;Data entities & sources;;Entidades y fuentes de datos;
Data foundation;;no;yes;no;;Data foundation;;Base de datos;
Data management;;no;yes;no;;Data management;;Gestión de datos;
Data model;;no;yes;no;;Data model;;Modelo de datos;
Data privacy;;no;yes;no;;Data privacy;;Privacidad de los datos;
Data privacy statement;;no;yes;no;;Data privacy statement;;Declaración de privacidad de datos;
Data retention period;;no;yes;no;;Data retention period;;Período de retención de datos;
Data scope;;no;yes;no;;Data scope;;Alcance de los datos;
Data source;;no;yes;no;;Data source;;Fuente de datos;
Dataset;;no;yes;no;;Dataset;;Conjunto de datos;
Date;;no;yes;no;;Date;;Fecha;
Date & Time;;no;yes;no;;Date & Time;;Fecha y hora;
Date & time;;no;yes;no;;Date & time;;Fecha y hora;
Date to;;no;yes;no;;Date to;;Fecha hasta;
Days;;no;yes;no;;Days;;Días;
Deactivate;;no;yes;no;;Deactivate;;Desactivar;
Deactivated;;no;yes;no;;Deactivated;;Desactivado;
Deactivated user;;no;yes;no;;Deactivated user;;Usuario desactivado;
Deactivation;;no;yes;no;;Deactivation;;Desactivación;
Deadline status;;no;yes;no;;Deadline status;;Estado del plazo;
Decimal precision;;no;yes;no;;Decimal precision;;Precisión decimal;
Default;;no;yes;no;;Default;;Predeterminado;
Default beqom logo;;no;yes;no;;Default beqom logo;;Logotipo predeterminado de beqom;
Default value;;no;yes;no;;Default value;;Valor predeterminado;
Delete;;no;yes;no;;Delete;;Eliminar;
Delete all;;no;yes;no;;Delete all;;Eliminar todo;
Delete comment;;no;yes;no;;Delete comment;;Eliminar comentario;
Delete goal;;no;yes;no;;Delete goal;;Eliminar objetivo;
Delete note;;no;yes;no;;Delete note;;Eliminar nota;
Delete rule;;no;yes;no;;Delete rule;;Eliminar regla;
Delete selected;;no;yes;no;;Delete selected;;Eliminar seleccionados;
Deleted;;no;yes;no;;Deleted;;Eliminado;
Deleted by;;no;yes;no;;Deleted by;;Eliminado por;
Deletion;;no;yes;no;;Deletion;;Eliminación;
Deliverable;;no;yes;no;;Deliverable;;Entregable;
Deliverables;;no;yes;no;;Deliverables;;Entregables;
Demographic;;no;yes;no;;Demographic;;Datos demográficos;
Demographics;;no;yes;no;;Demographics;;Datos demográficos;
Department;;no;yes;no;;Department;;Departamento;
Description;;no;yes;no;;Description;;Descripción;
Desktop;;no;yes;no;;Desktop;;Escritorio;
Details;;no;yes;no;;Details;;Detalles;
Development;;no;yes;no;;Development;;Desarrollo;
Development plans;;no;yes;no;;Development plans;;Planes de desarrollo;
Digital reward statement;;no;yes;no;;Digital reward statement;;Extracto de recompensa digital;
Direct Reports;;no;yes;no;;Direct Reports;;Subordinados directos;
Direct report;;no;yes;no;;Direct report;;Subordinado directo;
Direct reports;;no;yes;no;;Direct reports;;Subordinados;
Direction;;no;yes;no;;Direction;;Dirección;
Disable;;no;yes;no;;Disable;;Deshabilitar;
Disabled;;no;yes;no;;Disabled;;Deshabilitado;
Discard;;no;yes;no;;Discard;;Descartar;
Discussion;;no;yes;no;;Discussion;;Debate;
Discussion outcome;;no;yes;no;;Discussion outcome;;Resultado de la discusión;
Discussion point;;no;yes;no;;Discussion point;;Punto de discusión;
Discussion points;;no;yes;no;;Discussion points;;Puntos de discusión;
Display name;;no;yes;no;;Display name;;Nombre que se muestra;
Distribution;;no;yes;no;;Distribution;;Distribución;
Distribution guidelines;;no;yes;no;;Distribution guidelines;;Directrices de distribución;
Document;;no;yes;no;;Document;;Documento;
Document Settings;;no;yes;no;;Document Settings;;Configuración del documento;
Document Templates;;no;yes;no;;Document Templates;;Plantillas de documentos;
Document generation;;no;yes;no;;Document generation;;Generación de documentos;
Document name;;no;yes;no;;Document name;;Nombre del documento;
Document preview;;no;yes;no;;Document preview;;Vista previa del documento;
Document review;;no;yes;no;;Document review;;Revisión de documentos;
Document settings;;no;yes;no;;Document settings;;Configuración de documentos;
Document status;;no;yes;no;;Document status;;Estado del documento;
Document template;;no;yes;no;;Document template;;Plantilla de documento;
Documents;;no;yes;no;;Documents;;Documentos;
Done;;no;yes;no;;Done;;Hecho;
Download;;no;yes;no;;Download;;Descargar;
Download CSV;;no;yes;no;;Download CSV;;Descargar CSV;
Download log file;;no;yes;no;;Download log file;;Descargar archivo de registro;
Download template;;no;yes;no;;Download template;;Descargar plantilla;
Download the template;;no;yes;no;;Download the template;;Descargar la plantilla;
Draft;;no;yes;no;;Draft;;Borrador;
Drop-down list;;no;yes;no;;Drop-down list;;Lista desplegable;
Due date;;no;yes;no;;Due date;;Fecha de vencimiento;
Duplicate;;no;yes;no;;Duplicate;;Duplicado;
Duplication successful;;no;yes;no;;Duplication successful;;Duplicación realizada con éxito;
Edit;;no;yes;no;;Edit;;Editar;
Edit goal;;no;yes;no;;Edit goal;;Editar objetivo;
Edit model;;no;yes;no;;Edit model;;Editar modelo;
Edit note;;no;yes;no;;Edit note;;Editar nota;
Edited;;no;yes;no;;Edited;;Editado;
Education;;no;yes;no;;Education;;Educación;
Effective date;;no;yes;no;;Effective date;;Fecha de entrada en vigor;
Eligibility;;no;yes;no;;Eligibility;;Elegibilidad;
Eligible;;no;yes;no;;Eligible;;Elegible;
Eligible workers;;no;yes;no;;Eligible workers;;Trabajadores elegibles;
Else;;no;yes;no;;Else;;Otro;
Email;;no;yes;no;;Email;;Correo electrónico;
Email Notifications;;no;yes;no;;Email Notifications;;Notificaciones por correo electrónico;
Email address;;no;yes;no;;Email address;;Dirección de correo electrónico;
Email notification;;no;yes;no;;Email notification;;Notificación por correo electrónico;
Email notifications;;no;yes;no;;Email notifications;;Notificaciones por correo electrónico;
Email subject;;no;yes;no;;Email subject;;Asunto del correo electrónico;
Employment;;no;yes;no;;Employment;;Empleo;
Empty;;no;yes;no;;Empty;;Vacío;
Enable;;no;yes;no;;Enable;;Habilitar;
Enable Feedback;;no;yes;no;;Enable Feedback;;Habilitar feedback;
Enabled;;no;yes;no;;Enabled;;Habilitado;
End date;;no;yes;no;;End date;;Fecha de fin;
Endorsed;;no;yes;no;;Endorsed;;Apoyado;
Enter;;no;yes;no;;Enter;;Intro;
Enter a name;;no;yes;no;;Enter a name;;Introducir un nombre;
Enter text;;no;yes;no;;Enter text;;Introducir texto;
Entities;;no;yes;no;;Entities;;Entidades;
Entities & fields;;no;yes;no;;Entities & fields;;Entidades y campos;
Entity;;no;yes;no;;Entity;;Entidad;
Entity details;;no;yes;no;;Entity details;;Detalles de la entidad;
Entity enum;;no;yes;no;;Entity enum;;Enumeración de entidad;
Entity name;;no;yes;no;;Entity name;;Nombre de la entidad;
Enum;;no;yes;no;;Enum;;Enumeración;
Equal to;;no;yes;no;;Equal to;;Igual a;
Equity;;no;yes;no;;Equity;;Acciones;
Errors;;no;yes;no;;Errors;;Errores;
Evaluation section;;no;yes;no;;Evaluation section;;Sección de evaluación;
Examples;;no;yes;no;;Examples;;Ejemplos;
Exchange Rates;;no;yes;no;;Exchange Rates;;Tipos de cambio;
Exchange rate;;no;yes;no;;Exchange rate;;Tipo de cambio;
Exchange rate type;;no;yes;no;;Exchange rate type;;Tipo de cambio;
Exchange rates;;no;yes;no;;Exchange rates;;Tipos de cambio;
Exclude;;no;yes;no;;Exclude;;Excluir;
Exclude individuals;;no;yes;no;;Exclude individuals;;Excluir individuos;
Excluded;;no;yes;no;;Excluded;;Excluido;
Exit;;no;yes;no;;Exit;;Salir;
Exit without saving;;no;yes;no;;Exit without saving;;Salir sin guardar;
Expand;;no;yes;no;;Expand;;Expandir;
Experience;;no;yes;no;;Experience;;Experiencia;
Export;;no;yes;no;;Export;;Exportar;
Expression;;no;yes;no;;Expression;;Expresión;
Expression formula;;no;yes;no;;Expression formula;;Fórmula de expresión;
External;;no;yes;no;;External;;Externo;
Failed;;no;yes;no;;Failed;;Error;
Favorite;;no;yes;no;;Favorite;;Favorito;
Favorite feedback;;no;yes;no;;Favorite feedback;;Feedback favorito;
Favorites;;no;yes;no;;Favorites;;Favoritos;
Feature;;no;yes;no;;Feature;;Funcionalidad;
Feature Enablement;;no;yes;no;;Feature Enablement;;Activación de funciones;
Feature enablement;;no;yes;no;;Feature enablement;;Habilitación de funciones;
Features;;no;yes;no;;Features;;Funciones;
Feedback Ratings;;no;yes;no;;Feedback Ratings;;Valoraciones del feedback;
Feedback from;;no;yes;no;;Feedback from;;Comentarios de;
Feedback insights;;no;yes;no;;Feedback insights;;Información de feedback;
Feedback note;;no;yes;no;;Feedback note;;Nota de comentarios;
Feedback notes;;no;yes;no;;Feedback notes;;Notas de comentarios;
Feedback rating;;no;yes;no;;Feedback rating;;Valoración de comentarios;
Feedback received;;no;yes;no;;Feedback received;;Comentarios recibidos;
Feedback request;;no;yes;no;;Feedback request;;Solicitud de comentarios;
Feedback requested;;no;yes;no;;Feedback requested;;Se ha solicitado retroalimentación;
Feedback requests;;no;yes;no;;Feedback requests;;Solicitudes de feedback;
Feedback sent;;no;yes;no;;Feedback sent;;Comentarios enviados;
Feedback sent to;;no;yes;no;;Feedback sent to;;Comentarios enviados a;
Female;;no;yes;no;;Female;;Mujer;
Field;;no;yes;no;;Field;;Campo;
Field name;;no;yes;no;;Field name;;Nombre del campo;
Fields;;no;yes;no;;Fields;;Campos;
Fields used;;no;yes;no;;Fields used;;Campos utilizados;
File name;;no;yes;no;;File name;;Nombre de archivo;
File upload;;no;yes;no;;File upload;;Carga de archivos;
Fill in the necessary details;;no;yes;no;;Fill in the necessary details;;Rellene los datos necesarios;
Filter;;no;yes;no;;Filter;;Filtrar;
Filters;;no;yes;no;;Filters;;Filtros;
Final Validation;;no;yes;no;;Final Validation;;Validación final;
Final validation;;no;yes;no;;Final validation;;Validación final;
Fixed;;no;yes;no;;Fixed;;Fijo;
For managers;;no;yes;no;;For managers;;Para responsables;
For workers;;no;yes;no;;For workers;;Para trabajadores;
Formatting;;no;yes;no;;Formatting;;Formato;
Forms;;no;yes;no;;Forms;;Formularios;
Formula;;no;yes;no;;Formula;;Fórmula;
From;;no;yes;no;;From;;De;
Full name;;no;yes;no;;Full name;;Nombre completo;
Functions;;no;yes;no;;Functions;;Funciones;
Gender;;no;yes;no;;Gender;;Género;
General information;;no;yes;no;;General information;;Información general;
Generate;;no;yes;no;;Generate;;Generar;
Generate PDF;;no;yes;no;;Generate PDF;;Generar PDF;
Generated;;no;yes;no;;Generated;;Generado;
Generation date;;no;yes;no;;Generation date;;Fecha de generación;
Get started by creating one;;no;yes;no;;Get started by creating one;;Comience creando uno;
Give;;no;yes;no;;Give;;Dar;
Give feedback;;no;yes;no;;Give feedback;;Proporcionar feedback;
Global currency;;no;yes;no;;Global currency;;Moneda global;
Global worker category;;no;yes;no;;Global worker category;;Categoría global de colaborador/a;
Go to feedback;;no;yes;no;;Go to feedback;;Ir a los comentarios;
Goal;;no;yes;no;;Goal;;Objetivo;
Goal Achievement;;no;yes;no;;Goal Achievement;;Logro de objetivo;
Goal Alignment;;no;yes;no;;Goal Alignment;;Alineación de objetivos;
Goal Details;;no;yes;no;;Goal Details;;Detalles del objetivo;
Goal ID;;no;yes;no;;Goal ID;;ID del objetivo;
Goal Overview;;no;yes;no;;Goal Overview;;Resumen de objetivos;
Goal Plan;;no;yes;no;;Goal Plan;;Plan de objetivos;
Goal Plans;;no;yes;no;;Goal Plans;;Planes de objetivos;
Goal Status;;no;yes;no;;Goal Status;;Estado del objetivo;
Goal Tag Libraries;;no;yes;no;;Goal Tag Libraries;;Bibliotecas de etiquetas de objetivos;
Goal Types;;no;yes;no;;Goal Types;;Tipos de objetivo;
Goal achievement;;no;yes;no;;Goal achievement;;Logro de objetivo;
Goal alignment;;no;yes;no;;Goal alignment;;Alineación de objetivos;
Goal creator;;no;yes;no;;Goal creator;;Creador del objetivo;
Goal details;;no;yes;no;;Goal details;;Detalles del objetivo;
Goal name;;no;yes;no;;Goal name;;Nombre del objetivo;
Goal overview;;no;yes;no;;Goal overview;;Resumen de objetivo;
Goal owner;;no;yes;no;;Goal owner;;Portería del objetivo;
Goal owner worker ID;;no;yes;no;;Goal owner worker ID;;ID del/de la colaborador/a propietario/a del objetivo;
Goal period;;no;yes;no;;Goal period;;Período del objetivo;
Goal plan;;no;yes;no;;Goal plan;;Plan de objetivos;
Goal plans;;no;yes;no;;Goal plans;;Planes de objetivos;
Goal priority;;no;yes;no;;Goal priority;;Prioridad del objetivo;
Goal progress;;no;yes;no;;Goal progress;;Progreso del objetivo;
Goal status;;no;yes;no;;Goal status;;Estado del objetivo;
Goal tags;;no;yes;no;;Goal tags;;Etiquetas de objetivo;
Goal title;;no;yes;no;;Goal title;;Título del objetivo;
Goal tracking status;;no;yes;no;;Goal tracking status;;Estado de seguimiento de objetivo;
Goal type;;no;yes;no;;Goal type;;Tipo de objetivo;
Goal type weight;;no;yes;no;;Goal type weight;;Peso del tipo de objetivo;
Goal types;;no;yes;no;;Goal types;;Tipos de objetivo;
Goal weight;;no;yes;no;;Goal weight;;Peso objetivo;
Goal workflow;;no;yes;no;;Goal workflow;;Flujo de trabajo de objetivos;
Goals;;no;yes;no;;Goals;;Objetivos;
Goals aligned with this goal;;no;yes;no;;Goals aligned with this goal;;Objetivos alineados con este objetivo;
Grade;;no;yes;no;;Grade;;Calificación;
Grant date;;no;yes;no;;Grant date;;Fecha de subvención;
Grant proxy access;;no;yes;no;;Grant proxy access;;Conceder acceso de representante;
Grants;;no;yes;no;;Grants;;Subvenciones;
Greater than;;no;yes;no;;Greater than;;Mayor que;
Greater than or equal to;;no;yes;no;;Greater than or equal to;;Mayor o igual que;
Group name;;no;yes;no;;Group name;;Nombre del grupo;
Groups;;no;yes;no;;Groups;;Grupos;
Guaranteed amount;;no;yes;no;;Guaranteed amount;;Importe garantizado;
Guaranteed amount rule;;no;yes;no;;Guaranteed amount rule;;Regla de importe garantizado;
Guaranteed amounts;;no;yes;no;;Guaranteed amounts;;Importes garantizados;
Guideline;;no;yes;no;;Guideline;;Directriz;
Guidelines;;no;yes;no;;Guidelines;;Directrices;
HRBP approval;;no;yes;no;;HRBP approval;;Aprobación de HRBP;
HRBP review;;no;yes;no;;HRBP review;;Evaluación del HRBP;
Help;;no;yes;no;;Help;;Ayuda;
Help tip;;no;yes;no;;Help tip;;Consejo de ayuda;
Helpful;;no;yes;no;;Helpful;;Útil;
Hide;;no;yes;no;;Hide;;Ocultar;
Hierarchy;;no;yes;no;;Hierarchy;;Jerarquía;
High;;no;yes;no;;High;;Alta;
Historical Reviews;;no;yes;no;;Historical Reviews;;Historial de evaluaciones;
Historical compensation;;no;yes;no;;Historical compensation;;Compensación histórica;
Home;;no;yes;no;;Home;;Inicio;
Identifier;;no;yes;no;;Identifier;;Identificador;
Image;;no;yes;no;;Image;;Imagen;
Import;;no;yes;no;;Import;;Importar;
In progress;;no;yes;no;;In progress;;En curso;
In use;;no;yes;no;;In use;;En uso;
Inactive;;no;yes;no;;Inactive;;Inactivo;
Include;;no;yes;no;;Include;;Incluir;
Included;;no;yes;no;;Included;;Incluido;
Individual goal;;no;yes;no;;Individual goal;;Objetivo individual;
Individual goals;;no;yes;no;;Individual goals;;Objetivos individuales;
Individual view;;no;yes;no;;Individual view;;Vista individual;
Individual workers;;no;yes;no;;Individual workers;;Trabajadores individuales;
Individuals;;no;yes;no;;Individuals;;Personas;
Ingestion;;no;yes;no;;Ingestion;;Ingesta;
Input;;no;yes;no;;Input;;Entrada;
Insightful;;no;yes;no;;Insightful;;Interesante;
Insights;;no;yes;no;;Insights;;Información;
Inspiring;;no;yes;no;;Inspiring;;Inspirador;
Instant messaging address;;no;yes;no;;Instant messaging address;;Dirección de mensajería instantánea;
Integer;;no;yes;no;;Integer;;Entero;
Interface;;no;yes;no;;Interface;;Interfaz;
Is PII;;no;yes;no;;Is PII;;Es IPI;
Is completed;;no;yes;no;;Is completed;;Está completado;
Is enabled;;no;yes;no;;Is enabled;;Está habilitado;
Is read;;no;yes;no;;Is read;;Leído;
Is required;;no;yes;no;;Is required;;Es obligatorio;
Job code;;no;yes;no;;Job code;;Código de puesto;
Job level;;no;yes;no;;Job level;;Nivel de puesto;
Job title;;no;yes;no;;Job title;;Cargo;
Key dates;;no;yes;no;;Key dates;;Fechas clave;
Key deliverables;;no;yes;no;;Key deliverables;;Entregables clave;
Label;;no;yes;no;;Label;;Etiqueta;
Language;;no;yes;no;;Language;;Idioma;
Language code;;no;yes;no;;Language code;;Código de idioma;
Languages;;no;yes;no;;Languages;;Idiomas;
Last edited;;no;yes;no;;Last edited;;Última edición;
Last update;;no;yes;no;;Last update;;Última actualización;
Last updated;;no;yes;no;;Last updated;;Última actualización;
Learning;;no;yes;no;;Learning;;Aprendizaje;
Leave of absence;;no;yes;no;;Leave of absence;;Permiso de ausencia;
Legal Entity;;no;yes;no;;Legal Entity;;Entidad legal;
Legal entity;;no;yes;no;;Legal entity;;Entidad jurídica;
Less than;;no;yes;no;;Less than;;Menos que;
Less than or equal to;;no;yes;no;;Less than or equal to;;Menor o igual que;
Let's meet;;no;yes;no;;Let's meet;;Reunámonos;
Level;;no;yes;no;;Level;;Nivel;
Library details;;no;yes;no;;Library details;;Detalles de la biblioteca;
Library name;;no;yes;no;;Library name;;Nombre de la biblioteca;
Limit;;no;yes;no;;Limit;;Límite;
Line manager;;no;yes;no;;Line manager;;Manager directo;
Linear curve;;no;yes;no;;Linear curve;;Curva lineal;
Link;;no;yes;no;;Link;;Enlace;
Local time;;no;yes;no;;Local time;;Hora local;
Local worker category;;no;yes;no;;Local worker category;;Categoría local de colaborador/a;
Localization;;no;yes;no;;Localization;;Localización;
Location;;no;yes;no;;Location;;Ubicación;
Locations;;no;yes;no;;Locations;;Ubicaciones;
Logins;;no;yes;no;;Logins;;Inicios de sesión;
Logins over time;;no;yes;no;;Logins over time;;Inicios de sesión a lo largo del tiempo;
Logout;;no;yes;no;;Logout;;Cerrar sesión;
Low;;no;yes;no;;Low;;Baja;
Main;;no;yes;no;;Main;;Principal;
Main currency;;no;yes;no;;Main currency;;Moneda principal;
Main group;;no;yes;no;;Main group;;Grupo principal;
Male;;no;yes;no;;Male;;Hombre;
Manage;;no;yes;no;;Manage;;Gestionar;
Manage users;;no;yes;no;;Manage users;;Gestionar usuarios;
Manager;;no;yes;no;;Manager;;Responsable;
Manager ID;;no;yes;no;;Manager ID;;ID del responsable;
Manager feedback;;no;yes;no;;Manager feedback;;Comentarios del responsable;
Manager name;;no;yes;no;;Manager name;;Nombre del manager;
Manager proposal;;no;yes;no;;Manager proposal;;Propuesta del manager;
Manager review;;no;yes;no;;Manager review;;Evaluación del responsable;
Managers;;no;yes;no;;Managers;;Gerentes;
Mandatory;;no;yes;no;;Mandatory;;Obligatorio;
Manually;;no;yes;no;;Manually;;Manualmente;
Mapping configuration;;no;yes;no;;Mapping configuration;;Configuración de asignación;
Max target;;no;yes;no;;Max target;;Objetivo máximo;
Max. score;;no;yes;no;;Max. score;;Puntuación máx.;
Maximum;;no;yes;no;;Maximum;;Máximo;
Maximum outcome;;no;yes;no;;Maximum outcome;;Resultado máximo;
Maximum payout;;no;yes;no;;Maximum payout;;Pago máximo;
Measurement;;no;yes;no;;Measurement;;Medición;
Measurement criteria;;no;yes;no;;Measurement criteria;;Criterios de medición;
Medium;;no;yes;no;;Medium;;Media;
Menu;;no;yes;no;;Menu;;Menú;
Message;;no;yes;no;;Message;;Mensaje;
Min target;;no;yes;no;;Min target;;Objetivo mínimo;
Minimum;;no;yes;no;;Minimum;;Mínimo;
Minimum outcome;;no;yes;no;;Minimum outcome;;Resultado mínimo;
Model;;no;yes;no;;Model;;Modelo;
Model description;;no;yes;no;;Model description;;Descripción del modelo;
Model details;;no;yes;no;;Model details;;Detalles del modelo;
Model features;;no;yes;no;;Model features;;Características del modelo;
Model name;;no;yes;no;;Model name;;Nombre del modelo;
Model type;;no;yes;no;;Model type;;Tipo de modelo;
Models;;no;yes;no;;Models;;Modelos;
Moderation;;no;yes;no;;Moderation;;Moderación;
Moderation stage;;no;yes;no;;Moderation stage;;Fase de moderación;
Month;;no;yes;no;;Month;;Mes;
Months;;no;yes;no;;Months;;Meses;
More;;no;yes;no;;More;;Más;
More details;;no;yes;no;;More details;;Más detalles;
Move reviews;;no;yes;no;;Move reviews;;Mover evaluaciones;
Multiple;;no;yes;no;;Multiple;;Varios;
My behavior profile;;no;yes;no;;My behavior profile;;Mi perfil de comportamiento;
My feedback;;no;yes;no;;My feedback;;Mis comentarios;
My goal;;no;yes;no;;My goal;;Mi objetivo;
My goals;;no;yes;no;;My goals;;Mis objetivos;
My note;;no;yes;no;;My note;;Mi nota;
My review;;no;yes;no;;My review;;Mi evaluación;
My reviews;;no;yes;no;;My reviews;;Mis evaluaciones;
Name;;no;yes;no;;Name;;Nombre;
New manager;;no;yes;no;;New manager;;Nuevo manager;
New password;;no;yes;no;;New password;;Nueva contraseña;
Next;;no;yes;no;;Next;;Siguiente;
Next step;;no;yes;no;;Next step;;Siguiente paso;
Nickname;;no;yes;no;;Nickname;;Apodo;
No career development plans;;no;yes;no;;No career development plans;;Sin planes de desarrollo profesional;
No check-ins;;no;yes;no;;No check-ins;;Sin consultas;
No comments yet;;no;yes;no;;No comments yet;;Aún no hay comentarios;
No compensation rounds;;no;yes;no;;No compensation rounds;;No hay rondas de compensación;
No data;;no;yes;no;;No data;;No hay datos;
No description;;no;yes;no;;No description;;Sin descripción;
No documents;;no;yes;no;;No documents;;Sin documentos;
No feedback;;no;yes;no;;No feedback;;Sin comentarios;
No goals;;no;yes;no;;No goals;;Sin objetivos;
No goals yet;;no;yes;no;;No goals yet;;Todavía no hay objetivos;
No messages yet;;no;yes;no;;No messages yet;;Todavía no hay mensajes;
No notes;;no;yes;no;;No notes;;Sin notas;
No populations;;no;yes;no;;No populations;;No hay poblaciones;
No populations yet;;no;yes;no;;No populations yet;;Aún no hay poblaciones;
No priority;;no;yes;no;;No priority;;Sin prioridad;
No questions;;no;yes;no;;No questions;;Sin preguntas;
No results;;no;yes;no;;No results;;No hay resultados;
No results found;;no;yes;no;;No results found;;No se han encontrado resultados;
No value;;no;yes;no;;No value;;Sin valor;
Non-conditional;;no;yes;no;;Non-conditional;;No condicional;
None;;no;yes;no;;None;;Ninguno;
Not completed;;no;yes;no;;Not completed;;No completado;
Not empty;;no;yes;no;;Not empty;;No está vacío;
Not released;;no;yes;no;;Not released;;No publicado;
Not selected;;no;yes;no;;Not selected;;No seleccionado;
Not started;;no;yes;no;;Not started;;No iniciado;
Not submitted;;no;yes;no;;Not submitted;;No enviado;
Note;;no;yes;no;;Note;;Nota;
Notes;;no;yes;no;;Notes;;Notas;
Notification bell;;no;yes;no;;Notification bell;;Campana de notificaciones;
Notifications;;no;yes;no;;Notifications;;Notificaciones;
Nudge;;no;yes;no;;Nudge;;Sugerencia;
Number;;no;yes;no;;Number;;Número;
Number of days;;no;yes;no;;Number of days;;Número de días;
Number of years;;no;yes;no;;Number of years;;Número de años;
Numeric;;no;yes;no;;Numeric;;Numérico;
Observations;;no;yes;no;;Observations;;Observaciones;
On track;;no;yes;no;;On track;;En curso;
Open;;no;yes;no;;Open;;Abrir;
Operator;;no;yes;no;;Operator;;Operador;
Optional;;no;yes;no;;Optional;;Opcional;
Organization;;no;yes;no;;Organization;;Organización;
Organization external ID;;no;yes;no;;Organization external ID;;ID externo de la organización;
Organizational;;no;yes;no;;Organizational;;Organizativo;
Organizational Units;;no;yes;no;;Organizational Units;;Unidades organizativas;
Organizational goal;;no;yes;no;;Organizational goal;;Objetivo organizativo;
Organizational unit;;no;yes;no;;Organizational unit;;Unidad organizativa;
Other;;no;yes;no;;Other;;Otro;
Outcome;;no;yes;no;;Outcome;;Resultado;
Overall behavior rating;;no;yes;no;;Overall behavior rating;;Valoración general del comportamiento;
Overall performance;;no;yes;no;;Overall performance;;Desempeño general;
Overall performance rating;;no;yes;no;;Overall performance rating;;Valoración global del rendimiento;
Overall progress;;no;yes;no;;Overall progress;;Progreso general;
Overdue;;no;yes;no;;Overdue;;Atrasado;
Overview;;no;yes;no;;Overview;;Resumen;
Owner;;no;yes;no;;Owner;;Propietario;
Owners;;no;yes;no;;Owners;;Propietarios;
Participant;;no;yes;no;;Participant;;Participante;
Participants;;no;yes;no;;Participants;;Participantes;
Password;;no;yes;no;;Password;;Contraseña;
Past;;no;yes;no;;Past;;Pasado;
Pay Analysis;;no;yes;no;;Pay Analysis;;Análisis salarial;
Pay Information;;no;yes;no;;Pay Information;;Información de pago;
Pay Intelligence;;no;yes;no;;Pay Intelligence;;Inteligencia de pagos;
Pay Transparency;;no;yes;no;;Pay Transparency;;Transparencia de pagos;
Pay analysis;;no;yes;no;;Pay analysis;;Análisis de remuneración;
Pay information;;no;yes;no;;Pay information;;Información salarial;
Pay information requests;;no;yes;no;;Pay information requests;;Solicitudes de información salarial;
Pay range;;no;yes;no;;Pay range;;Rango salarial;
Payout;;no;yes;no;;Payout;;Pago;
Payout Curves;;no;yes;no;;Payout Curves;;Curvas de pago;
Payout curve;;no;yes;no;;Payout curve;;Curva de pagos;
Payout curves;;no;yes;no;;Payout curves;;Curvas de pago;
Payroll;;no;yes;no;;Payroll;;Nómina;
Payroll data drop;;no;yes;no;;Payroll data drop;;Descarga de datos de nómina;
Peers;;no;yes;no;;Peers;;Compañeros;
Pending;;no;yes;no;;Pending;;Pendiente;
Pending approval;;no;yes;no;;Pending approval;;Pendiente de aprobación;
Pending confirmation;;no;yes;no;;Pending confirmation;;Pendiente de confirmación;
Pending draft;;no;yes;no;;Pending draft;;Borrador pendiente;
Pending publishing;;no;yes;no;;Pending publishing;;Pendiente de publicación;
Pending sign-off;;no;yes;no;;Pending sign-off;;Pendiente de aprobación;
People;;no;yes;no;;People;;Personas;
People day;;no;yes;no;;People day;;Día de personas;
Percentage;;no;yes;no;;Percentage;;Porcentaje;
Performance;;no;yes;no;;Performance;;Desempeño;
Performance Management;;no;yes;no;;Performance Management;;Gestión del desempeño;
Performance Reviews;;no;yes;no;;Performance Reviews;;Evaluaciones de desempeño;
Performance check-ins;;no;yes;no;;Performance check-ins;;Consultas de rendimiento;
Performance rating;;no;yes;no;;Performance rating;;Calificación de desempeño;
Performance review;;no;yes;no;;Performance review;;Evaluación de desempeño;
Performance review details;;no;yes;no;;Performance review details;;Detalles de la evaluación de desempeño;
Performance review templates;;no;yes;no;;Performance review templates;;Plantillas de evaluación del desempeño;
Period;;no;yes;no;;Period;;Período;
Period start date;;no;yes;no;;Period start date;;Fecha de inicio del período;
Personally identifiable information;;no;yes;no;;Personally identifiable information;;Información personal identificable;
Phone number;;no;yes;no;;Phone number;;Número de teléfono;
Plan details;;no;yes;no;;Plan details;;Detalles del plan;
Plan name;;no;yes;no;;Plan name;;Nombre del plan;
Plan stage;;no;yes;no;;Plan stage;;Fase de planificación;
Plan transmission;;no;yes;no;;Plan transmission;;Transmisión del plan;
Plans;;no;yes;no;;Plans;;Planes;
Population;;no;yes;no;;Population;;Población;
Population criteria;;no;yes;no;;Population criteria;;Criterios de población;
Populations;;no;yes;no;;Populations;;Poblaciones;
Position in pay range;;no;yes;no;;Position in pay range;;Posición en la escala salarial;
Preview;;no;yes;no;;Preview;;Vista previa;
Preview document;;no;yes;no;;Preview document;;Vista previa del documento;
Previous;;no;yes;no;;Previous;;Anterior;
Priority;;no;yes;no;;Priority;;Prioridad;
Privacy;;no;yes;no;;Privacy;;Privacidad;
Privacy settings;;no;yes;no;;Privacy settings;;Configuración de privacidad;
Privacy statement text;;no;yes;no;;Privacy statement text;;Texto de la declaración de privacidad;
Private;;no;yes;no;;Private;;Privado;
Proceed;;no;yes;no;;Proceed;;Continuar;
Processing;;no;yes;no;;Processing;;Procesando;
Professional;;no;yes;no;;Professional;;Profesional;
Progress;;no;yes;no;;Progress;;Progreso;
Progress tracking;;no;yes;no;;Progress tracking;;Seguimiento del progreso;
Properties;;no;yes;no;;Properties;;Propiedades;
Proposal management;;no;yes;no;;Proposal management;;Gestión de propuestas;
Prorated target bonus;;no;yes;no;;Prorated target bonus;;Prima objetivo prorrateada;
Proxy;;no;yes;no;;Proxy;;Representante;
Proxy access list;;no;yes;no;;Proxy access list;;Lista de acceso de representante;
Proxy permission;;no;yes;no;;Proxy permission;;Permiso de representante;
Public;;no;yes;no;;Public;;Público;
Public feedback;;no;yes;no;;Public feedback;;Publicar feedback;
Publish;;no;yes;no;;Publish;;Publicar;
Published;;no;yes;no;;Published;;Publicado;
Published date;;no;yes;no;;Published date;;Fecha de publicación;
Publishing;;no;yes;no;;Publishing;;Publicación;
Purpose;;no;yes;no;;Purpose;;Propósito;
Question;;no;yes;no;;Question;;Pregunta;
Questions;;no;yes;no;;Questions;;Preguntas;
RTI request status;;no;yes;no;;RTI request status;;Estado de solicitud RTI;
Range;;no;yes;no;;Range;;Intervalo;
Rate this feedback;;no;yes;no;;Rate this feedback;;Califique este feedback;
Rating;;no;yes;no;;Rating;;Calificación;
Rating changed;;no;yes;no;;Rating changed;;Calificación modificada;
Rating distribution;;no;yes;no;;Rating distribution;;Distribución de valoraciones;
Rating scale;;no;yes;no;;Rating scale;;Escala de calificación;
Rating scales;;no;yes;no;;Rating scales;;Escalas de calificación;
Read;;no;yes;no;;Read;;Lectura;
Read only;;no;yes;no;;Read only;;Solo lectura;
Read status;;no;yes;no;;Read status;;Estado de lectura;
Read-only;;no;yes;no;;Read-only;;Solo lectura;
Ready;;no;yes;no;;Ready;;Listo;
Reassign;;no;yes;no;;Reassign;;Reasignar;
Reassign manager;;no;yes;no;;Reassign manager;;Reasignar manager;
Reassigned;;no;yes;no;;Reassigned;;Reasignado;
Received;;no;yes;no;;Received;;Recibido;
Received behaviors;;no;yes;no;;Received behaviors;;Comportamientos recibidos;
Received feedback;;no;yes;no;;Received feedback;;Comentarios recibidos;
Recipient;;no;yes;no;;Recipient;;Destinatario;
Recipients;;no;yes;no;;Recipients;;Destinatarios;
Recognition;;no;yes;no;;Recognition;;Reconocimiento;
Recognized behaviors;;no;yes;no;;Recognized behaviors;;Comportamientos reconocidos;
Recommended;;no;yes;no;;Recommended;;Recomendado;
Recurrence;;no;yes;no;;Recurrence;;Recurrencia;
Recurring;;no;yes;no;;Recurring;;Periódico;
Reference;;no;yes;no;;Reference;;Referencia;
Reference number;;no;yes;no;;Reference number;;Número de referencia;
Refresh;;no;yes;no;;Refresh;;Actualizar;
Region;;no;yes;no;;Region;;Región;
Regular check-ins;;no;yes;no;;Regular check-ins;;Consultas regulares;
Reject;;no;yes;no;;Reject;;Rechazar;
Rejected;;no;yes;no;;Rejected;;Rechazado;
Relation;;no;yes;no;;Relation;;Relación;
Release;;no;yes;no;;Release;;Publicar;
Release status;;no;yes;no;;Release status;;Estado de publicación;
Released;;no;yes;no;;Released;;Publicado;
Remaining;;no;yes;no;;Remaining;;Restantes;
Reminder name;;no;yes;no;;Reminder name;;Nombre del recordatorio;
Reminders;;no;yes;no;;Reminders;;Recordatorios;
Remove;;no;yes;no;;Remove;;Eliminar;
Remove all;;no;yes;no;;Remove all;;Eliminar todo;
Rename;;no;yes;no;;Rename;;Cambiar nombre;
Reopen;;no;yes;no;;Reopen;;Volver a abrir;
Reopen reviews;;no;yes;no;;Reopen reviews;;Reabrir evaluaciones;
Reopened;;no;yes;no;;Reopened;;Reabierto;
Reply rate;;no;yes;no;;Reply rate;;Tasa de respuesta;
Reports;;no;yes;no;;Reports;;Informes;
Republish;;no;yes;no;;Republish;;Volver a publicar;
Republished round;;no;yes;no;;Republished round;;Ronda republicada;
Request;;no;yes;no;;Request;;Solicitud;
Request ID;;no;yes;no;;Request ID;;ID de solicitud;
Request date;;no;yes;no;;Request date;;Fecha de solicitud;
Request details;;no;yes;no;;Request details;;Detalles de la solicitud;
Request feedback;;no;yes;no;;Request feedback;;Solicitar comentarios;
Request feedback from;;no;yes;no;;Request feedback from;;Solicitar comentarios de;
Request feedback now;;no;yes;no;;Request feedback now;;Solicitar feedback ahora;
Request feedback on;;no;yes;no;;Request feedback on;;Solicitar comentarios sobre;
Request pay information;;no;yes;no;;Request pay information;;Solicitar información sobre el salario;
Request status;;no;yes;no;;Request status;;Estado de la solicitud;
Requested;;no;yes;no;;Requested;;Solicitado;
Requested feedback;;no;yes;no;;Requested feedback;;Comentarios solicitados;
Requests;;no;yes;no;;Requests;;Solicitudes;
Requests about my team;;no;yes;no;;Requests about my team;;Solicitudes sobre mi equipo;
Required;;no;yes;no;;Required;;Obligatorio;
Resources;;no;yes;no;;Resources;;Recursos;
Response permission;;no;yes;no;;Response permission;;Permiso de respuesta;
Resubmit;;no;yes;no;;Resubmit;;Volver a enviar;
Result;;no;yes;no;;Result;;Resultado;
Review;;no;yes;no;;Review;;Evaluación;
Review Details;;no;yes;no;;Review Details;;Detalles de la revisión;
Review Status;;no;yes;no;;Review Status;;Estado de la revisión;
Review about;;no;yes;no;;Review about;;Evaluación sobre;
Review challenge;;no;yes;no;;Review challenge;;Impugnar revisión;
Review name;;no;yes;no;;Review name;;Nombre de la revisión;
Review rating;;no;yes;no;;Review rating;;Calificación de la revisión;
Review rating distribution;;no;yes;no;;Review rating distribution;;Distribución de calificaciones de la revisión;
Review settings;;no;yes;no;;Review settings;;Configuración de evaluación;
Review stage;;no;yes;no;;Review stage;;Fase de evaluación;
Review stages;;no;yes;no;;Review stages;;Fases de evaluación;
Review status;;no;yes;no;;Review status;;Estado de la evaluación;
Review type;;no;yes;no;;Review type;;Tipo de evaluación;
Reviews;;no;yes;no;;Reviews;;Evaluaciones;
Role;;no;yes;no;;Role;;Función;
Roles;;no;yes;no;;Roles;;Funciones;
Round;;no;yes;no;;Round;;Ronda;
Round code;;no;yes;no;;Round code;;Código de ronda;
Round details;;no;yes;no;;Round details;;Detalles de la ronda;
Round reminders;;no;yes;no;;Round reminders;;Recordatorios de ronda;
Round republished;;no;yes;no;;Round republished;;Ronda republicada;
Round type;;no;yes;no;;Round type;;Tipo de ronda;
Round visibility;;no;yes;no;;Round visibility;;Visibilidad de ronda;
Rule configuration;;no;yes;no;;Rule configuration;;Configuración de reglas;
Rule details;;no;yes;no;;Rule details;;Detalles de la regla;
Rule name;;no;yes;no;;Rule name;;Nombre de la regla;
Rules;;no;yes;no;;Rules;;Reglas;
Salary;;no;yes;no;;Salary;;Salario;
Salary configuration;;no;yes;no;;Salary configuration;;Configuración del salario;
Save;;no;yes;no;;Save;;Guardar;
Save & exit;;no;yes;no;;Save & exit;;Guardar y salir;
Scale;;no;yes;no;;Scale;;Escala;
Search;;no;yes;no;;Search;;Buscar;
Search by name;;no;yes;no;;Search by name;;Buscar por nombre;
Search by name or code;;no;yes;no;;Search by name or code;;Buscar por nombre o código;
Search for a person;;no;yes;no;;Search for a person;;Buscar una persona;
Search for a worker;;no;yes;no;;Search for a worker;;Buscar un trabajador;
Search for workers;;no;yes;no;;Search for workers;;Buscar trabajadores;
Secondary email;;no;yes;no;;Secondary email;;Correo electrónico secundario;
Secondary email address;;no;yes;no;;Secondary email address;;Dirección de correo electrónico secundaria;
Secondary hierarchy;;no;yes;no;;Secondary hierarchy;;Jerarquía secundaria;
Section header;;no;yes;no;;Section header;;Encabezado de sección;
Security;;no;yes;no;;Security;;Seguridad;
Security group;;no;yes;no;;Security group;;Grupo de seguridad;
See all;;no;yes;no;;See all;;Ver todo;
Select;;no;yes;no;;Select;;Seleccionar;
Select all;;no;yes;no;;Select all;;Seleccionar todo;
Select an option;;no;yes;no;;Select an option;;Seleccionar una opción;
Select communication round;;no;yes;no;;Select communication round;;Seleccione la ronda de comunicación;
Select data model;;no;yes;no;;Select data model;;Seleccionar modelo de datos;
Select entity;;no;yes;no;;Select entity;;Seleccionar entidad;
Select filters;;no;yes;no;;Select filters;;Seleccionar filtros;
Select goal;;no;yes;no;;Select goal;;Seleccionar objetivo;
Select owners;;no;yes;no;;Select owners;;Seleccionar propietarios;
Select population;;no;yes;no;;Select population;;Seleccionar población;
Select the compensation element;;no;yes;no;;Select the compensation element;;Seleccione el elemento de compensación;
Select type;;no;yes;no;;Select type;;Seleccionar tipo;
Selected;;no;yes;no;;Selected;;Seleccionado;
Selected column;;no;yes;no;;Selected column;;Columna seleccionada;
Selected fields;;no;yes;no;;Selected fields;;Campos seleccionados;
Selected items;;no;yes;no;;Selected items;;Elementos seleccionados;
Selected population;;no;yes;no;;Selected population;;Población seleccionada;
Self;;no;yes;no;;Self;;Auto;
Self-assessment;;no;yes;no;;Self-assessment;;Autoevaluación;
Self-review;;no;yes;no;;Self-review;;Autoevaluación;
Send;;no;yes;no;;Send;;Enviar;
Send feedback;;no;yes;no;;Send feedback;;Enviar comentarios;
Send to Documents;;no;yes;no;;Send to Documents;;Enviar a Documentos;
Sender;;no;yes;no;;Sender;;Remitente;
Sensitive Content;;no;yes;no;;Sensitive Content;;Contenido sensible;
Sent;;no;yes;no;;Sent;;Enviado;
Sent behaviors;;no;yes;no;;Sent behaviors;;Comportamientos enviados;
Sent feedback;;no;yes;no;;Sent feedback;;Feedback enviado;
Sent to;;no;yes;no;;Sent to;;Enviado a;
Separator;;no;yes;no;;Separator;;Separador;
Session timeout;;no;yes;no;;Session timeout;;Tiempo de espera de la sesión agotado;
Settings;;no;yes;no;;Settings;;Configuración;
Setup;;no;yes;no;;Setup;;Configuración;
Share;;no;yes;no;;Share;;Compartir;
Share feedback;;no;yes;no;;Share feedback;;Compartir comentarios;
Share this feedback;;no;yes;no;;Share this feedback;;Compartir este feedback;
Share with;;no;yes;no;;Share with;;Compartir con;
Share your insights;;no;yes;no;;Share your insights;;Compartir sus ideas;
Share your thoughts;;no;yes;no;;Share your thoughts;;Compartir sus opiniones;
Shared;;no;yes;no;;Shared;;Compartido;
Shared feedback;;no;yes;no;;Shared feedback;;Comentarios compartidos;
Shared goals;;no;yes;no;;Shared goals;;Objetivos compartidos;
Shared with;;no;yes;no;;Shared with;;Compartido con;
Shared with me;;no;yes;no;;Shared with me;;Compartido conmigo;
Sharing;;no;yes;no;;Sharing;;Compartir;
Short;;no;yes;no;;Short;;Bajo;
Show;;no;yes;no;;Show;;Mostrar;
Show all;;no;yes;no;;Show all;;Mostrar todo;
Since request;;no;yes;no;;Since request;;Desde la solicitud;
Situation;;no;yes;no;;Situation;;Situación;
Situations;;no;yes;no;;Situations;;Situaciones;
Skill & Competency Groups;;no;yes;no;;Skill & Competency Groups;;Grupos de habilidades y competencias;
Skill & competency groups;;no;yes;no;;Skill & competency groups;;Grupos de habilidades y competencias;
Skills;;no;yes;no;;Skills;;Habilidades;
Skills & competency groups;;no;yes;no;;Skills & competency groups;;Grupos de habilidades y competencias;
Snapshot;;no;yes;no;;Snapshot;;Instantánea;
Snapshot Manager;;no;yes;no;;Snapshot Manager;;Administrador de instantáneas;
Snapshot details;;no;yes;no;;Snapshot details;;Detalles de la instantánea;
Snapshots;;no;yes;no;;Snapshots;;Instantáneas;
Source;;no;yes;no;;Source;;Fuente;
Stage;;no;yes;no;;Stage;;Fase;
Standard;;no;yes;no;;Standard;;Estándar;
Start;;no;yes;no;;Start;;Inicio;
Start date;;no;yes;no;;Start date;;Fecha de inicio;
Start date in company;;no;yes;no;;Start date in company;;Fecha de inicio en la empresa;
Start time;;no;yes;no;;Start time;;Hora de inicio;
State;;no;yes;no;;State;;Estado;
Statement generation;;no;yes;no;;Statement generation;;Generación de declaraciones;
Statements;;no;yes;no;;Statements;;Declaraciones;
Status;;no;yes;no;;Status;;Estado;
Status by org. level;;no;yes;no;;Status by org. level;;Estado por nivel organizativo;
Step curve;;no;yes;no;;Step curve;;Curva escalonada;
Step end date;;no;yes;no;;Step end date;;Fecha de finalización del paso;
Stock;;no;yes;no;;Stock;;Acciones;
Street address;;no;yes;no;;Street address;;Dirección postal;
Subgroups;;no;yes;no;;Subgroups;;Subgrupos;
Subject;;no;yes;no;;Subject;;Sujeto;
Submit;;no;yes;no;;Submit;;Enviar;
Submit to manager;;no;yes;no;;Submit to manager;;Enviar al responsable;
Submitted;;no;yes;no;;Submitted;;Enviado;
Success;;no;yes;no;;Success;;Éxito;
Suggested agenda;;no;yes;no;;Suggested agenda;;Agenda sugerida;
Sum;;no;yes;no;;Sum;;Suma;
Summary;;no;yes;no;;Summary;;Resumen;
System;;no;yes;no;;System;;Sistema;
System populations;;no;yes;no;;System populations;;Poblaciones del sistema;
Tag;;no;yes;no;;Tag;;Etiqueta;
Tag library;;no;yes;no;;Tag library;;Biblioteca de etiquetas;
Tags;;no;yes;no;;Tags;;Etiquetas;
Talent Review;;no;yes;no;;Talent Review;;Revisión del talento;
Target;;no;yes;no;;Target;;Objetivo;
Target bonus;;no;yes;no;;Target bonus;;Bono objetivo;
Target budget;;no;yes;no;;Target budget;;Presupuesto objetivo;
Team;;no;yes;no;;Team;;Equipo;
Team planner view;;no;yes;no;;Team planner view;;Vista del planificador de equipo;
Team requests;;no;yes;no;;Team requests;;Solicitudes del equipo;
Template;;no;yes;no;;Template;;Plantilla;
Template document;;no;yes;no;;Template document;;Documento de plantilla;
Template widget settings;;no;yes;no;;Template widget settings;;Configuración del widget de plantilla;
Templates;;no;yes;no;;Templates;;Plantillas;
Text;;no;yes;no;;Text;;Texto;
Text field;;no;yes;no;;Text field;;Campo de texto;
Thanks;;no;yes;no;;Thanks;;Gracias;
Then;;no;yes;no;;Then;;Entonces;
Time in role;;no;yes;no;;Time in role;;Tiempo en el puesto;
Time zone;;no;yes;no;;Time zone;;Zona horaria;
Timeline;;no;yes;no;;Timeline;;Cronología;
Title;;no;yes;no;;Title;;Título;
Today;;no;yes;no;;Today;;Hoy;
Toggle;;no;yes;no;;Toggle;;Cambiar;
Total behaviors;;no;yes;no;;Total behaviors;;Total de comportamientos;
Total compensation;;no;yes;no;;Total compensation;;Compensación total;
Total entities;;no;yes;no;;Total entities;;Entidades totales;
Total goals;;no;yes;no;;Total goals;;Goles totales;
Total reviews;;no;yes;no;;Total reviews;;Total de revisiones;
Total score;;no;yes;no;;Total score;;Puntuación total;
Total workers;;no;yes;no;;Total workers;;Total de colaboradores/as;
Tracking;;no;yes;no;;Tracking;;Seguimiento;
Tracking status;;no;yes;no;;Tracking status;;Estado de seguimiento;
Training data;;no;yes;no;;Training data;;Datos de formación;
Trend;;no;yes;no;;Trend;;Tendencia;
True;;no;yes;no;;True;;Verdadero;
Trust;;no;yes;no;;Trust;;Confianza;
Try again;;no;yes;no;;Try again;;Intentarlo de nuevo;
Type;;no;yes;no;;Type;;Tipo;
Type part of a name;;no;yes;no;;Type part of a name;;Escriba parte de un nombre;
Type weight;;no;yes;no;;Type weight;;Escriba el peso;
Type your message here;;no;yes;no;;Type your message here;;Escriba aquí su mensaje;
Types;;no;yes;no;;Types;;Tipos;
Unavailable;;no;yes;no;;Unavailable;;No disponible;
Unclear;;no;yes;no;;Unclear;;Poco claro;
Under review;;no;yes;no;;Under review;;En evaluación;
Unexpected error;;no;yes;no;;Unexpected error;;Error inesperado;
Unhelpful;;no;yes;no;;Unhelpful;;No útil;
Unique logins;;no;yes;no;;Unique logins;;Inicios de sesión únicos;
Unit;;no;yes;no;;Unit;;Unidad;
Unrated;;no;yes;no;;Unrated;;Sin valorar;
Unrelease;;no;yes;no;;Unrelease;;Sin publicar;
Unreleased;;no;yes;no;;Unreleased;;Sin publicar;
Unsaved changes;;no;yes;no;;Unsaved changes;;Cambios no guardados;
Unselect all;;no;yes;no;;Unselect all;;Deseleccionar todo;
Upcoming;;no;yes;no;;Upcoming;;Próximamente;
Upcoming check-ins;;no;yes;no;;Upcoming check-ins;;Próximas consultas;
Update;;no;yes;no;;Update;;Actualizar;
Updated;;no;yes;no;;Updated;;Actualizado;
Updated by;;no;yes;no;;Updated by;;Actualizado por;
Upload;;no;yes;no;;Upload;;Cargar;
Upload behavior;;no;yes;no;;Upload behavior;;Subir comportamiento;
Upload file;;no;yes;no;;Upload file;;Subir archivo;
Upload the completed file;;no;yes;no;;Upload the completed file;;Cargue el archivo completado;
Upload the modified Excel file;;no;yes;no;;Upload the modified Excel file;;Cargar el archivo Excel modificado;
Uploaded by;;no;yes;no;;Uploaded by;;Subido por;
Uploaded files;;no;yes;no;;Uploaded files;;Archivos cargados;
Uploading;;no;yes;no;;Uploading;;Subiendo;
Usage;;no;yes;no;;Usage;;Uso;
Usage details;;no;yes;no;;Usage details;;Detalles de uso;
Used;;no;yes;no;;Used;;Usado;
Used in;;no;yes;no;;Used in;;Se usa en;
Useful information;;no;yes;no;;Useful information;;Información útil;
User;;no;yes;no;;User;;Usuario;
User Security;;no;yes;no;;User Security;;Seguridad del usuario;
User local time;;no;yes;no;;User local time;;Hora local del usuario;
Username;;no;yes;no;;Username;;Nombre de usuario;
Users;;no;yes;no;;Users;;Usuarios;
Users who sent feedback;;no;yes;no;;Users who sent feedback;;Usuarios que enviaron feedback;
Users with no goals;;no;yes;no;;Users with no goals;;Usuarios sin objetivos;
Validate;;no;yes;no;;Validate;;Validar;
Validation;;no;yes;no;;Validation;;Validación;
Value;;no;yes;no;;Value;;Valor;
Value type;;no;yes;no;;Value type;;Tipo de valor;
Values;;no;yes;no;;Values;;Valores;
Version;;no;yes;no;;Version;;Versión;
View;;no;yes;no;;View;;Ver;
View all;;no;yes;no;;View all;;Ver todo;
View my received feedback;;no;yes;no;;View my received feedback;;Ver mis comentarios recibidos;
View review;;no;yes;no;;View review;;Ver evaluación;
Visibility;;no;yes;no;;Visibility;;Visibilidad;
Weight;;no;yes;no;;Weight;;Peso;
Weighted score;;no;yes;no;;Weighted score;;Puntuación ponderada;
Widget settings;;no;yes;no;;Widget settings;;Configuración del widget;
Work country;;no;yes;no;;Work country;;País de trabajo;
Workbench;;no;yes;no;;Workbench;;Banco de trabajo;
Worker;;no;yes;no;;Worker;;Trabajador;
Worker & manager;;no;yes;no;;Worker & manager;;Colaborador/a y manager;
Worker ID;;no;yes;no;;Worker ID;;ID de trabajador;
Worker category;;no;yes;no;;Worker category;;Categoría de trabajador;
Worker details;;no;yes;no;;Worker details;;Detalles del colaborador/a;
Worker name;;no;yes;no;;Worker name;;Nombre del colaborador/a;
Worker self-assessment;;no;yes;no;;Worker self-assessment;;Autoevaluación del trabajador;
Worker sign-off;;no;yes;no;;Worker sign-off;;Firma del/de la colaborador/a;
Worker submission;;no;yes;no;;Worker submission;;Envío de trabajador;
Workers;;no;yes;no;;Workers;;Trabajadores;
Workflow;;no;yes;no;;Workflow;;Flujo de trabajo;
Workflow section;;no;yes;no;;Workflow section;;Sección del flujo de trabajo;
Workflow status;;no;yes;no;;Workflow status;;Estado del flujo de trabajo;
Workflow step;;no;yes;no;;Workflow step;;Paso del flujo de trabajo;
Workflow steps;;no;yes;no;;Workflow steps;;Pasos del flujo de trabajo;
Workflow type;;no;yes;no;;Workflow type;;Tipo de flujo de trabajo;
Write;;no;yes;no;;Write;;Escribir;
Year;;no;yes;no;;Year;;Año;
Years;;no;yes;no;;Years;;Años;
Your comment;;no;yes;no;;Your comment;;Su comentario;
Your documents;;no;yes;no;;Your documents;;Sus documentos;
Your email;;no;yes;no;;Your email;;Su correo electrónico;
Your observations;;no;yes;no;;Your observations;;Sus observaciones;
Your view;;no;yes;no;;Your view;;Su vista;
