term;description;casesensitive;translatable;forbidden;tags;en-US;en-US_description;tr-TR;tr-TR_description
About;;no;yes;no;;About;;Hakkında;
About my team;;no;yes;no;;About my team;;Ekibim hakkında;
Absence;;no;yes;no;;Absence;;Devamsızlık;
Accept;;no;yes;no;;Accept;;Onayla;
Accepted;;no;yes;no;;Accepted;;Kabul Edildi;
Account;;no;yes;no;;Account;;Hesap;
Achievement;;no;yes;no;;Achievement;;Başarı;
Achievement summary;;no;yes;no;;Achievement summary;;Başarı özeti;
Action;;no;yes;no;;Action;;Eylem;
Action required;;no;yes;no;;Action required;;Eylem gerekli;
Actions;;no;yes;no;;Actions;;Eylemler;
Actions required;;no;yes;no;;Actions required;;Gerekli eylemler;
Activate;;no;yes;no;;Activate;;Etkinleştir;
Active;;no;yes;no;;Active;;Aktif;
Active users;;no;yes;no;;Active users;;Aktif kullanıcılar;
Actor;;no;yes;no;;Actor;;Aktör;
Add;;no;yes;no;;Add;;Ekle;
Add all;;no;yes;no;;Add all;;Tümünü ekle;
Add all company;;no;yes;no;;Add all company;;Tüm şirketi ekle;
Add all organizational units;;no;yes;no;;Add all organizational units;;Tüm organizasyon birimlerini ekleyin;
Add condition;;no;yes;no;;Add condition;;Koşul ekle;
Add feedback note;;no;yes;no;;Add feedback note;;Geri bildirimlere ilişkin notu ekle;
Add field;;no;yes;no;;Add field;;Alan ekle;
Add mapping;;no;yes;no;;Add mapping;;Eşleştirme ekle;
Add note;;no;yes;no;;Add note;;Not ekle;
Add question;;no;yes;no;;Add question;;Soru ekle;
Add skills;;no;yes;no;;Add skills;;Beceri ekleyin;
Add step;;no;yes;no;;Add step;;Adım ekle;
Addition;;no;yes;no;;Addition;;Ekleme;
Additional Managers;;no;yes;no;;Additional Managers;;Ek Yöneticiler;
Additional goal description;;no;yes;no;;Additional goal description;;Ek hedef açıklaması;
Additional information;;no;yes;no;;Additional information;;Ek bilgiler;
Additional manager;;no;yes;no;;Additional manager;;Ek yönetici;
Additional managers;;no;yes;no;;Additional managers;;Ek yöneticiler;
Additional review;;no;yes;no;;Additional review;;Ek değerlendirme;
Administration;;no;yes;no;;Administration;;Yönetim;
Advanced;;no;yes;no;;Advanced;;Gelişmiş;
After;;no;yes;no;;After;;Sonra;
Agenda;;no;yes;no;;Agenda;;Gündem;
Alert;;no;yes;no;;Alert;;Uyarı;
Alerts;;no;yes;no;;Alerts;;Uyarılar;
Aligned with goal;;no;yes;no;;Aligned with goal;;Hedefle uyumlu hale getirildi;
Alignment;;no;yes;no;;Alignment;;Hizalama;
All company;;no;yes;no;;All company;;Tüm şirket;
All criteria;;no;yes;no;;All criteria;;Tüm kriterler;
All locations;;no;yes;no;;All locations;;Tüm lokasyonlar;
All organizational units;;no;yes;no;;All organizational units;;Tüm organizasyon birimleri;
All participants;;no;yes;no;;All participants;;Tüm katılımcılar;
All results;;no;yes;no;;All results;;Tüm sonuçlar;
All roles;;no;yes;no;;All roles;;Tüm görevler;
All updates;;no;yes;no;;All updates;;Tüm güncellemeler;
Analyses;;no;yes;no;;Analyses;;Analizler;
Analysis;;no;yes;no;;Analysis;;Analiz;
Anonymization;;no;yes;no;;Anonymization;;Anonimleştirme;
Answer type;;no;yes;no;;Answer type;;Yanıt türü;
Anyone;;no;yes;no;;Anyone;;Herkes;
Anyone in the company;;no;yes;no;;Anyone in the company;;Şirketteki herkes;
Appearance;;no;yes;no;;Appearance;;Görünüm;
Apply;;no;yes;no;;Apply;;Uygula;
Apply filters;;no;yes;no;;Apply filters;;Filtreleri uygula;
Approve;;no;yes;no;;Approve;;Onayla;
Approved;;no;yes;no;;Approved;;Onaylandı;
Archived;;no;yes;no;;Archived;;Arşivlendi;
Assign;;no;yes;no;;Assign;;Ata;
Assign to;;no;yes;no;;Assign to;;Atama yap;
Assigned;;no;yes;no;;Assigned;;Atanan;
Assigned reviews;;no;yes;no;;Assigned reviews;;Atanan değerlendirmeler;
Assigned to;;no;yes;no;;Assigned to;;Şuraya atandı;
Assignment;;no;yes;no;;Assignment;;Atama;
Assignment permissions;;no;yes;no;;Assignment permissions;;Atama izinleri;
At least one number;;no;yes;no;;At least one number;;En az bir sayı;
At risk;;no;yes;no;;At risk;;Risk altında;
Attached document;;no;yes;no;;Attached document;;Ekteki belge;
Attachments;;no;yes;no;;Attachments;;Ekler;
Audit;;no;yes;no;;Audit;;Denetim;
Audit trail;;no;yes;no;;Audit trail;;Denetim izi;
Auto-suggestion;;no;yes;no;;Auto-suggestion;;Otomatik öneri;
Available;;no;yes;no;;Available;;Mevcut;
Average score;;no;yes;no;;Average score;;Ortalama puan;
Average total score;;no;yes;no;;Average total score;;Ortalama toplam puan;
Avg. word count;;no;yes;no;;Avg. word count;;Ort. kelime sayısı;
Back;;no;yes;no;;Back;;Geri;
Basic Information;;no;yes;no;;Basic Information;;Temel bilgiler;
Basic information;;no;yes;no;;Basic information;;Temel bilgiler;
Before;;no;yes;no;;Before;;Önce;
Behavior;;no;yes;no;;Behavior;;Davranış;
Behavior libraries;;no;yes;no;;Behavior libraries;;Davranış kitaplıkları;
Behavior library;;no;yes;no;;Behavior library;;Davranış kitaplığı;
Behavior profile;;no;yes;no;;Behavior profile;;Davranış profili;
Behavior wheel;;no;yes;no;;Behavior wheel;;Davranış çarkı;
Behaviors;;no;yes;no;;Behaviors;;Davranışlar;
Behaviors sent;;no;yes;no;;Behaviors sent;;Gönderilen davranışlar;
Benchmarking;;no;yes;no;;Benchmarking;;Kıyaslama;
Blank values;;no;yes;no;;Blank values;;Boş değerler;
Blocked;;no;yes;no;;Blocked;;Engellendi;
Bonus Plans;;no;yes;no;;Bonus Plans;;Bonus Planları;
Bonus amount;;no;yes;no;;Bonus amount;;Bonus tutarı;
Bonus calculation equation;;no;yes;no;;Bonus calculation equation;;Bonus hesaplama denklemi;
Bonus calculation formula;;no;yes;no;;Bonus calculation formula;;Prim hesaplama formülü;
Bonus plan;;no;yes;no;;Bonus plan;;Prim planı;
Bonus plans;;no;yes;no;;Bonus plans;;Prim planları;
Budget;;no;yes;no;;Budget;;Bütçe;
Budget rule;;no;yes;no;;Budget rule;;Bütçe kuralı;
Builder;;no;yes;no;;Builder;;Oluşturucu;
Business;;no;yes;no;;Business;;İşletme;
Calculated;;no;yes;no;;Calculated;;Hesaplanan;
Calculated bonus;;no;yes;no;;Calculated bonus;;Hesaplanan bonus;
Calculated column;;no;yes;no;;Calculated column;;Hesaplanan sütun;
Calculation;;no;yes;no;;Calculation;;Hesaplama;
Calculation workspace;;no;yes;no;;Calculation workspace;;Hesaplama çalışma alanı;
Calibration;;no;yes;no;;Calibration;;Kalibrasyon;
Can edit;;no;yes;no;;Can edit;;Düzenleyebilir;
Can view;;no;yes;no;;Can view;;Görüntüleyebilir;
Cancel;;no;yes;no;;Cancel;;İptal;
Canceled;;no;yes;no;;Canceled;;İptal Edildi;
Career Development;;no;yes;no;;Career Development;;Kariyer Gelişimi;
Career Development Plans;;no;yes;no;;Career Development Plans;;Kariyer Gelişim Planları;
Career Development Settings;;no;yes;no;;Career Development Settings;;Kariyer Gelişimi Ayarları;
Career development;;no;yes;no;;Career development;;Kariyer gelişimi;
Career development plan;;no;yes;no;;Career development plan;;Kariyer gelişim planı;
Career development plans;;no;yes;no;;Career development plans;;Kariyer gelişim planları;
Career development settings;;no;yes;no;;Career development settings;;Kariyer gelişimi ayarları;
Career plan questionnaire;;no;yes;no;;Career plan questionnaire;;Kariyer planı anketi;
Career plans;;no;yes;no;;Career plans;;Kariyer planları;
Categories;;no;yes;no;;Categories;;Kategoriler;
Category;;no;yes;no;;Category;;Kategori;
Challenge process;;no;yes;no;;Challenge process;;İtiraz süreci;
Challenge review;;no;yes;no;;Challenge review;;Değerlendirmeye itiraz edin;
Challenged;;no;yes;no;;Challenged;;İtiraz edildi;
Change;;no;yes;no;;Change;;Değiştir;
Change workflow step;;no;yes;no;;Change workflow step;;İş akışı adımını değiştirin;
Chat;;no;yes;no;;Chat;;Sohbet;
Check-Ins;;no;yes;no;;Check-Ins;;Check-in görüşmeleri;
Check-in;;no;yes;no;;Check-in;;Check-in görüşmesi;
Check-in Details;;no;yes;no;;Check-in Details;;Check-in Görüşmesi Ayrıntıları;
Check-in Status;;no;yes;no;;Check-in Status;;Check-in Görüşmesi Durumu;
Check-in date;;no;yes;no;;Check-in date;;Check-in görüşmesi tarihi;
Check-in with;;no;yes;no;;Check-in with;;Şununla check-in görüşmesi yapın:;
Check-ins;;no;yes;no;;Check-ins;;Check-in görüşmeleri;
Check-ins created;;no;yes;no;;Check-ins created;;Check-in görüşmeleri oluşturuldu;
Choose one;;no;yes;no;;Choose one;;Birini seçiniz;
City;;no;yes;no;;City;;Şehir;
Clear;;no;yes;no;;Clear;;Temizle;
Clear all;;no;yes;no;;Clear all;;Tümünü temizle;
Clear all filters;;no;yes;no;;Clear all filters;;Tüm filtreleri temizle;
Clear all filters & search;;no;yes;no;;Clear all filters & search;;Tüm filtreleri ve aramayı temizleyin;
Clear all filters and search;;no;yes;no;;Clear all filters and search;;Tüm filtreleri ve aramayı temizleyin;
Clear filters;;no;yes;no;;Clear filters;;Filtreleri temizle;
Clear search;;no;yes;no;;Clear search;;Aramayı temizle;
Close;;no;yes;no;;Close;;Kapat;
Closed;;no;yes;no;;Closed;;Kapalı;
Closed without document;;no;yes;no;;Closed without document;;Belge olmadan kapatıldı;
Code;;no;yes;no;;Code;;Kod;
Collaborative;;no;yes;no;;Collaborative;;İşbirlikçi;
Collapse;;no;yes;no;;Collapse;;Daralt;
Color;;no;yes;no;;Color;;Renk;
Column name;;no;yes;no;;Column name;;Sütun adı;
Columns;;no;yes;no;;Columns;;Sütunlar;
Coming soon;;no;yes;no;;Coming soon;;Çok yakında;
Comm manager;;no;yes;no;;Comm manager;;İletişim yöneticisi;
Comm round;;no;yes;no;;Comm round;;İletişim turu;
Comment;;no;yes;no;;Comment;;Yorum;
Comments;;no;yes;no;;Comments;;Yorumlar;
Communication;;no;yes;no;;Communication;;İletişim;
Communication Rounds;;no;yes;no;;Communication Rounds;;İletişim Turları;
Communication manager;;no;yes;no;;Communication manager;;İletişim yöneticisi;
Communication manager name;;no;yes;no;;Communication manager name;;İletişim yöneticisi adı;
Communication round;;no;yes;no;;Communication round;;İletişim turu;
Communication rounds;;no;yes;no;;Communication rounds;;İletişim turları;
Comp Rounds;;no;yes;no;;Comp Rounds;;Ücret Turları;
Comp element;;no;yes;no;;Comp element;;Ücretlendirme öğesi;
Comp elements;;no;yes;no;;Comp elements;;Ücretlendirme öğeleri;
Comp manager;;no;yes;no;;Comp manager;;Komp yöneticisi;
Comp managers;;no;yes;no;;Comp managers;;Ücret yöneticileri;
Comp round;;no;yes;no;;Comp round;;Ücretlendirme dönemi;
Comp round currency;;no;yes;no;;Comp round currency;;Karşılaştırma turu para birimi;
Comp rounds;;no;yes;no;;Comp rounds;;Ücretlendirme dönemleri;
Comp tree;;no;yes;no;;Comp tree;;Ücretlendirme ağacı;
Company;;no;yes;no;;Company;;Şirket;
Company logo;;no;yes;no;;Company logo;;Şirket logosu;
Company name;;no;yes;no;;Company name;;Şirket adı;
Compare;;no;yes;no;;Compare;;Karşılaştır;
Compensation;;no;yes;no;;Compensation;;Ücretlendirme;
Compensation Element;;no;yes;no;;Compensation Element;;Ücretlendirme Öğesi;
Compensation History;;no;yes;no;;Compensation History;;Ücretlendirme Geçmişi;
Compensation Management;;no;yes;no;;Compensation Management;;Ücret Yönetimi;
Compensation Rounds;;no;yes;no;;Compensation Rounds;;Ücretlendirme Dönemleri;
Compensation element;;no;yes;no;;Compensation element;;Ücretlendirme öğesi;
Compensation elements;;no;yes;no;;Compensation elements;;Ücret unsurları;
Compensation field;;no;yes;no;;Compensation field;;Ücretlendirme alanı;
Compensation framework;;no;yes;no;;Compensation framework;;Ücretlendirme çerçevesi;
Compensation history;;no;yes;no;;Compensation history;;Ücretlendirme geçmişi;
Compensation manager;;no;yes;no;;Compensation manager;;Ücretlendirme yöneticisi;
Compensation philosophy;;no;yes;no;;Compensation philosophy;;Ücretlendirme felsefesi;
Compensation rounds;;no;yes;no;;Compensation rounds;;Tazminat turları;
Competency Scales;;no;yes;no;;Competency Scales;;Yetkinlik Ölçekleri;
Competency scale;;no;yes;no;;Competency scale;;Yetkinlik ölçeği;
Complete;;no;yes;no;;Complete;;Tamamla;
Completed;;no;yes;no;;Completed;;Tamamlandı;
Completion;;no;yes;no;;Completion;;Tamamlama;
Completion rate;;no;yes;no;;Completion rate;;Tamamlama oranı;
Concatenated fields;;no;yes;no;;Concatenated fields;;Birleştirilmiş alanlar;
Condition;;no;yes;no;;Condition;;Koşul;
Conditional;;no;yes;no;;Conditional;;Koşullu;
Conditional formatting;;no;yes;no;;Conditional formatting;;Koşullu biçimlendirme;
Config;;no;yes;no;;Config;;Yapılandırma;
Configuration;;no;yes;no;;Configuration;;Yapılandırma;
Configurations;;no;yes;no;;Configurations;;Yapılandırmalar;
Confirm;;no;yes;no;;Confirm;;Onayla;
Confirm deletion;;no;yes;no;;Confirm deletion;;Silme işlemini onaylayın;
Confirmation;;no;yes;no;;Confirmation;;Onay;
Connection name;;no;yes;no;;Connection name;;Bağlantı adı;
Constructive;;no;yes;no;;Constructive;;Yapıcı;
Contains;;no;yes;no;;Contains;;İçerir;
Continue;;no;yes;no;;Continue;;Devam;
Continue editing;;no;yes;no;;Continue editing;;Düzenlemeye devam et;
Contract type;;no;yes;no;;Contract type;;Sözleşme türü;
Conversation & publication;;no;yes;no;;Conversation & publication;;Görüşme ve yayın;
Copy;;no;yes;no;;Copy;;Kopyala;
Cost Center;;no;yes;no;;Cost Center;;Maliyet Merkezi;
Cost center;;no;yes;no;;Cost center;;Maliyet merkezi;
Count;;no;yes;no;;Count;;Sayı;
Country;;no;yes;no;;Country;;Ülke;
Create;;no;yes;no;;Create;;Oluştur;
Create check-in;;no;yes;no;;Create check-in;;Check-in görüşmesini oluşturun;
Create communication round;;no;yes;no;;Create communication round;;İletişim turu oluşturun;
Create document;;no;yes;no;;Create document;;Belge oluştur;
Create goal;;no;yes;no;;Create goal;;Hedef oluştur;
Create goal plan;;no;yes;no;;Create goal plan;;Hedef planı oluşturun;
Create goal type;;no;yes;no;;Create goal type;;Hedef türü oluşturun;
Create model;;no;yes;no;;Create model;;Model oluştur;
Create performance review;;no;yes;no;;Create performance review;;Performans değerlendirmesini oluşturun;
Create rule;;no;yes;no;;Create rule;;Kural oluştur;
Created;;no;yes;no;;Created;;Oluşturuldu;
Created by;;no;yes;no;;Created by;;Oluşturan;
Created date;;no;yes;no;;Created date;;Oluşturulma tarihi;
Created on;;no;yes;no;;Created on;;Oluşturulma tarihi;
Creation date;;no;yes;no;;Creation date;;Oluşturulma tarihi;
Creator;;no;yes;no;;Creator;;Oluşturucu;
Criteria;;no;yes;no;;Criteria;;Kriterler;
Criteria blocks;;no;yes;no;;Criteria blocks;;Kriter blokları;
Criterion;;no;yes;no;;Criterion;;Kriter;
Currency;;no;yes;no;;Currency;;Para Birimi;
Currency Settings;;no;yes;no;;Currency Settings;;Para Birimi Ayarları;
Currency field;;no;yes;no;;Currency field;;Para birimi alanı;
Currency source;;no;yes;no;;Currency source;;Para birimi kaynağı;
Current;;no;yes;no;;Current;;Mevcut;
Current manager;;no;yes;no;;Current manager;;Mevcut yönetici;
Custom;;no;yes;no;;Custom;;Özel;
Custom Entities;;no;yes;no;;Custom Entities;;Özel Varlıklar;
Custom Fields;;no;yes;no;;Custom Fields;;Özel Alanlar;
Custom column;;no;yes;no;;Custom column;;Özel sütun;
Custom criteria;;no;yes;no;;Custom criteria;;Özel kriterler;
Custom entities;;no;yes;no;;Custom entities;;Özel varlıklar;
Custom fields;;no;yes;no;;Custom fields;;Özel alanlar;
Custom section;;no;yes;no;;Custom section;;Özel bölüm;
Custom widget;;no;yes;no;;Custom widget;;Özel pencere öğesi;
Data Entities & Sources;;no;yes;no;;Data Entities & Sources;;Veri Varlıkları ve Kaynakları;
Data Management;;no;yes;no;;Data Management;;Veri Yönetimi;
Data Modeler;;no;yes;no;;Data Modeler;;Veri Modelleyici;
Data Privacy;;no;yes;no;;Data Privacy;;Veri Gizliliği;
Data Retention;;no;yes;no;;Data Retention;;Veri Saklama;
Data Upload;;no;yes;no;;Data Upload;;Veri Yükleme;
Data entities & sources;;no;yes;no;;Data entities & sources;;Veri varlıkları ve kaynakları;
Data foundation;;no;yes;no;;Data foundation;;Veri temeli;
Data management;;no;yes;no;;Data management;;Veri yönetimi;
Data model;;no;yes;no;;Data model;;Veri modeli;
Data privacy;;no;yes;no;;Data privacy;;Veri gizliliği;
Data privacy statement;;no;yes;no;;Data privacy statement;;Veri gizliliği bildirimi;
Data retention period;;no;yes;no;;Data retention period;;Veri saklama süresi;
Data scope;;no;yes;no;;Data scope;;Veri kapsamı;
Data source;;no;yes;no;;Data source;;Veri kaynağı;
Dataset;;no;yes;no;;Dataset;;Veri Kümesi;
Date;;no;yes;no;;Date;;Tarih;
Date & Time;;no;yes;no;;Date & Time;;Tarih ve Saat;
Date & time;;no;yes;no;;Date & time;;Tarih ve saat;
Date to;;no;yes;no;;Date to;;Şu tarihe kadar;
Days;;no;yes;no;;Days;;Günler;
Deactivate;;no;yes;no;;Deactivate;;Devre Dışı Bırak;
Deactivated;;no;yes;no;;Deactivated;;Devre Dışı Bırakıldı;
Deactivated user;;no;yes;no;;Deactivated user;;Devre dışı bırakılan kullanıcı;
Deactivation;;no;yes;no;;Deactivation;;Devre Dışı Bırakma;
Deadline status;;no;yes;no;;Deadline status;;Son tarih durumu;
Decimal;;no;yes;no;;Decimal;;Ondalık;
Decimal precision;;no;yes;no;;Decimal precision;;Ondalık hassasiyeti;
Default;;no;yes;no;;Default;;Varsayılan;
Default beqom logo;;no;yes;no;;Default beqom logo;;Varsayılan beqom logosu;
Default value;;no;yes;no;;Default value;;Varsayılan değer;
Delete;;no;yes;no;;Delete;;Sil;
Delete all;;no;yes;no;;Delete all;;Tümünü sil;
Delete comment;;no;yes;no;;Delete comment;;Yorumu sil;
Delete goal;;no;yes;no;;Delete goal;;Hedefi sil;
Delete note;;no;yes;no;;Delete note;;Notu sil;
Delete rule;;no;yes;no;;Delete rule;;Kuralı sil;
Delete selected;;no;yes;no;;Delete selected;;Seçilenleri sil;
Deleted;;no;yes;no;;Deleted;;Silinmiş;
Deleted by;;no;yes;no;;Deleted by;;Silen;
Deletion;;no;yes;no;;Deletion;;Silme;
Deliverable;;no;yes;no;;Deliverable;;Teslim edilecek öğe;
Deliverables;;no;yes;no;;Deliverables;;Teslim edilecek öğeler;
Demographic;;no;yes;no;;Demographic;;Demografik;
Demographics;;no;yes;no;;Demographics;;Demografi;
Department;;no;yes;no;;Department;;Departman;
Description;;no;yes;no;;Description;;Açıklama;
Desktop;;no;yes;no;;Desktop;;Masaüstü;
Details;;no;yes;no;;Details;;Ayrıntılar;
Development;;no;yes;no;;Development;;Gelişim;
Development plans;;no;yes;no;;Development plans;;Gelişim planları;
Digital reward statement;;no;yes;no;;Digital reward statement;;Dijital ödül bildirimi;
Direct Reports;;no;yes;no;;Direct Reports;;Doğrudan Bağlı Çalışanlar;
Direct report;;no;yes;no;;Direct report;;Doğrudan bağlı çalışan;
Direct reports;;no;yes;no;;Direct reports;;Doğrudan bağlı çalışanlar;
Direction;;no;yes;no;;Direction;;Yön;
Disable;;no;yes;no;;Disable;;Devre dışı bırak;
Disabled;;no;yes;no;;Disabled;;Devre dışı bırakıldı;
Discard;;no;yes;no;;Discard;;İptal Et;
Discussion;;no;yes;no;;Discussion;;Görüşme;
Discussion outcome;;no;yes;no;;Discussion outcome;;Tartışma sonucu;
Discussion point;;no;yes;no;;Discussion point;;Tartışma konusu;
Discussion points;;no;yes;no;;Discussion points;;Tartışma konuları;
Display name;;no;yes;no;;Display name;;Görüntülenen ad;
Distribution;;no;yes;no;;Distribution;;Dağıtım;
Distribution guidelines;;no;yes;no;;Distribution guidelines;;Dağıtım yönergeleri;
Document;;no;yes;no;;Document;;Belge;
Document Settings;;no;yes;no;;Document Settings;;Belge Ayarları;
Document Templates;;no;yes;no;;Document Templates;;Belge Şablonları;
Document generation;;no;yes;no;;Document generation;;Belge oluşturma;
Document name;;no;yes;no;;Document name;;Belge adı;
Document preview;;no;yes;no;;Document preview;;Belge önizlemesi;
Document review;;no;yes;no;;Document review;;Belge değerlendirmesi;
Document settings;;no;yes;no;;Document settings;;Belge ayarları;
Document status;;no;yes;no;;Document status;;Belge durumu;
Document template;;no;yes;no;;Document template;;Belge şablonu;
Documents;;no;yes;no;;Documents;;Belgeler;
Done;;no;yes;no;;Done;;Tamamlandı;
Download;;no;yes;no;;Download;;İndir;
Download CSV;;no;yes;no;;Download CSV;;CSV'yi İndir;
Download log file;;no;yes;no;;Download log file;;Günlük dosyasını indir;
Download template;;no;yes;no;;Download template;;Şablonu indir;
Download the template;;no;yes;no;;Download the template;;Şablonu indirin;
Draft;;no;yes;no;;Draft;;Taslak;
Drop-down list;;no;yes;no;;Drop-down list;;Açılır liste;
Due date;;no;yes;no;;Due date;;Son tarih;
Duplicate;;no;yes;no;;Duplicate;;Kopyala;
Duplication successful;;no;yes;no;;Duplication successful;;Kopyalama başarılı;
Edit;;no;yes;no;;Edit;;Düzenle;
Edit goal;;no;yes;no;;Edit goal;;Hedefi düzenle;
Edit model;;no;yes;no;;Edit model;;Modeli düzenle;
Edit note;;no;yes;no;;Edit note;;Notu düzenle;
Edited;;no;yes;no;;Edited;;Düzenlendi;
Editor;;no;yes;no;;Editor;;Editör;
Education;;no;yes;no;;Education;;Eğitim;
Effective date;;no;yes;no;;Effective date;;Yürürlük tarihi;
Eligibility;;no;yes;no;;Eligibility;;Uygunluk;
Eligible;;no;yes;no;;Eligible;;Uygun;
Eligible workers;;no;yes;no;;Eligible workers;;Uygun çalışanlar;
Else;;no;yes;no;;Else;;Diğer;
Email;;no;yes;no;;Email;;E-posta;
Email Notifications;;no;yes;no;;Email Notifications;;E-posta Bildirimleri;
Email address;;no;yes;no;;Email address;;E-posta adresi;
Email notification;;no;yes;no;;Email notification;;E-posta bildirimi;
Email notifications;;no;yes;no;;Email notifications;;E-posta bildirimleri;
Email subject;;no;yes;no;;Email subject;;E-posta konusu;
Employment;;no;yes;no;;Employment;;İstihdam;
Empty;;no;yes;no;;Empty;;Boş;
Enable;;no;yes;no;;Enable;;Etkinleştir;
Enable Feedback;;no;yes;no;;Enable Feedback;;Geri Bildirimleri Etkinleştirin;
Enabled;;no;yes;no;;Enabled;;Etkinleştirildi;
End date;;no;yes;no;;End date;;Bitiş tarihi;
Endorsed;;no;yes;no;;Endorsed;;Onaylandı;
Enter;;no;yes;no;;Enter;;Girin;
Enter a name;;no;yes;no;;Enter a name;;Bir ad girin;
Enter text;;no;yes;no;;Enter text;;Metin girin;
Entities;;no;yes;no;;Entities;;Varlıklar;
Entities & fields;;no;yes;no;;Entities & fields;;Varlıklar ve alanlar;
Entity;;no;yes;no;;Entity;;Varlık;
Entity details;;no;yes;no;;Entity details;;Varlık ayrıntıları;
Entity enum;;no;yes;no;;Entity enum;;Varlık numaralandırması;
Entity name;;no;yes;no;;Entity name;;Varlık adı;
Enum;;no;yes;no;;Enum;;Sıralı Liste;
Equal to;;no;yes;no;;Equal to;;Eşit;
Equity;;no;yes;no;;Equity;;Hisse Senedi;
Error;;no;yes;no;;Error;;Hata;
Errors;;no;yes;no;;Errors;;Hatalar;
Evaluation section;;no;yes;no;;Evaluation section;;Değerlendirme bölümü;
Examples;;no;yes;no;;Examples;;Örnekler;
Exchange Rates;;no;yes;no;;Exchange Rates;;Döviz Kurları;
Exchange rate;;no;yes;no;;Exchange rate;;Döviz kuru;
Exchange rate type;;no;yes;no;;Exchange rate type;;Döviz kuru türü;
Exchange rates;;no;yes;no;;Exchange rates;;Döviz kurları;
Exclude;;no;yes;no;;Exclude;;Hariç Tut;
Exclude individuals;;no;yes;no;;Exclude individuals;;Kişileri hariç tut;
Excluded;;no;yes;no;;Excluded;;Hariç tutuldu;
Exit;;no;yes;no;;Exit;;Çıkış;
Exit without saving;;no;yes;no;;Exit without saving;;Kaydetmeden çık;
Expand;;no;yes;no;;Expand;;Genişlet;
Experience;;no;yes;no;;Experience;;Deneyim;
Export;;no;yes;no;;Export;;Dışa Aktar;
Expression;;no;yes;no;;Expression;;İfade;
Expression formula;;no;yes;no;;Expression formula;;İfade formülü;
External;;no;yes;no;;External;;Harici;
Failed;;no;yes;no;;Failed;;Başarısız;
Favorite;;no;yes;no;;Favorite;;Favori;
Favorite feedback;;no;yes;no;;Favorite feedback;;Favori geri bildirimler;
Favorites;;no;yes;no;;Favorites;;Favoriler;
Feature;;no;yes;no;;Feature;;Özellik;
Feature Enablement;;no;yes;no;;Feature Enablement;;Özellik Etkinleştirme;
Feature enablement;;no;yes;no;;Feature enablement;;Özellik etkinleştirme;
Features;;no;yes;no;;Features;;Özellikler;
Feedback;;no;yes;no;;Feedback;;Geri bildirimler;
Feedback Ratings;;no;yes;no;;Feedback Ratings;;Geri Bildirimler Değerlendirmeleri;
Feedback from;;no;yes;no;;Feedback from;;Şu kişiden alınan geri bildirimler;
Feedback insights;;no;yes;no;;Feedback insights;;Geri bildirimlere ilişkin içgörüler;
Feedback note;;no;yes;no;;Feedback note;;Geri bildirimlere ilişkin not;
Feedback notes;;no;yes;no;;Feedback notes;;Geri bildirimlere ilişkin notlar;
Feedback rating;;no;yes;no;;Feedback rating;;Geri bildirimlerin puanı;
Feedback received;;no;yes;no;;Feedback received;;Geri bildirimler alındı;
Feedback request;;no;yes;no;;Feedback request;;Geri bildirimlere ilişkin talep;
Feedback requested;;no;yes;no;;Feedback requested;;Geri bildirimler talep edildi;
Feedback requests;;no;yes;no;;Feedback requests;;Geri bildirimlere ilişkin talepler;
Feedback sent;;no;yes;no;;Feedback sent;;Geri bildirimler gönderildi;
Feedback sent to;;no;yes;no;;Feedback sent to;;Geri bildirimler şu kişiye gönderildi;
Female;;no;yes;no;;Female;;Kadın;
Field;;no;yes;no;;Field;;Alan;
Field name;;no;yes;no;;Field name;;Alan adı;
Fields;;no;yes;no;;Fields;;Alanlar;
Fields used;;no;yes;no;;Fields used;;Kullanılan alanlar;
File name;;no;yes;no;;File name;;Dosya adı;
File upload;;no;yes;no;;File upload;;Dosya yükleme;
Fill in the necessary details;;no;yes;no;;Fill in the necessary details;;Gerekli bilgileri doldurunuz;
Filter;;no;yes;no;;Filter;;Filtre;
Filters;;no;yes;no;;Filters;;Filtreler;
Final;;no;yes;no;;Final;;Son;
Final Validation;;no;yes;no;;Final Validation;;Son Doğrulama;
Final validation;;no;yes;no;;Final validation;;Son doğrulama;
Fixed;;no;yes;no;;Fixed;;Sabit;
For managers;;no;yes;no;;For managers;;Yöneticiler için;
For workers;;no;yes;no;;For workers;;Çalışanlar için;
Formatting;;no;yes;no;;Formatting;;Biçimlendirme;
Forms;;no;yes;no;;Forms;;Formlar;
Formula;;no;yes;no;;Formula;;Formül;
From;;no;yes;no;;From;;Kimden;
Full name;;no;yes;no;;Full name;;Tam adı;
Functions;;no;yes;no;;Functions;;Fonksiyonlar;
Gender;;no;yes;no;;Gender;;Cinsiyet;
General;;no;yes;no;;General;;Genel;
General information;;no;yes;no;;General information;;Genel bilgiler;
Generate;;no;yes;no;;Generate;;Oluştur;
Generate PDF;;no;yes;no;;Generate PDF;;PDF Oluştur;
Generated;;no;yes;no;;Generated;;Oluşturuldu;
Generation date;;no;yes;no;;Generation date;;Oluşturma tarihi;
Get started by creating one;;no;yes;no;;Get started by creating one;;Bir tane oluşturarak başlayın;
Give;;no;yes;no;;Give;;Ver;
Give feedback;;no;yes;no;;Give feedback;;Geri bildirimlerde bulunun;
Global;;no;yes;no;;Global;;Evrensel;
Global currency;;no;yes;no;;Global currency;;Küresel para birimi;
Global worker category;;no;yes;no;;Global worker category;;Global çalışan kategorisi;
Go to feedback;;no;yes;no;;Go to feedback;;Geri bildirimlere git;
Goal;;no;yes;no;;Goal;;Hedef;
Goal Achievement;;no;yes;no;;Goal Achievement;;Hedef Başarısı;
Goal Alignment;;no;yes;no;;Goal Alignment;;Hedef Hizalaması;
Goal Details;;no;yes;no;;Goal Details;;Hedef Ayrıntıları;
Goal ID;;no;yes;no;;Goal ID;;Hedef kimliği;
Goal Overview;;no;yes;no;;Goal Overview;;Hedef Genel Görünümü;
Goal Plan;;no;yes;no;;Goal Plan;;Hedef Planı;
Goal Plans;;no;yes;no;;Goal Plans;;Hedef Planları;
Goal Status;;no;yes;no;;Goal Status;;Hedef Durumu;
Goal Tag Libraries;;no;yes;no;;Goal Tag Libraries;;Hedef Etiket Kitaplıkları;
Goal Types;;no;yes;no;;Goal Types;;Hedef Türleri;
Goal achievement;;no;yes;no;;Goal achievement;;Hedef başarısı;
Goal alignment;;no;yes;no;;Goal alignment;;Hedef uyumu;
Goal creator;;no;yes;no;;Goal creator;;Hedef oluşturucu;
Goal details;;no;yes;no;;Goal details;;Hedef ayrıntıları;
Goal name;;no;yes;no;;Goal name;;Hedef adı;
Goal overview;;no;yes;no;;Goal overview;;Hedefe genel bakış;
Goal owner;;no;yes;no;;Goal owner;;Hedef sahibi;
Goal owner worker ID;;no;yes;no;;Goal owner worker ID;;Hedef sahibi Çalışan kimliği;
Goal period;;no;yes;no;;Goal period;;Hedef dönemi;
Goal plan;;no;yes;no;;Goal plan;;Hedef planı;
Goal plans;;no;yes;no;;Goal plans;;Hedef planları;
Goal priority;;no;yes;no;;Goal priority;;Hedef önceliği;
Goal progress;;no;yes;no;;Goal progress;;Hedef ilerlemesi;
Goal status;;no;yes;no;;Goal status;;Hedef durumu;
Goal tags;;no;yes;no;;Goal tags;;Hedef etiketleri;
Goal title;;no;yes;no;;Goal title;;Hedef başlığı;
Goal tracking status;;no;yes;no;;Goal tracking status;;Hedef takip durumu;
Goal type;;no;yes;no;;Goal type;;Hedef türü;
Goal type weight;;no;yes;no;;Goal type weight;;Hedef türü ağırlığı;
Goal types;;no;yes;no;;Goal types;;Hedef türleri;
Goal weight;;no;yes;no;;Goal weight;;Hedef kilo;
Goal workflow;;no;yes;no;;Goal workflow;;Hedef iş akışı;
Goals;;no;yes;no;;Goals;;Hedefler;
Goals aligned with this goal;;no;yes;no;;Goals aligned with this goal;;Bu hedefle uyumlu hedefler;
Grade;;no;yes;no;;Grade;;Not;
Grant date;;no;yes;no;;Grant date;;Veriliş tarihi;
Grant proxy access;;no;yes;no;;Grant proxy access;;Vekil erişimi verin;
Grants;;no;yes;no;;Grants;;Hibeler;
Greater than;;no;yes;no;;Greater than;;Büyüktür;
Greater than or equal to;;no;yes;no;;Greater than or equal to;;Büyüktür veya eşittir;
Group name;;no;yes;no;;Group name;;Grup adı;
Groups;;no;yes;no;;Groups;;Gruplar;
Guaranteed amount;;no;yes;no;;Guaranteed amount;;Garantili tutar;
Guaranteed amount rule;;no;yes;no;;Guaranteed amount rule;;Garantili tutar kuralı;
Guaranteed amounts;;no;yes;no;;Guaranteed amounts;;Garantili tutarlar;
Guideline;;no;yes;no;;Guideline;;Kılavuz;
Guidelines;;no;yes;no;;Guidelines;;Kılavuzlar;
HRBP approval;;no;yes;no;;HRBP approval;;İK iş ortağı onayı;
HRBP review;;no;yes;no;;HRBP review;;İK iş ortağı değerlendirmesi;
Help;;no;yes;no;;Help;;Yardım;
Help tip;;no;yes;no;;Help tip;;Yardım ipucu;
Helpful;;no;yes;no;;Helpful;;Yardımcı;
Hide;;no;yes;no;;Hide;;Gizle;
Hierarchy;;no;yes;no;;Hierarchy;;Hiyerarşi;
High;;no;yes;no;;High;;Yüksek;
Historical Reviews;;no;yes;no;;Historical Reviews;;Geçmiş Değerlendirmeler;
Historical compensation;;no;yes;no;;Historical compensation;;Tarihi tazminat;
Home;;no;yes;no;;Home;;Ana Sayfa;
Identifier;;no;yes;no;;Identifier;;Tanımlayıcı;
Image;;no;yes;no;;Image;;Resim;
Import;;no;yes;no;;Import;;İçe Aktar;
In progress;;no;yes;no;;In progress;;Devam ediyor;
In use;;no;yes;no;;In use;;Kullanımda;
Inactive;;no;yes;no;;Inactive;;Pasif;
Include;;no;yes;no;;Include;;Dahil Et;
Included;;no;yes;no;;Included;;Dahil;
Individual;;no;yes;no;;Individual;;Bireysel;
Individual goal;;no;yes;no;;Individual goal;;Bireysel hedef;
Individual goals;;no;yes;no;;Individual goals;;Bireysel hedefler;
Individual view;;no;yes;no;;Individual view;;Bireysel görünüm;
Individual workers;;no;yes;no;;Individual workers;;Bireysel çalışanlar;
Individuals;;no;yes;no;;Individuals;;Kişiler;
Ingestion;;no;yes;no;;Ingestion;;Alım;
Input;;no;yes;no;;Input;;Girdi;
Insightful;;no;yes;no;;Insightful;;İçgörüye dayalı;
Insights;;no;yes;no;;Insights;;İçgörüler;
Inspiring;;no;yes;no;;Inspiring;;İlham verici;
Instant messaging address;;no;yes;no;;Instant messaging address;;Anlık mesajlaşma adresi;
Integer;;no;yes;no;;Integer;;Tamsayı;
Interface;;no;yes;no;;Interface;;Arayüz;
Is PII;;no;yes;no;;Is PII;;Kişisel olarak tanımlanabilir bilgidir;
Is completed;;no;yes;no;;Is completed;;Tamamlandı;
Is enabled;;no;yes;no;;Is enabled;;Etkinleştirildi;
Is read;;no;yes;no;;Is read;;Okundu;
Is required;;no;yes;no;;Is required;;Gereklidir;
Job code;;no;yes;no;;Job code;;İş kodu;
Job level;;no;yes;no;;Job level;;İş seviyesi;
Job title;;no;yes;no;;Job title;;İş unvanı;
Key dates;;no;yes;no;;Key dates;;Önemli tarihler;
Key deliverables;;no;yes;no;;Key deliverables;;Önemli teslim edilecek öğeler;
Label;;no;yes;no;;Label;;Etiket;
Language;;no;yes;no;;Language;;Dil;
Language code;;no;yes;no;;Language code;;Dil kodu;
Languages;;no;yes;no;;Languages;;Diller;
Last edited;;no;yes;no;;Last edited;;Son düzenleme;
Last update;;no;yes;no;;Last update;;Son güncelleme;
Last updated;;no;yes;no;;Last updated;;Son güncelleme;
Learning;;no;yes;no;;Learning;;Öğrenme;
Leave of absence;;no;yes;no;;Leave of absence;;İzinli ayrılma;
Legal Entity;;no;yes;no;;Legal Entity;;Tüzel Kişilik;
Legal entity;;no;yes;no;;Legal entity;;Tüzel kişi;
Less than;;no;yes;no;;Less than;;Daha az;
Less than or equal to;;no;yes;no;;Less than or equal to;;Küçük veya eşit;
Let's meet;;no;yes;no;;Let's meet;;Haydi görüşelim;
Level;;no;yes;no;;Level;;Seviye;
Library details;;no;yes;no;;Library details;;Kitaplık ayrıntıları;
Library name;;no;yes;no;;Library name;;Kitaplık adı;
Limit;;no;yes;no;;Limit;;Sınır;
Line manager;;no;yes;no;;Line manager;;Birim yöneticisi;
Linear curve;;no;yes;no;;Linear curve;;Doğrusal eğri;
Link;;no;yes;no;;Link;;Bağlantı;
Local time;;no;yes;no;;Local time;;Yerel saat;
Local worker category;;no;yes;no;;Local worker category;;Yerel Çalışan kategorisi;
Localization;;no;yes;no;;Localization;;Yerelleştirme;
Location;;no;yes;no;;Location;;Konum;
Locations;;no;yes;no;;Locations;;Konumlar;
Logins;;no;yes;no;;Logins;;Girişler;
Logins over time;;no;yes;no;;Logins over time;;Zaman içindeki girişler;
Logout;;no;yes;no;;Logout;;Oturumu kapat;
Low;;no;yes;no;;Low;;Düşük;
Main;;no;yes;no;;Main;;Ana;
Main currency;;no;yes;no;;Main currency;;Ana para birimi;
Main group;;no;yes;no;;Main group;;Ana grup;
Male;;no;yes;no;;Male;;Erkek;
Manage;;no;yes;no;;Manage;;Yönet;
Manage users;;no;yes;no;;Manage users;;Kullanıcıları yönetin;
Manager;;no;yes;no;;Manager;;Yönetici;
Manager + 1;;no;yes;no;;Manager + 1;;Yönetici + 1;
Manager ID;;no;yes;no;;Manager ID;;Yönetici Kimliği;
Manager feedback;;no;yes;no;;Manager feedback;;Yönetici geri bildirimleri;
Manager name;;no;yes;no;;Manager name;;Yönetici adı;
Manager proposal;;no;yes;no;;Manager proposal;;Yönetici önerisi;
Manager review;;no;yes;no;;Manager review;;Yönetici değerlendirmesi;
Manager+1;;no;yes;no;;Manager+1;;Yönetici+1;
Managers;;no;yes;no;;Managers;;Yöneticiler;
Mandatory;;no;yes;no;;Mandatory;;Zorunlu;
Manually;;no;yes;no;;Manually;;Manuel olarak;
Mapping configuration;;no;yes;no;;Mapping configuration;;Eşleme yapılandırması;
Max target;;no;yes;no;;Max target;;Maksimum hedef;
Max. score;;no;yes;no;;Max. score;;Azami puan;
Maximum;;no;yes;no;;Maximum;;Maksimum;
Maximum outcome;;no;yes;no;;Maximum outcome;;Maksimum sonuç;
Maximum payout;;no;yes;no;;Maximum payout;;Maksimum ödeme;
Measurement;;no;yes;no;;Measurement;;Ölçüm;
Measurement criteria;;no;yes;no;;Measurement criteria;;Ölçüm kriterleri;
Medium;;no;yes;no;;Medium;;Orta;
Menu;;no;yes;no;;Menu;;Menü;
Message;;no;yes;no;;Message;;Mesaj;
Min target;;no;yes;no;;Min target;;Minimum hedef;
Minimum outcome;;no;yes;no;;Minimum outcome;;Minimum sonuç;
Model description;;no;yes;no;;Model description;;Model açıklaması;
Model details;;no;yes;no;;Model details;;Model ayrıntıları;
Model features;;no;yes;no;;Model features;;Model özellikleri;
Model name;;no;yes;no;;Model name;;Model adı;
Model type;;no;yes;no;;Model type;;Model türü;
Models;;no;yes;no;;Models;;Modeller;
Moderation;;no;yes;no;;Moderation;;Denetleme;
Moderation stage;;no;yes;no;;Moderation stage;;Denetleme aşaması;
Month;;no;yes;no;;Month;;Ay;
Months;;no;yes;no;;Months;;Ay;
More;;no;yes;no;;More;;Daha fazla;
More details;;no;yes;no;;More details;;Daha fazla ayrıntı;
Move reviews;;no;yes;no;;Move reviews;;Değerlendirmeleri taşı;
Multiple;;no;yes;no;;Multiple;;Çoklu;
My behavior profile;;no;yes;no;;My behavior profile;;Davranış profilim;
My feedback;;no;yes;no;;My feedback;;Geri bildirimlerim;
My goal;;no;yes;no;;My goal;;Hedefim;
My goals;;no;yes;no;;My goals;;Hedeflerim;
My note;;no;yes;no;;My note;;Notum;
My review;;no;yes;no;;My review;;Değerlendirmem;
My reviews;;no;yes;no;;My reviews;;Değerlendirmelerim;
Name;;no;yes;no;;Name;;Ad;
New manager;;no;yes;no;;New manager;;Yeni yönetici;
New password;;no;yes;no;;New password;;Yeni şifre;
Next;;no;yes;no;;Next;;Sonraki;
Next step;;no;yes;no;;Next step;;Sonraki adım;
Nickname;;no;yes;no;;Nickname;;Takma ad;
No career development plans;;no;yes;no;;No career development plans;;Kariyer gelişim planları yok;
No check-ins;;no;yes;no;;No check-ins;;Check-in görüşmesi yok;
No comments yet;;no;yes;no;;No comments yet;;Henüz yorum yok;
No compensation rounds;;no;yes;no;;No compensation rounds;;Tazminat turu yok;
No data;;no;yes;no;;No data;;Veri yok;
No description;;no;yes;no;;No description;;Açıklama yok;
No documents;;no;yes;no;;No documents;;Belge yok;
No feedback;;no;yes;no;;No feedback;;Geri bildirimler yok;
No goals;;no;yes;no;;No goals;;Hedef yok;
No goals yet;;no;yes;no;;No goals yet;;Henüz hedef yok;
No messages yet;;no;yes;no;;No messages yet;;Henüz mesaj yok;
No notes;;no;yes;no;;No notes;;Not yok;
No populations;;no;yes;no;;No populations;;Popülasyon yok;
No populations yet;;no;yes;no;;No populations yet;;Henüz popülasyon yok;
No priority;;no;yes;no;;No priority;;Öncelik yok;
No questions;;no;yes;no;;No questions;;Soru yok;
No results;;no;yes;no;;No results;;Sonuç yok;
No results found;;no;yes;no;;No results found;;Sonuç bulunamadı;
No value;;no;yes;no;;No value;;Değer yok;
Non-conditional;;no;yes;no;;Non-conditional;;Koşulsuz;
None;;no;yes;no;;None;;Hiçbiri;
Not completed;;no;yes;no;;Not completed;;Tamamlanmadı;
Not empty;;no;yes;no;;Not empty;;Boş değil;
Not released;;no;yes;no;;Not released;;Yayınlanmadı;
Not selected;;no;yes;no;;Not selected;;Seçilmedi;
Not started;;no;yes;no;;Not started;;Başlamadı;
Not submitted;;no;yes;no;;Not submitted;;Gönderilmedi;
Note;;no;yes;no;;Note;;Not;
Notes;;no;yes;no;;Notes;;Notlar;
Notification bell;;no;yes;no;;Notification bell;;Bildirim zili;
Notifications;;no;yes;no;;Notifications;;Bildirimler;
Nudge;;no;yes;no;;Nudge;;Dürtü;
Number;;no;yes;no;;Number;;Numara;
Number of days;;no;yes;no;;Number of days;;Gün sayısı;
Number of years;;no;yes;no;;Number of years;;Yıl sayısı;
Numeric;;no;yes;no;;Numeric;;Sayısal;
Observations;;no;yes;no;;Observations;;Gözlemler;
On track;;no;yes;no;;On track;;Yolunda;
Open;;no;yes;no;;Open;;Açık;
Operator;;no;yes;no;;Operator;;Operatör;
Optional;;no;yes;no;;Optional;;İsteğe bağlı;
Organization;;no;yes;no;;Organization;;Organizasyon;
Organization external ID;;no;yes;no;;Organization external ID;;Organizasyon harici kimliği;
Organizational;;no;yes;no;;Organizational;;Organizasyonel;
Organizational Units;;no;yes;no;;Organizational Units;;Organizasyon Birimleri;
Organizational goal;;no;yes;no;;Organizational goal;;Organizasyon hedefi;
Organizational unit;;no;yes;no;;Organizational unit;;Organizasyon birimi;
Other;;no;yes;no;;Other;;Diğer;
Outcome;;no;yes;no;;Outcome;;Sonuç;
Outlook;;no;yes;no;;Outlook;;Görünüm;
Overall behavior rating;;no;yes;no;;Overall behavior rating;;Genel davranış derecelendirmesi;
Overall performance;;no;yes;no;;Overall performance;;Genel performans;
Overall performance rating;;no;yes;no;;Overall performance rating;;Genel performans değerlendirmesi;
Overall progress;;no;yes;no;;Overall progress;;Genel ilerleme;
Overdue;;no;yes;no;;Overdue;;Gecikmiş;
Overview;;no;yes;no;;Overview;;Genel Bakış;
Owner;;no;yes;no;;Owner;;Sahibi;
Owners;;no;yes;no;;Owners;;Sahipler;
Participant;;no;yes;no;;Participant;;Katılımcı;
Participants;;no;yes;no;;Participants;;Katılımcılar;
Passport;;no;yes;no;;Passport;;Pasaport;
Password;;no;yes;no;;Password;;Şifre;
Past;;no;yes;no;;Past;;Geçmiş;
Pay Analysis;;no;yes;no;;Pay Analysis;;Ücret Analizi;
Pay Information;;no;yes;no;;Pay Information;;Ücret Bilgileri;
Pay Transparency;;no;yes;no;;Pay Transparency;;Ücret Şeffaflığı;
Pay analysis;;no;yes;no;;Pay analysis;;Ücret analizi;
Pay information;;no;yes;no;;Pay information;;Ücret bilgileri;
Pay information requests;;no;yes;no;;Pay information requests;;Ödeme bilgisi istekleri;
Pay range;;no;yes;no;;Pay range;;Ücret aralığı;
Payout;;no;yes;no;;Payout;;Ödeme;
Payout Curves;;no;yes;no;;Payout Curves;;Ödeme Eğrileri;
Payout curve;;no;yes;no;;Payout curve;;Ödeme eğrisi;
Payout curves;;no;yes;no;;Payout curves;;Ödeme eğrileri;
Payroll;;no;yes;no;;Payroll;;Bordro;
Payroll data drop;;no;yes;no;;Payroll data drop;;Bordro veri aktarımı;
Peers;;no;yes;no;;Peers;;Eşdüzeyler;
Pending;;no;yes;no;;Pending;;Beklemede;
Pending approval;;no;yes;no;;Pending approval;;Onay bekleniyor;
Pending confirmation;;no;yes;no;;Pending confirmation;;Onay bekleniyor;
Pending draft;;no;yes;no;;Pending draft;;Bekleyen taslak;
Pending publishing;;no;yes;no;;Pending publishing;;Yayınlanmayı bekliyor;
Pending sign-off;;no;yes;no;;Pending sign-off;;Onay bekleniyor;
People;;no;yes;no;;People;;Kişiler;
People day;;no;yes;no;;People day;;İK günü;
Percentage;;no;yes;no;;Percentage;;Yüzde;
Performance;;no;yes;no;;Performance;;Performans;
Performance Management;;no;yes;no;;Performance Management;;Performans Yönetimi;
Performance Reviews;;no;yes;no;;Performance Reviews;;Performans Değerlendirmeleri;
Performance check-ins;;no;yes;no;;Performance check-ins;;Check-in görüşmeleri;
Performance rating;;no;yes;no;;Performance rating;;Performans değerlendirmesi;
Performance review;;no;yes;no;;Performance review;;Performans değerlendirmesi;
Performance review details;;no;yes;no;;Performance review details;;Performans değerlendirmesi ayrıntıları;
Performance review templates;;no;yes;no;;Performance review templates;;Performans değerlendirmesi şablonları;
Period;;no;yes;no;;Period;;Dönem;
Period start date;;no;yes;no;;Period start date;;Dönem başlangıç tarihi;
Personal;;no;yes;no;;Personal;;Kişisel;
Personally identifiable information;;no;yes;no;;Personally identifiable information;;Kişisel olarak tanımlanabilir bilgi;
Phone number;;no;yes;no;;Phone number;;Telefon numarası;
Plan details;;no;yes;no;;Plan details;;Plan ayrıntıları;
Plan name;;no;yes;no;;Plan name;;Plan adı;
Plan stage;;no;yes;no;;Plan stage;;Plan aşaması;
Plan transmission;;no;yes;no;;Plan transmission;;Plan iletimi;
Planner;;no;yes;no;;Planner;;Planlayıcı;
Plans;;no;yes;no;;Plans;;Planlar;
Population;;no;yes;no;;Population;;Popülasyon;
Population criteria;;no;yes;no;;Population criteria;;Popülasyon kriterleri;
Populations;;no;yes;no;;Populations;;Popülasyonlar;
Position in pay range;;no;yes;no;;Position in pay range;;Ücret aralığındaki pozisyon;
Preview;;no;yes;no;;Preview;;Önizleme;
Preview document;;no;yes;no;;Preview document;;Belgeyi önizle;
Previous;;no;yes;no;;Previous;;Önceki;
Priority;;no;yes;no;;Priority;;Öncelik;
Privacy;;no;yes;no;;Privacy;;Gizlilik;
Privacy settings;;no;yes;no;;Privacy settings;;Gizlilik ayarları;
Privacy statement text;;no;yes;no;;Privacy statement text;;Gizlilik bildirimi metni;
Private;;no;yes;no;;Private;;Özel;
Proceed;;no;yes;no;;Proceed;;Devam et;
Processing;;no;yes;no;;Processing;;İşleniyor;
Professional;;no;yes;no;;Professional;;Profesyonel;
Progress;;no;yes;no;;Progress;;İlerleme;
Progress tracking;;no;yes;no;;Progress tracking;;İlerleme takibi;
Properties;;no;yes;no;;Properties;;Özellikler;
Proposal management;;no;yes;no;;Proposal management;;Teklif yönetimi;
Prorated target bonus;;no;yes;no;;Prorated target bonus;;Orantılı hedef prim;
Proxy;;no;yes;no;;Proxy;;Vekil;
Proxy access list;;no;yes;no;;Proxy access list;;Vekil erişim listesi;
Proxy permission;;no;yes;no;;Proxy permission;;Vekil izni;
Public;;no;yes;no;;Public;;Herkese açık;
Public feedback;;no;yes;no;;Public feedback;;Herkese açık geri bildirimler;
Publish;;no;yes;no;;Publish;;Yayınla;
Published;;no;yes;no;;Published;;Yayınlandı;
Published date;;no;yes;no;;Published date;;Yayınlanma tarihi;
Publishing;;no;yes;no;;Publishing;;Yayınlama;
Purpose;;no;yes;no;;Purpose;;Amaç;
Question;;no;yes;no;;Question;;Soru;
Questions;;no;yes;no;;Questions;;Sorular;
RTI request status;;no;yes;no;;RTI request status;;RTI talebi durumu;
Range;;no;yes;no;;Range;;Aralık;
Rate this feedback;;no;yes;no;;Rate this feedback;;Bu geri bildirimlere puan verin;
Rating;;no;yes;no;;Rating;;Derecelendirme;
Rating changed;;no;yes;no;;Rating changed;;Puan değişti;
Rating distribution;;no;yes;no;;Rating distribution;;Puan dağılımı;
Rating scale;;no;yes;no;;Rating scale;;Derecelendirme ölçeği;
Rating scales;;no;yes;no;;Rating scales;;Derecelendirme ölçekleri;
Read;;no;yes;no;;Read;;Oku;
Read only;;no;yes;no;;Read only;;Salt okunur;
Read status;;no;yes;no;;Read status;;Okunma durumu;
Read-only;;no;yes;no;;Read-only;;Salt okunur;
Ready;;no;yes;no;;Ready;;Hazır;
Reassign;;no;yes;no;;Reassign;;Yeniden Ata;
Reassign manager;;no;yes;no;;Reassign manager;;Yöneticiyi yeniden ata;
Reassigned;;no;yes;no;;Reassigned;;Yeniden Atandı;
Received;;no;yes;no;;Received;;Alındı;
Received behaviors;;no;yes;no;;Received behaviors;;Alınan davranışlar;
Received feedback;;no;yes;no;;Received feedback;;Alınan geri bildirimler;
Recipient;;no;yes;no;;Recipient;;Alıcı;
Recipients;;no;yes;no;;Recipients;;Alıcılar;
Recognition;;no;yes;no;;Recognition;;Takdir;
Recognized behaviors;;no;yes;no;;Recognized behaviors;;Takdir edilen davranışlar;
Recommended;;no;yes;no;;Recommended;;Önerilen;
Recurrence;;no;yes;no;;Recurrence;;Yinelenme;
Recurring;;no;yes;no;;Recurring;;Yinelenen;
Reference;;no;yes;no;;Reference;;Referans;
Reference number;;no;yes;no;;Reference number;;Referans numarası;
Refresh;;no;yes;no;;Refresh;;Yenile;
Region;;no;yes;no;;Region;;Bölge;
Regular;;no;yes;no;;Regular;;Düzenli;
Regular check-ins;;no;yes;no;;Regular check-ins;;Düzenli check-in görüşmeleri;
Reject;;no;yes;no;;Reject;;Reddet;
Rejected;;no;yes;no;;Rejected;;Reddedilen;
Relation;;no;yes;no;;Relation;;İlişki;
Release;;no;yes;no;;Release;;Yayınla;
Release status;;no;yes;no;;Release status;;Yayın durumu;
Released;;no;yes;no;;Released;;Yayınlandı;
Remaining;;no;yes;no;;Remaining;;Kalan;
Reminder name;;no;yes;no;;Reminder name;;Hatırlatıcı adı;
Reminders;;no;yes;no;;Reminders;;Hatırlatıcılar;
Remove;;no;yes;no;;Remove;;Kaldır;
Remove all;;no;yes;no;;Remove all;;Tümünü kaldır;
Rename;;no;yes;no;;Rename;;Yeniden adlandır;
Reopen;;no;yes;no;;Reopen;;Yeniden aç;
Reopen reviews;;no;yes;no;;Reopen reviews;;Değerlendirmeleri yeniden aç;
Reopened;;no;yes;no;;Reopened;;Yeniden açıldı;
Reply rate;;no;yes;no;;Reply rate;;Yanıtlama oranı;
Reports;;no;yes;no;;Reports;;Raporlar;
Republish;;no;yes;no;;Republish;;Yeniden yayınla;
Republished round;;no;yes;no;;Republished round;;Yeniden yayımlanan dönem;
Request;;no;yes;no;;Request;;Talep et;
Request ID;;no;yes;no;;Request ID;;İstek Kimliği;
Request date;;no;yes;no;;Request date;;Talep tarihi;
Request details;;no;yes;no;;Request details;;Talep ayrıntıları;
Request feedback;;no;yes;no;;Request feedback;;Geri bildirimler talep edin;
Request feedback from;;no;yes;no;;Request feedback from;;Şu kişiden geri bildirimler talep edin;
Request feedback now;;no;yes;no;;Request feedback now;;Şimdi geri bildirimler talep edin;
Request feedback on;;no;yes;no;;Request feedback on;;Şu konu hakkında geri bildirimler talep edin:;
Request pay information;;no;yes;no;;Request pay information;;Ücret bilgisi talep et;
Request status;;no;yes;no;;Request status;;İstek durumu;
Requested;;no;yes;no;;Requested;;Talep edildi;
Requested feedback;;no;yes;no;;Requested feedback;;Talep edilen geri bildirimler;
Requests;;no;yes;no;;Requests;;Talepler;
Requests about my team;;no;yes;no;;Requests about my team;;Ekibimle ilgili talepler;
Required;;no;yes;no;;Required;;Gerekli;
Resources;;no;yes;no;;Resources;;Kaynaklar;
Response permission;;no;yes;no;;Response permission;;Yanıt izni;
Resubmit;;no;yes;no;;Resubmit;;Yeniden gönder;
Result;;no;yes;no;;Result;;Sonuç;
Review;;no;yes;no;;Review;;Değerlendirme;
Review Details;;no;yes;no;;Review Details;;Ayrıntıları değerlendirmer;
Review Status;;no;yes;no;;Review Status;;Değerlendirmer Durumu;
Review about;;no;yes;no;;Review about;;Değerlendirme konusu;
Review challenge;;no;yes;no;;Review challenge;;Değerlendirmer itirazı;
Review name;;no;yes;no;;Review name;;Değerlendirme adı;
Review rating;;no;yes;no;;Review rating;;Değerlendirmer puanı;
Review rating distribution;;no;yes;no;;Review rating distribution;;Puan dağılımını değerlendirmer;
Review settings;;no;yes;no;;Review settings;;Değerlendirme ayarları;
Review stage;;no;yes;no;;Review stage;;Değerlendirme aşaması;
Review stages;;no;yes;no;;Review stages;;Değerlendirme aşamaları;
Review status;;no;yes;no;;Review status;;Değerlendirme durumu;
Review type;;no;yes;no;;Review type;;Değerlendirme türü;
Reviews;;no;yes;no;;Reviews;;Değerlendirmeler;
Role;;no;yes;no;;Role;;Görev;
Roles;;no;yes;no;;Roles;;Görevler;
Round;;no;yes;no;;Round;;Tur;
Round code;;no;yes;no;;Round code;;Dönem kodu;
Round details;;no;yes;no;;Round details;;Dönem ayrıntıları;
Round reminders;;no;yes;no;;Round reminders;;Tur hatırlatıcıları;
Round republished;;no;yes;no;;Round republished;;Tur yeniden yayımlandı;
Round type;;no;yes;no;;Round type;;Tur türü;
Round visibility;;no;yes;no;;Round visibility;;Tur görünürlüğü;
Rule configuration;;no;yes;no;;Rule configuration;;Kural yapılandırması;
Rule details;;no;yes;no;;Rule details;;Kural ayrıntıları;
Rule name;;no;yes;no;;Rule name;;Kural adı;
Rules;;no;yes;no;;Rules;;Kurallar;
Salary;;no;yes;no;;Salary;;Maaş;
Salary configuration;;no;yes;no;;Salary configuration;;Maaş yapılandırması;
Save;;no;yes;no;;Save;;Kaydet;
Save & exit;;no;yes;no;;Save & exit;;Kaydet ve çık;
Scale;;no;yes;no;;Scale;;Ölçek;
Search;;no;yes;no;;Search;;Ara;
Search by name;;no;yes;no;;Search by name;;İsme göre ara;
Search by name or code;;no;yes;no;;Search by name or code;;İsme veya koda göre ara;
Search for a person;;no;yes;no;;Search for a person;;Bir kişi ara;
Search for a worker;;no;yes;no;;Search for a worker;;Bir çalışan ara;
Search for workers;;no;yes;no;;Search for workers;;Çalışanları ara;
Secondary email;;no;yes;no;;Secondary email;;İkincil e-posta;
Secondary email address;;no;yes;no;;Secondary email address;;İkincil e-posta adresi;
Secondary hierarchy;;no;yes;no;;Secondary hierarchy;;İkincil hiyerarşi;
Section header;;no;yes;no;;Section header;;Bölüm başlığı;
Security;;no;yes;no;;Security;;Güvenlik;
Security group;;no;yes;no;;Security group;;Güvenlik grubu;
See all;;no;yes;no;;See all;;Tümünü gör;
Select;;no;yes;no;;Select;;Seç;
Select all;;no;yes;no;;Select all;;Tümünü seç;
Select an option;;no;yes;no;;Select an option;;Bir seçenek belirleyin;
Select communication round;;no;yes;no;;Select communication round;;İletişim turunu seçin;
Select data model;;no;yes;no;;Select data model;;Veri modelini seçin;
Select entity;;no;yes;no;;Select entity;;Varlık seçin;
Select filters;;no;yes;no;;Select filters;;Filtreleri seç;
Select goal;;no;yes;no;;Select goal;;Hedef seçin;
Select owners;;no;yes;no;;Select owners;;Sahipleri seç;
Select population;;no;yes;no;;Select population;;Popülasyonu seçin;
Select the compensation element;;no;yes;no;;Select the compensation element;;Tazminat unsurunu seçin;
Select type;;no;yes;no;;Select type;;Tür seçin;
Selected;;no;yes;no;;Selected;;Seçildi;
Selected column;;no;yes;no;;Selected column;;Seçilen sütun;
Selected fields;;no;yes;no;;Selected fields;;Seçilen alanlar;
Selected items;;no;yes;no;;Selected items;;Seçili öğeler;
Selected population;;no;yes;no;;Selected population;;Seçilen popülasyon;
Self;;no;yes;no;;Self;;Kişi, kendi;
Self-assessment;;no;yes;no;;Self-assessment;;Kendi değerlendirmesi;
Self-review;;no;yes;no;;Self-review;;Kendi kendine değerlendirme;
Send;;no;yes;no;;Send;;Gönder;
Send feedback;;no;yes;no;;Send feedback;;Geri bildirimler gönder;
Send to Documents;;no;yes;no;;Send to Documents;;Belgelere Gönder;
Sender;;no;yes;no;;Sender;;Gönderen;
Sensitive Content;;no;yes;no;;Sensitive Content;;Hassas İçerik;
Sent;;no;yes;no;;Sent;;Gönderilen;
Sent behaviors;;no;yes;no;;Sent behaviors;;Gönderilen davranışlar;
Sent feedback;;no;yes;no;;Sent feedback;;Gönderilen geri bildirimler;
Sent to;;no;yes;no;;Sent to;;Gönderilen;
Separator;;no;yes;no;;Separator;;Ayırıcı;
Session timeout;;no;yes;no;;Session timeout;;Oturum zaman aşımı;
Settings;;no;yes;no;;Settings;;Ayarlar;
Setup;;no;yes;no;;Setup;;Kurulum;
Share;;no;yes;no;;Share;;Paylaş;
Share feedback;;no;yes;no;;Share feedback;;Geri bildirimler paylaşın;
Share this feedback;;no;yes;no;;Share this feedback;;Bu geri bildirimleri paylaşın;
Share with;;no;yes;no;;Share with;;ile paylaş;
Share your insights;;no;yes;no;;Share your insights;;İçgörülerinizi paylaşın;
Share your thoughts;;no;yes;no;;Share your thoughts;;Düşüncelerinizi paylaşın;
Shared;;no;yes;no;;Shared;;Paylaşılan;
Shared feedback;;no;yes;no;;Shared feedback;;Paylaşılan geri bildirimler;
Shared goals;;no;yes;no;;Shared goals;;Paylaşılan hedefler;
Shared with;;no;yes;no;;Shared with;;ile paylaşıldı;
Shared with me;;no;yes;no;;Shared with me;;Benimle paylaşılan;
Sharing;;no;yes;no;;Sharing;;Paylaşım;
Short;;no;yes;no;;Short;;Kısa;
Show;;no;yes;no;;Show;;Göster;
Show all;;no;yes;no;;Show all;;Tümünü göster;
Since request;;no;yes;no;;Since request;;İstekten beri;
Situation;;no;yes;no;;Situation;;Durum;
Situations;;no;yes;no;;Situations;;Durumlar;
Skill & Competency Groups;;no;yes;no;;Skill & Competency Groups;;Beceri ve Yeterlilik Grupları;
Skill & competency groups;;no;yes;no;;Skill & competency groups;;Beceri ve yetkinlik grupları;
Skills;;no;yes;no;;Skills;;Beceriler;
Skills & competency groups;;no;yes;no;;Skills & competency groups;;Beceri ve yetkinlik grupları;
Snapshot;;no;yes;no;;Snapshot;;Anlık Görüntü;
Snapshot Manager;;no;yes;no;;Snapshot Manager;;Anlık Görüntü Yöneticisi;
Snapshot details;;no;yes;no;;Snapshot details;;Anlık görüntü ayrıntıları;
Snapshots;;no;yes;no;;Snapshots;;Anlık Görüntüler;
Source;;no;yes;no;;Source;;Kaynak;
Stage;;no;yes;no;;Stage;;Aşama;
Standard;;no;yes;no;;Standard;;Standart;
Start;;no;yes;no;;Start;;Başlat;
Start date;;no;yes;no;;Start date;;Başlangıç tarihi;
Start date in company;;no;yes;no;;Start date in company;;Şirkette başlama tarihi;
Start time;;no;yes;no;;Start time;;Başlangıç zamanı;
State;;no;yes;no;;State;;Eyalet;
Statement generation;;no;yes;no;;Statement generation;;Beyan oluşturma;
Statements;;no;yes;no;;Statements;;Bildirimler;
Status;;no;yes;no;;Status;;Durum;
Status by org. level;;no;yes;no;;Status by org. level;;Kurumsal seviyeye göre durum;
Step curve;;no;yes;no;;Step curve;;Adım eğrisi;
Step end date;;no;yes;no;;Step end date;;Adım bitiş tarihi;
Stock;;no;yes;no;;Stock;;Hisse Senedi;
Street address;;no;yes;no;;Street address;;Açık adres;
Subgroups;;no;yes;no;;Subgroups;;Alt gruplar;
Subject;;no;yes;no;;Subject;;Konu;
Submit;;no;yes;no;;Submit;;Gönder;
Submit to manager;;no;yes;no;;Submit to manager;;Yöneticiye gönder;
Submitted;;no;yes;no;;Submitted;;Gönderildi;
Success;;no;yes;no;;Success;;Başarılı;
Suggested agenda;;no;yes;no;;Suggested agenda;;Önerilen gündem;
Sum;;no;yes;no;;Sum;;Toplam;
Summary;;no;yes;no;;Summary;;Özet;
System;;no;yes;no;;System;;Sistem;
System populations;;no;yes;no;;System populations;;Sistem popülasyonları;
TOTAL;;no;yes;no;;TOTAL;;TOPLAM;
Tag;;no;yes;no;;Tag;;Etiket;
Tag library;;no;yes;no;;Tag library;;Etiket kitaplığı;
Tags;;no;yes;no;;Tags;;Etiketler;
Talent Review;;no;yes;no;;Talent Review;;Yetenek Değerlendirmer;
Target;;no;yes;no;;Target;;Hedef;
Target bonus;;no;yes;no;;Target bonus;;Hedef prim;
Target budget;;no;yes;no;;Target budget;;Hedef bütçe;
Team;;no;yes;no;;Team;;Ekip;
Team planner view;;no;yes;no;;Team planner view;;Ekip planlayıcısı görünümü;
Team requests;;no;yes;no;;Team requests;;Ekip talepleri;
Template;;no;yes;no;;Template;;Şablon;
Template document;;no;yes;no;;Template document;;Şablon belge;
Template widget settings;;no;yes;no;;Template widget settings;;Şablon pencere öğesi ayarları;
Templates;;no;yes;no;;Templates;;Şablonlar;
Text;;no;yes;no;;Text;;Metin;
Text field;;no;yes;no;;Text field;;Metin alanı;
Thanks;;no;yes;no;;Thanks;;Teşekkürler;
Then;;no;yes;no;;Then;;Sonra;
Time in role;;no;yes;no;;Time in role;;Görevde geçirilen süre;
Time zone;;no;yes;no;;Time zone;;Saat dilimi;
Timeline;;no;yes;no;;Timeline;;Zaman çizelgesi;
Title;;no;yes;no;;Title;;Başlık;
Today;;no;yes;no;;Today;;Bugün;
Toggle;;no;yes;no;;Toggle;;Aç/kapat;
Total;;no;yes;no;;Total;;Toplam;
Total behaviors;;no;yes;no;;Total behaviors;;Toplam davranışlar;
Total compensation;;no;yes;no;;Total compensation;;Toplam ücretlendirme;
Total entities;;no;yes;no;;Total entities;;Toplam varlıklar;
Total goals;;no;yes;no;;Total goals;;Toplam goller;
Total reviews;;no;yes;no;;Total reviews;;Toplam değerlendirmer;
Total score;;no;yes;no;;Total score;;Toplam puan;
Total workers;;no;yes;no;;Total workers;;Toplam Çalışan sayısı;
Tracking;;no;yes;no;;Tracking;;Takip;
Tracking status;;no;yes;no;;Tracking status;;Takip durumu;
Training data;;no;yes;no;;Training data;;Eğitim verileri;
True;;no;yes;no;;True;;Doğru;
Trust;;no;yes;no;;Trust;;Güven;
Try again;;no;yes;no;;Try again;;Tekrar deneyin;
Type;;no;yes;no;;Type;;Tür;
Type part of a name;;no;yes;no;;Type part of a name;;Bir ismin bir kısmını yazın;
Type weight;;no;yes;no;;Type weight;;Ağırlık türü;
Type your message here;;no;yes;no;;Type your message here;;Mesajınızı buraya yazın;
Types;;no;yes;no;;Types;;Türler;
Unavailable;;no;yes;no;;Unavailable;;Kullanılamıyor;
Unclear;;no;yes;no;;Unclear;;Belirsiz;
Under review;;no;yes;no;;Under review;;Değerlendiriliyor;
Unexpected error;;no;yes;no;;Unexpected error;;Beklenmeyen hata;
Unhelpful;;no;yes;no;;Unhelpful;;Yararsız;
Unique logins;;no;yes;no;;Unique logins;;Benzersiz girişler;
Unit;;no;yes;no;;Unit;;Birim;
Unrated;;no;yes;no;;Unrated;;Derecelendirilmemiş;
Unrelease;;no;yes;no;;Unrelease;;Yayından kaldır;
Unreleased;;no;yes;no;;Unreleased;;Yayından kaldırılmış;
Unsaved changes;;no;yes;no;;Unsaved changes;;Kaydedilmemiş değişiklikler;
Unselect all;;no;yes;no;;Unselect all;;Tümünün seçimini kaldır;
Upcoming;;no;yes;no;;Upcoming;;Yaklaşan;
Upcoming check-ins;;no;yes;no;;Upcoming check-ins;;Yaklaşan check-in görüşmeleri;
Update;;no;yes;no;;Update;;Güncelle;
Updated;;no;yes;no;;Updated;;Güncellendi;
Updated by;;no;yes;no;;Updated by;;Güncelleyen;
Upload;;no;yes;no;;Upload;;Yükle;
Upload behavior;;no;yes;no;;Upload behavior;;Davranış yükle;
Upload file;;no;yes;no;;Upload file;;Dosya yükle;
Upload the completed file;;no;yes;no;;Upload the completed file;;Tamamlanmış dosyayı yükleyin;
Upload the modified Excel file;;no;yes;no;;Upload the modified Excel file;;Değiştirilmiş Excel dosyasını yükleyin;
Uploaded by;;no;yes;no;;Uploaded by;;Yükleyen;
Uploaded files;;no;yes;no;;Uploaded files;;Yüklenen dosyalar;
Uploading;;no;yes;no;;Uploading;;Yükleniyor;
Usage;;no;yes;no;;Usage;;Kullanım;
Usage details;;no;yes;no;;Usage details;;Kullanım ayrıntıları;
Used;;no;yes;no;;Used;;Kullanıldı;
Used in;;no;yes;no;;Used in;;Kullanıldığı yer;
Useful information;;no;yes;no;;Useful information;;Faydalı bilgiler;
User;;no;yes;no;;User;;Kullanıcı;
User Security;;no;yes;no;;User Security;;Kullanıcı Güvenliği;
User local time;;no;yes;no;;User local time;;Kullanıcı yerel saati;
Username;;no;yes;no;;Username;;Kullanıcı adı;
Users;;no;yes;no;;Users;;Kullanıcılar;
Users who sent feedback;;no;yes;no;;Users who sent feedback;;Geri bildirimler gönderen kullanıcılar;
Users with no goals;;no;yes;no;;Users with no goals;;Hedefi olmayan kullanıcılar;
Validate;;no;yes;no;;Validate;;Doğrula;
Validation;;no;yes;no;;Validation;;Doğrulama;
Value;;no;yes;no;;Value;;Değer;
Value type;;no;yes;no;;Value type;;Değer türü;
Values;;no;yes;no;;Values;;Değerler;
Version;;no;yes;no;;Version;;Sürüm;
View;;no;yes;no;;View;;Görüntüle;
View all;;no;yes;no;;View all;;Tümünü görüntüle;
View my received feedback;;no;yes;no;;View my received feedback;;Aldığım geri bildirimleri görüntüleyin;
View review;;no;yes;no;;View review;;İncelemeyi görüntüle;
Visibility;;no;yes;no;;Visibility;;Görünürlük;
Weight;;no;yes;no;;Weight;;Ağırlık;
Weighted score;;no;yes;no;;Weighted score;;Ağırlıklı puan;
Widget settings;;no;yes;no;;Widget settings;;Pencere öğesi ayarları;
Work country;;no;yes;no;;Work country;;Çalışma ülkesi;
Worker;;no;yes;no;;Worker;;Çalışan;
Worker & manager;;no;yes;no;;Worker & manager;;Çalışan ve yönetici;
Worker ID;;no;yes;no;;Worker ID;;Çalışan Kimliği;
Worker category;;no;yes;no;;Worker category;;Çalışan kategorisi;
Worker details;;no;yes;no;;Worker details;;Çalışan ayrıntıları;
Worker name;;no;yes;no;;Worker name;;Çalışan adı;
Worker self-assessment;;no;yes;no;;Worker self-assessment;;Çalışanın kendi kendine değerlendirmesi;
Worker sign-off;;no;yes;no;;Worker sign-off;;Çalışan onayı;
Worker submission;;no;yes;no;;Worker submission;;Çalışan gönderimi;
Workers;;no;yes;no;;Workers;;Çalışanlar;
Workflow;;no;yes;no;;Workflow;;İş akışı;
Workflow section;;no;yes;no;;Workflow section;;İş akışı bölümü;
Workflow status;;no;yes;no;;Workflow status;;İş akışı durumu;
Workflow step;;no;yes;no;;Workflow step;;İş akışı adımı;
Workflow steps;;no;yes;no;;Workflow steps;;İş akışı adımları;
Workflow type;;no;yes;no;;Workflow type;;İş akışı türü;
Write;;no;yes;no;;Write;;Yazdır;
Year;;no;yes;no;;Year;;Yıl;
Years;;no;yes;no;;Years;;Yıl;
Your comment;;no;yes;no;;Your comment;;Yorumunuz;
Your documents;;no;yes;no;;Your documents;;Belgeleriniz;
Your email;;no;yes;no;;Your email;;E-posta adresiniz;
Your observations;;no;yes;no;;Your observations;;Gözlemleriniz;
Your view;;no;yes;no;;Your view;;Sizin görüşünüz;
