term;description;casesensitive;translatable;forbidden;tags;en-US;en-US_description;id-ID;id-ID_description
About;;no;yes;no;;About;;Tentang;
About my team;;no;yes;no;;About my team;;Tentang tim saya;
Absence;;no;yes;no;;Absence;;Ketidakhadiran;
Accept;;no;yes;no;;Accept;;Terima;
Accepted;;no;yes;no;;Accepted;;Diterima;
Account;;no;yes;no;;Account;;Akun;
Achievement;;no;yes;no;;Achievement;;Pencapaian;
Achievement summary;;no;yes;no;;Achievement summary;;Ringkasan pencapaian;
Action;;no;yes;no;;Action;;Tindakan;
Action required;;no;yes;no;;Action required;;Tindakan diperlukan;
Actions;;no;yes;no;;Actions;;Tindakan;
Actions required;;no;yes;no;;Actions required;;Tindakan yang diperlukan;
Activate;;no;yes;no;;Activate;;Aktifkan;
Active;;no;yes;no;;Active;;Aktif;
Active users;;no;yes;no;;Active users;;Pengguna aktif;
Actor;;no;yes;no;;Actor;;Aktor;
Add;;no;yes;no;;Add;;Tambahkan;
Add all;;no;yes;no;;Add all;;Tambahkan semua;
Add all company;;no;yes;no;;Add all company;;Tambahkan semua perusahaan;
Add all organizational units;;no;yes;no;;Add all organizational units;;Tambahkan semua unit organisasi;
Add condition;;no;yes;no;;Add condition;;Tambah kondisi;
Add feedback note;;no;yes;no;;Add feedback note;;Tambahkan catatan umpan balik;
Add field;;no;yes;no;;Add field;;Tambahkan bidang;
Add mapping;;no;yes;no;;Add mapping;;Tambah pemetaan;
Add note;;no;yes;no;;Add note;;Tambah catatan;
Add question;;no;yes;no;;Add question;;Tambah pertanyaan;
Add skills;;no;yes;no;;Add skills;;Tambahkan keterampilan;
Add step;;no;yes;no;;Add step;;Tambah langkah;
Addition;;no;yes;no;;Addition;;Penambahan;
Additional Managers;;no;yes;no;;Additional Managers;;Manajer Tambahan;
Additional goal description;;no;yes;no;;Additional goal description;;Deskripsi tujuan tambahan;
Additional information;;no;yes;no;;Additional information;;Informasi tambahan;
Additional manager;;no;yes;no;;Additional manager;;Manajer tambahan;
Additional managers;;no;yes;no;;Additional managers;;Manajer tambahan;
Additional review;;no;yes;no;;Additional review;;Ulasan tambahan;
Administration;;no;yes;no;;Administration;;Administrasi;
Advanced;;no;yes;no;;Advanced;;Lanjutan;
After;;no;yes;no;;After;;Setelah;
Alert;;no;yes;no;;Alert;;Peringatan;
Alerts;;no;yes;no;;Alerts;;Peringatan;
Aligned with goal;;no;yes;no;;Aligned with goal;;Selaras dengan tujuan;
All company;;no;yes;no;;All company;;Semua perusahaan;
All criteria;;no;yes;no;;All criteria;;Semua kriteria;
All locations;;no;yes;no;;All locations;;Semua lokasi;
All organizational units;;no;yes;no;;All organizational units;;Semua unit organisasi;
All participants;;no;yes;no;;All participants;;Semua peserta;
All results;;no;yes;no;;All results;;Semua hasil;
All roles;;no;yes;no;;All roles;;Semua jabatan;
All updates;;no;yes;no;;All updates;;Semua pembaruan;
Analyses;;no;yes;no;;Analyses;;Analisis;
Analysis;;no;yes;no;;Analysis;;Analisis;
Analytics;;no;yes;no;;Analytics;;Analitik;
Anonymization;;no;yes;no;;Anonymization;;Anonimisasi;
Answer type;;no;yes;no;;Answer type;;Jenis jawaban;
Anyone;;no;yes;no;;Anyone;;Siapa saja;
Anyone in the company;;no;yes;no;;Anyone in the company;;Siapa saja di perusahaan;
Appearance;;no;yes;no;;Appearance;;Tampilan;
Apply;;no;yes;no;;Apply;;Terapkan;
Apply filters;;no;yes;no;;Apply filters;;Terapkan filter;
Approve;;no;yes;no;;Approve;;Setuju;
Approved;;no;yes;no;;Approved;;Disetujui;
Archived;;no;yes;no;;Archived;;Diarsipkan;
Assign;;no;yes;no;;Assign;;Tugaskan;
Assign to;;no;yes;no;;Assign to;;Tetapkan kepada;
Assigned;;no;yes;no;;Assigned;;Ditugaskan;
Assigned reviews;;no;yes;no;;Assigned reviews;;Ulasan yang ditugaskan;
Assigned to;;no;yes;no;;Assigned to;;Ditugaskan kepada;
Assignment;;no;yes;no;;Assignment;;Penugasan;
Assignment permissions;;no;yes;no;;Assignment permissions;;Izin penugasan;
At least one number;;no;yes;no;;At least one number;;Setidaknya satu angka;
At risk;;no;yes;no;;At risk;;Berisiko;
Attached document;;no;yes;no;;Attached document;;Dokumen terlampir;
Attachments;;no;yes;no;;Attachments;;Lampiran;
Audit trail;;no;yes;no;;Audit trail;;Jejak audit;
Auto-suggestion;;no;yes;no;;Auto-suggestion;;Saran otomatis;
Available;;no;yes;no;;Available;;Tersedia;
Average score;;no;yes;no;;Average score;;Skor rata-rata;
Average total score;;no;yes;no;;Average total score;;Rata-rata skor total;
Avg. word count;;no;yes;no;;Avg. word count;;Rata-rata jumlah kata;
Back;;no;yes;no;;Back;;Kembali;
Basic Information;;no;yes;no;;Basic Information;;Informasi Dasar;
Basic information;;no;yes;no;;Basic information;;Informasi dasar;
Before;;no;yes;no;;Before;;Sebelum;
Behavior;;no;yes;no;;Behavior;;Perilaku;
Behavior libraries;;no;yes;no;;Behavior libraries;;Katalog perilaku;
Behavior library;;no;yes;no;;Behavior library;;Pustaka perilaku;
Behavior profile;;no;yes;no;;Behavior profile;;Profil perilaku;
Behavior wheel;;no;yes;no;;Behavior wheel;;Diagram perilaku;
Behaviors;;no;yes;no;;Behaviors;;Perilaku;
Behaviors sent;;no;yes;no;;Behaviors sent;;Perilaku yang dikirim;
Benchmarking;;no;yes;no;;Benchmarking;;Pembandingan;
Blank values;;no;yes;no;;Blank values;;Nilai kosong;
Blocked;;no;yes;no;;Blocked;;Diblokir;
Bonus Plans;;no;yes;no;;Bonus Plans;;Rencana Bonus;
Bonus amount;;no;yes;no;;Bonus amount;;Jumlah bonus;
Bonus calculation equation;;no;yes;no;;Bonus calculation equation;;Persamaan perhitungan bonus;
Bonus calculation formula;;no;yes;no;;Bonus calculation formula;;Rumus perhitungan bonus;
Bonus plan;;no;yes;no;;Bonus plan;;Rencana bonus;
Bonus plans;;no;yes;no;;Bonus plans;;Rencana bonus;
Budget;;no;yes;no;;Budget;;Anggaran;
Budget rule;;no;yes;no;;Budget rule;;Aturan anggaran;
Builder;;no;yes;no;;Builder;;Perancang;
Business;;no;yes;no;;Business;;Bisnis;
Calculated;;no;yes;no;;Calculated;;Dihitung;
Calculated bonus;;no;yes;no;;Calculated bonus;;Bonus yang dihitung;
Calculated column;;no;yes;no;;Calculated column;;Kolom terhitung;
Calculation;;no;yes;no;;Calculation;;Perhitungan;
Calculation workspace;;no;yes;no;;Calculation workspace;;Ruang kerja perhitungan;
Calibration;;no;yes;no;;Calibration;;Kalibrasi;
Can edit;;no;yes;no;;Can edit;;Dapat mengedit;
Cancel;;no;yes;no;;Cancel;;Batal;
Canceled;;no;yes;no;;Canceled;;Dibatalkan;
Career Development;;no;yes;no;;Career Development;;Pengembangan Karier;
Career Development Plans;;no;yes;no;;Career Development Plans;;Rencana Pengembangan Karier;
Career Development Settings;;no;yes;no;;Career Development Settings;;Pengaturan Pengembangan Karier;
Career development;;no;yes;no;;Career development;;Pengembangan karier;
Career development plan;;no;yes;no;;Career development plan;;Rencana pengembangan karier;
Career development plans;;no;yes;no;;Career development plans;;Rencana pengembangan karier;
Career development settings;;no;yes;no;;Career development settings;;Pengaturan pengembangan karier;
Career plan questionnaire;;no;yes;no;;Career plan questionnaire;;Kuesioner rencana karier;
Career plans;;no;yes;no;;Career plans;;Rencana karier;
Categories;;no;yes;no;;Categories;;Kategori;
Category;;no;yes;no;;Category;;Kategori;
Challenge process;;no;yes;no;;Challenge process;;Proses sanggahan;
Challenge review;;no;yes;no;;Challenge review;;Sanggah ulasan;
Challenged;;no;yes;no;;Challenged;;Disanggah;
Change;;no;yes;no;;Change;;Ubah;
Change workflow step;;no;yes;no;;Change workflow step;;Ubah langkah alur kerja;
Chat;;no;yes;no;;Chat;;Obrolan;
Check-Ins;;no;yes;no;;Check-Ins;;Check-in;
Check-in Details;;no;yes;no;;Check-in Details;;Rincian Check-in;
Check-in Status;;no;yes;no;;Check-in Status;;Status Check-in;
Check-in date;;no;yes;no;;Check-in date;;Tanggal check-in;
Check-in with;;no;yes;no;;Check-in with;;Check-in dengan;
Check-ins;;no;yes;no;;Check-ins;;Check-in;
Check-ins created;;no;yes;no;;Check-ins created;;Check-in dibuat;
Choose one;;no;yes;no;;Choose one;;Pilih salah satu;
City;;no;yes;no;;City;;Kota;
Clear;;no;yes;no;;Clear;;Hapus;
Clear all;;no;yes;no;;Clear all;;Hapus semua;
Clear all filters;;no;yes;no;;Clear all filters;;Hapus semua filter;
Clear all filters & search;;no;yes;no;;Clear all filters & search;;Hapus semua filter & pencarian;
Clear all filters and search;;no;yes;no;;Clear all filters and search;;Hapus semua filter dan pencarian;
Clear filters;;no;yes;no;;Clear filters;;Hapus filter;
Clear search;;no;yes;no;;Clear search;;Hapus pencarian;
Close;;no;yes;no;;Close;;Tutup;
Closed;;no;yes;no;;Closed;;Tutup;
Closed without document;;no;yes;no;;Closed without document;;Ditutup tanpa dokumen;
Code;;no;yes;no;;Code;;Kode;
Collaborative;;no;yes;no;;Collaborative;;Kolaboratif;
Collapse;;no;yes;no;;Collapse;;Runtuh;
Color;;no;yes;no;;Color;;Warna;
Column name;;no;yes;no;;Column name;;Nama kolom;
Columns;;no;yes;no;;Columns;;Kolom;
Coming soon;;no;yes;no;;Coming soon;;Segera hadir;
Comm manager;;no;yes;no;;Comm manager;;Manajer komunikasi;
Comm round;;no;yes;no;;Comm round;;Putaran komunikasi;
Comment;;no;yes;no;;Comment;;Komentar;
Comments;;no;yes;no;;Comments;;Komentar;
Communication;;no;yes;no;;Communication;;Komunikasi;
Communication Rounds;;no;yes;no;;Communication Rounds;;Tahap Wawancara;
Communication manager;;no;yes;no;;Communication manager;;Manajer komunikasi;
Communication manager name;;no;yes;no;;Communication manager name;;Nama manajer komunikasi;
Communication round;;no;yes;no;;Communication round;;Putaran komunikasi;
Communication rounds;;no;yes;no;;Communication rounds;;Tahap Wawancara;
Comp Rounds;;no;yes;no;;Comp Rounds;;Putaran Kompensasi;
Comp element;;no;yes;no;;Comp element;;Elemen kompensasi;
Comp elements;;no;yes;no;;Comp elements;;Elemen kompensasi;
Comp manager;;no;yes;no;;Comp manager;;Manajer kompensasi;
Comp managers;;no;yes;no;;Comp managers;;Manajer kompensasi;
Comp round;;no;yes;no;;Comp round;;Siklus kompensasi;
Comp round currency;;no;yes;no;;Comp round currency;;Mata uang pembulatan kompensasi;
Comp rounds;;no;yes;no;;Comp rounds;;Tahap penawaran;
Comp tree;;no;yes;no;;Comp tree;;Hierarki kompensasi;
Company;;no;yes;no;;Company;;Perusahaan;
Company logo;;no;yes;no;;Company logo;;Logo perusahaan;
Company name;;no;yes;no;;Company name;;Nama perusahaan;
Compare;;no;yes;no;;Compare;;Bandingkan;
Compensation;;no;yes;no;;Compensation;;Kompensasi;
Compensation Element;;no;yes;no;;Compensation Element;;Elemen Kompensasi;
Compensation History;;no;yes;no;;Compensation History;;Riwayat Kompensasi;
Compensation Management;;no;yes;no;;Compensation Management;;Manajemen Kompensasi;
Compensation Rounds;;no;yes;no;;Compensation Rounds;;Siklus Kompensasi;
Compensation element;;no;yes;no;;Compensation element;;Elemen kompensasi;
Compensation elements;;no;yes;no;;Compensation elements;;Elemen kompensasi;
Compensation field;;no;yes;no;;Compensation field;;Bidang kompensasi;
Compensation framework;;no;yes;no;;Compensation framework;;Kerangka kompensasi;
Compensation history;;no;yes;no;;Compensation history;;Riwayat kompensasi;
Compensation manager;;no;yes;no;;Compensation manager;;Manajer kompensasi;
Compensation philosophy;;no;yes;no;;Compensation philosophy;;Filosofi kompensasi;
Compensation rounds;;no;yes;no;;Compensation rounds;;Putaran kompensasi;
Competency Scales;;no;yes;no;;Competency Scales;;Skala Kompetensi;
Competency scale;;no;yes;no;;Competency scale;;Skala kompetensi;
Complete;;no;yes;no;;Complete;;Selesai;
Completed;;no;yes;no;;Completed;;Selesai;
Completion;;no;yes;no;;Completion;;Penyelesaian;
Completion rate;;no;yes;no;;Completion rate;;Tingkat penyelesaian;
Concatenated fields;;no;yes;no;;Concatenated fields;;Kolom gabungan;
Conditional;;no;yes;no;;Conditional;;Bersyarat;
Conditional formatting;;no;yes;no;;Conditional formatting;;Pemformatan bersyarat;
Config;;no;yes;no;;Config;;Konfigurasi;
Configuration;;no;yes;no;;Configuration;;Konfigurasi;
Configurations;;no;yes;no;;Configurations;;Konfigurasi;
Confirm;;no;yes;no;;Confirm;;Konfirmasi;
Confirm deletion;;no;yes;no;;Confirm deletion;;Konfirmasi penghapusan;
Confirmation;;no;yes;no;;Confirmation;;Konfirmasi;
Connection name;;no;yes;no;;Connection name;;Nama koneksi;
Constructive;;no;yes;no;;Constructive;;Konstruktif;
Contains;;no;yes;no;;Contains;;Berisi;
Continue;;no;yes;no;;Continue;;Lanjutkan;
Continue editing;;no;yes;no;;Continue editing;;Lanjutkan mengedit;
Contract type;;no;yes;no;;Contract type;;Jenis kontrak;
Conversation & publication;;no;yes;no;;Conversation & publication;;Pembahasan & publikasi;
Copy;;no;yes;no;;Copy;;Salin;
Cost Center;;no;yes;no;;Cost Center;;Pusat Biaya;
Cost center;;no;yes;no;;Cost center;;Pusat biaya;
Count;;no;yes;no;;Count;;Jumlah;
Country;;no;yes;no;;Country;;Negara;
Create;;no;yes;no;;Create;;Buat;
Create check-in;;no;yes;no;;Create check-in;;Buat check-in;
Create communication round;;no;yes;no;;Create communication round;;Buat tahap wawancara;
Create document;;no;yes;no;;Create document;;Buat dokumen;
Create goal;;no;yes;no;;Create goal;;Buat tujuan;
Create goal plan;;no;yes;no;;Create goal plan;;Buat rencana tujuan;
Create goal type;;no;yes;no;;Create goal type;;Buat jenis tujuan;
Create model;;no;yes;no;;Create model;;Buat model;
Create performance review;;no;yes;no;;Create performance review;;Buat tinjauan kinerja;
Create rule;;no;yes;no;;Create rule;;Buat aturan;
Created;;no;yes;no;;Created;;Dibuat;
Created by;;no;yes;no;;Created by;;Dibuat oleh;
Created date;;no;yes;no;;Created date;;Tanggal dibuat;
Created on;;no;yes;no;;Created on;;Dibuat pada;
Creation date;;no;yes;no;;Creation date;;Tanggal pembuatan;
Creator;;no;yes;no;;Creator;;Pembuat;
Criteria;;no;yes;no;;Criteria;;Kriteria;
Criteria blocks;;no;yes;no;;Criteria blocks;;Blok kriteria;
Criterion;;no;yes;no;;Criterion;;Kriteria;
Currency;;no;yes;no;;Currency;;Mata uang;
Currency Settings;;no;yes;no;;Currency Settings;;Pengaturan Mata Uang;
Currency field;;no;yes;no;;Currency field;;Kolom mata uang;
Currency source;;no;yes;no;;Currency source;;Sumber mata uang;
Current;;no;yes;no;;Current;;Saat ini;
Current manager;;no;yes;no;;Current manager;;Manajer saat ini;
Custom;;no;yes;no;;Custom;;Khusus;
Custom Entities;;no;yes;no;;Custom Entities;;Entitas Kustom;
Custom Fields;;no;yes;no;;Custom Fields;;Bidang khusus;
Custom column;;no;yes;no;;Custom column;;Kolom kustom;
Custom criteria;;no;yes;no;;Custom criteria;;Kriteria kustom;
Custom entities;;no;yes;no;;Custom entities;;Entitas kustom;
Custom fields;;no;yes;no;;Custom fields;;Bidang khusus;
Custom section;;no;yes;no;;Custom section;;Bagian khusus;
Custom widget;;no;yes;no;;Custom widget;;Widget khusus;
Data Entities & Sources;;no;yes;no;;Data Entities & Sources;;Entitas & Sumber Data;
Data Foundation;;no;yes;no;;Data Foundation;;Data Dasar;
Data Management;;no;yes;no;;Data Management;;Manajemen Data;
Data Privacy;;no;yes;no;;Data Privacy;;Privasi Data;
Data Retention;;no;yes;no;;Data Retention;;Retensi Data;
Data Upload;;no;yes;no;;Data Upload;;Unggah Data;
Data entities & sources;;no;yes;no;;Data entities & sources;;Entitas & sumber data;
Data foundation;;no;yes;no;;Data foundation;;Data dasar;
Data management;;no;yes;no;;Data management;;Manajemen data;
Data model;;no;yes;no;;Data model;;Model data;
Data privacy;;no;yes;no;;Data privacy;;Privasi data;
Data privacy statement;;no;yes;no;;Data privacy statement;;Pernyataan privasi data;
Data retention period;;no;yes;no;;Data retention period;;Periode retensi data;
Data scope;;no;yes;no;;Data scope;;Cakupan data;
Data source;;no;yes;no;;Data source;;Sumber data;
Date;;no;yes;no;;Date;;Tanggal;
Date & Time;;no;yes;no;;Date & Time;;Tanggal & Waktu;
Date & time;;no;yes;no;;Date & time;;Tanggal & waktu;
Date to;;no;yes;no;;Date to;;Tanggal hingga;
Days;;no;yes;no;;Days;;Hari;
Deactivate;;no;yes;no;;Deactivate;;Nonaktifkan;
Deactivated;;no;yes;no;;Deactivated;;Dinonaktifkan;
Deactivated user;;no;yes;no;;Deactivated user;;Pengguna dinonaktifkan;
Deactivation;;no;yes;no;;Deactivation;;Menonaktifkan;
Deadline status;;no;yes;no;;Deadline status;;Status tenggat waktu;
Decimal;;no;yes;no;;Decimal;;Desimal;
Decimal precision;;no;yes;no;;Decimal precision;;Presisi desimal;
Default beqom logo;;no;yes;no;;Default beqom logo;;Logo beqom default;
Default value;;no;yes;no;;Default value;;Nilai default;
Delete;;no;yes;no;;Delete;;Hapus;
Delete all;;no;yes;no;;Delete all;;Hapus semua;
Delete comment;;no;yes;no;;Delete comment;;Hapus komentar;
Delete goal;;no;yes;no;;Delete goal;;Hapus tujuan;
Delete note;;no;yes;no;;Delete note;;Hapus catatan;
Delete rule;;no;yes;no;;Delete rule;;Hapus aturan;
Delete selected;;no;yes;no;;Delete selected;;Hapus yang dipilih;
Deleted;;no;yes;no;;Deleted;;Dihapus;
Deleted by;;no;yes;no;;Deleted by;;Dihapus oleh;
Deletion;;no;yes;no;;Deletion;;Penghapusan;
Deliverable;;no;yes;no;;Deliverable;;Hasil kerja;
Deliverables;;no;yes;no;;Deliverables;;Hasil kerja;
Demographic;;no;yes;no;;Demographic;;Demografi;
Demographics;;no;yes;no;;Demographics;;Demografi;
Department;;no;yes;no;;Department;;Departemen;
Description;;no;yes;no;;Description;;Deskripsi;
Details;;no;yes;no;;Details;;Detail;
Development;;no;yes;no;;Development;;Pengembangan;
Development plans;;no;yes;no;;Development plans;;Rencana pengembangan;
Digital reward statement;;no;yes;no;;Digital reward statement;;Pernyataan hadiah digital;
Direct Reports;;no;yes;no;;Direct Reports;;Bawahan Langsung;
Direct report;;no;yes;no;;Direct report;;Bawahan langsung;
Direct reports;;no;yes;no;;Direct reports;;Bawahan langsung;
Direction;;no;yes;no;;Direction;;Arah;
Disable;;no;yes;no;;Disable;;Nonaktifkan;
Disabled;;no;yes;no;;Disabled;;Dinonaktifkan;
Discard;;no;yes;no;;Discard;;Buang;
Discussion;;no;yes;no;;Discussion;;Diskusi;
Discussion outcome;;no;yes;no;;Discussion outcome;;Hasil diskusi;
Discussion point;;no;yes;no;;Discussion point;;Poin diskusi;
Discussion points;;no;yes;no;;Discussion points;;Poin diskusi;
Display name;;no;yes;no;;Display name;;Nama tampilan;
Distribution;;no;yes;no;;Distribution;;Distribusi;
Distribution guidelines;;no;yes;no;;Distribution guidelines;;Panduan distribusi;
Document Settings;;no;yes;no;;Document Settings;;Pengaturan Dokumen;
Document Templates;;no;yes;no;;Document Templates;;Templat Dokumen;
Document generation;;no;yes;no;;Document generation;;Pembuatan dokumen;
Document name;;no;yes;no;;Document name;;Nama dokumen;
Document preview;;no;yes;no;;Document preview;;Pratinjau dokumen;
Document review;;no;yes;no;;Document review;;Tinjauan dokumen;
Document settings;;no;yes;no;;Document settings;;Pengaturan dokumen;
Document status;;no;yes;no;;Document status;;Status dokumen;
Document template;;no;yes;no;;Document template;;Template dokumen;
Documents;;no;yes;no;;Documents;;Dokumen;
Done;;no;yes;no;;Done;;Selesai;
Download;;no;yes;no;;Download;;Unduh;
Download CSV;;no;yes;no;;Download CSV;;Unduh CSV;
Download log file;;no;yes;no;;Download log file;;Unduh file log;
Download template;;no;yes;no;;Download template;;Unduh template;
Download the template;;no;yes;no;;Download the template;;Unduh templat;
Draft;;no;yes;no;;Draft;;Draf;
Drop-down list;;no;yes;no;;Drop-down list;;Daftar drop-down;
Due date;;no;yes;no;;Due date;;Tenggat waktu;
Duplicate;;no;yes;no;;Duplicate;;Duplikat;
Duplication successful;;no;yes;no;;Duplication successful;;Duplikasi berhasil;
Edit goal;;no;yes;no;;Edit goal;;Edit tujuan;
Edit note;;no;yes;no;;Edit note;;Edit catatan;
Edited;;no;yes;no;;Edited;;Diedit;
Education;;no;yes;no;;Education;;Pendidikan;
Effective date;;no;yes;no;;Effective date;;Tanggal berlaku;
Eligibility;;no;yes;no;;Eligibility;;Kelayakan;
Eligible;;no;yes;no;;Eligible;;Memenuhi syarat;
Eligible workers;;no;yes;no;;Eligible workers;;Pekerja yang memenuhi syarat;
Else;;no;yes;no;;Else;;Lainnya;
Email Notifications;;no;yes;no;;Email Notifications;;Notifikasi Email;
Email address;;no;yes;no;;Email address;;Alamat email;
Email notification;;no;yes;no;;Email notification;;Notifikasi email;
Email notifications;;no;yes;no;;Email notifications;;Notifikasi email;
Email subject;;no;yes;no;;Email subject;;Subjek email;
Employment;;no;yes;no;;Employment;;Ketenagakerjaan;
Empty;;no;yes;no;;Empty;;Kosong;
Enable;;no;yes;no;;Enable;;Aktifkan;
Enable Feedback;;no;yes;no;;Enable Feedback;;Aktifkan Umpan Balik;
Enabled;;no;yes;no;;Enabled;;Diaktifkan;
End date;;no;yes;no;;End date;;Tanggal berakhir;
Endorsed;;no;yes;no;;Endorsed;;Didukung;
Enter;;no;yes;no;;Enter;;Masuk;
Enter a name;;no;yes;no;;Enter a name;;Masukkan nama;
Enter text;;no;yes;no;;Enter text;;Masukkan teks;
Entities;;no;yes;no;;Entities;;Entitas;
Entities & fields;;no;yes;no;;Entities & fields;;Entitas & bidang;
Entity;;no;yes;no;;Entity;;Entitas;
Entity details;;no;yes;no;;Entity details;;Detail entitas;
Entity enum;;no;yes;no;;Entity enum;;Enum entitas;
Entity name;;no;yes;no;;Entity name;;Nama entitas;
Equal to;;no;yes;no;;Equal to;;Sama dengan;
Equity;;no;yes;no;;Equity;;Ekuitas;
Error;;no;yes;no;;Error;;Kesalahan;
Errors;;no;yes;no;;Errors;;Kesalahan;
Evaluation section;;no;yes;no;;Evaluation section;;Bagian evaluasi;
Examples;;no;yes;no;;Examples;;Contoh;
Exchange Rates;;no;yes;no;;Exchange Rates;;Kurs Valuta;
Exchange rate;;no;yes;no;;Exchange rate;;Kurs;
Exchange rate type;;no;yes;no;;Exchange rate type;;Jenis kurs;
Exchange rates;;no;yes;no;;Exchange rates;;Kurs mata uang;
Exclude;;no;yes;no;;Exclude;;Tidak termasuk;
Exclude individuals;;no;yes;no;;Exclude individuals;;Kecualikan individu;
Excluded;;no;yes;no;;Excluded;;Tidak disertakan;
Exit;;no;yes;no;;Exit;;Keluar;
Exit without saving;;no;yes;no;;Exit without saving;;Keluar tanpa menyimpan;
Expand;;no;yes;no;;Expand;;Perluas;
Experience;;no;yes;no;;Experience;;Pengalaman;
Export;;no;yes;no;;Export;;Ekspor;
Expression;;no;yes;no;;Expression;;Ekspresi;
Expression formula;;no;yes;no;;Expression formula;;Rumus ekspresi;
External;;no;yes;no;;External;;Eksternal;
Failed;;no;yes;no;;Failed;;Gagal;
Favorite;;no;yes;no;;Favorite;;Favorit;
Favorite feedback;;no;yes;no;;Favorite feedback;;Umpan balik favorit;
Feature;;no;yes;no;;Feature;;Fitur;
Feature Enablement;;no;yes;no;;Feature Enablement;;Pengaktifan Fitur;
Feature enablement;;no;yes;no;;Feature enablement;;Pengaktifan fitur;
Features;;no;yes;no;;Features;;Fitur;
Feedback;;no;yes;no;;Feedback;;Umpan balik;
Feedback Ratings;;no;yes;no;;Feedback Ratings;;Peringkat Umpan Balik;
Feedback from;;no;yes;no;;Feedback from;;Umpan balik dari;
Feedback insights;;no;yes;no;;Feedback insights;;Wawasan umpan balik;
Feedback note;;no;yes;no;;Feedback note;;Catatan umpan balik;
Feedback notes;;no;yes;no;;Feedback notes;;Catatan umpan balik;
Feedback rating;;no;yes;no;;Feedback rating;;Penilaian umpan balik;
Feedback received;;no;yes;no;;Feedback received;;Umpan balik diterima;
Feedback request;;no;yes;no;;Feedback request;;Permintaan umpan balik;
Feedback requested;;no;yes;no;;Feedback requested;;Umpan balik diminta;
Feedback requests;;no;yes;no;;Feedback requests;;Permintaan umpan balik;
Feedback sent;;no;yes;no;;Feedback sent;;Umpan balik telah dikirim;
Feedback sent to;;no;yes;no;;Feedback sent to;;Umpan balik dikirim ke;
Field;;no;yes;no;;Field;;Bidang;
Field name;;no;yes;no;;Field name;;Nama bidang;
Fields;;no;yes;no;;Fields;;Bidang;
Fields used;;no;yes;no;;Fields used;;Bidang yang digunakan;
File name;;no;yes;no;;File name;;Nama file;
File upload;;no;yes;no;;File upload;;Unggah file;
Fill in the necessary details;;no;yes;no;;Fill in the necessary details;;Isi detail yang diperlukan;
Filters;;no;yes;no;;Filters;;Filter;
Final Validation;;no;yes;no;;Final Validation;;Validasi Akhir;
Final validation;;no;yes;no;;Final validation;;Validasi akhir;
Fixed;;no;yes;no;;Fixed;;Tetap;
For managers;;no;yes;no;;For managers;;Untuk manajer;
For workers;;no;yes;no;;For workers;;Untuk pekerja;
Forms;;no;yes;no;;Forms;;Formulir;
Formula;;no;yes;no;;Formula;;Rumus;
From;;no;yes;no;;From;;Dari;
Full name;;no;yes;no;;Full name;;Nama lengkap;
Functions;;no;yes;no;;Functions;;Fungsi;
General;;no;yes;no;;General;;Umum;
General information;;no;yes;no;;General information;;Informasi umum;
Generate;;no;yes;no;;Generate;;Buat;
Generate PDF;;no;yes;no;;Generate PDF;;Buat PDF;
Generated;;no;yes;no;;Generated;;Dihasilkan;
Generation date;;no;yes;no;;Generation date;;Tanggal pembuatan;
Get started by creating one;;no;yes;no;;Get started by creating one;;Mulai dengan membuat satu;
Give;;no;yes;no;;Give;;Beri;
Give feedback;;no;yes;no;;Give feedback;;Beri umpan balik;
Global currency;;no;yes;no;;Global currency;;Mata uang global;
Global worker category;;no;yes;no;;Global worker category;;Kategori pekerja global;
Go to feedback;;no;yes;no;;Go to feedback;;Pergi ke umpan balik;
Goal;;no;yes;no;;Goal;;Tujuan;
Goal Achievement;;no;yes;no;;Goal Achievement;;Pencapaian Tujuan;
Goal Alignment;;no;yes;no;;Goal Alignment;;Penyelarasan Sasaran;
Goal Details;;no;yes;no;;Goal Details;;Rincian Sasaran;
Goal ID;;no;yes;no;;Goal ID;;ID sasaran;
Goal Overview;;no;yes;no;;Goal Overview;;Ikhtisar Sasaran;
Goal Plan;;no;yes;no;;Goal Plan;;Rencana Sasaran;
Goal Plans;;no;yes;no;;Goal Plans;;Rencana Tujuan;
Goal Status;;no;yes;no;;Goal Status;;Status Sasaran;
Goal Tag Libraries;;no;yes;no;;Goal Tag Libraries;;Katalog Tag Tujuan;
Goal Types;;no;yes;no;;Goal Types;;Jenis Tujuan;
Goal achievement;;no;yes;no;;Goal achievement;;Pencapaian tujuan;
Goal alignment;;no;yes;no;;Goal alignment;;Penyelarasan tujuan;
Goal creator;;no;yes;no;;Goal creator;;Pembuat tujuan;
Goal details;;no;yes;no;;Goal details;;Detail tujuan;
Goal name;;no;yes;no;;Goal name;;Nama tujuan;
Goal overview;;no;yes;no;;Goal overview;;Gambaran umum tujuan;
Goal owner;;no;yes;no;;Goal owner;;Pemilik tujuan;
Goal owner worker ID;;no;yes;no;;Goal owner worker ID;;ID pekerja pemilik sasaran;
Goal period;;no;yes;no;;Goal period;;Periode tujuan;
Goal plan;;no;yes;no;;Goal plan;;Rencana tujuan;
Goal plans;;no;yes;no;;Goal plans;;Rencana tujuan;
Goal priority;;no;yes;no;;Goal priority;;Prioritas tujuan;
Goal progress;;no;yes;no;;Goal progress;;Progres tujuan;
Goal status;;no;yes;no;;Goal status;;Status tujuan;
Goal tags;;no;yes;no;;Goal tags;;Tag tujuan;
Goal title;;no;yes;no;;Goal title;;Judul tujuan;
Goal tracking status;;no;yes;no;;Goal tracking status;;Status pelacakan tujuan;
Goal type;;no;yes;no;;Goal type;;Jenis tujuan;
Goal type weight;;no;yes;no;;Goal type weight;;Bobot jenis tujuan;
Goal types;;no;yes;no;;Goal types;;Jenis tujuan;
Goal weight;;no;yes;no;;Goal weight;;Berat tujuan;
Goal workflow;;no;yes;no;;Goal workflow;;Alur kerja tujuan;
Goals;;no;yes;no;;Goals;;Tujuan;
Goals aligned with this goal;;no;yes;no;;Goals aligned with this goal;;Tujuan yang selaras dengan tujuan ini;
Grade;;no;yes;no;;Grade;;Nilai;
Grant date;;no;yes;no;;Grant date;;Tanggal pemberian;
Grant proxy access;;no;yes;no;;Grant proxy access;;Berikan akses proksi;
Grants;;no;yes;no;;Grants;;Hibah;
Greater than;;no;yes;no;;Greater than;;Lebih dari;
Greater than or equal to;;no;yes;no;;Greater than or equal to;;Lebih besar dari atau sama dengan;
Group name;;no;yes;no;;Group name;;Nama grup;
Groups;;no;yes;no;;Groups;;Grup;
Guaranteed amount;;no;yes;no;;Guaranteed amount;;Jumlah yang dijamin;
Guaranteed amount rule;;no;yes;no;;Guaranteed amount rule;;Aturan jumlah yang dijamin;
Guaranteed amounts;;no;yes;no;;Guaranteed amounts;;Jumlah yang dijamin;
Guideline;;no;yes;no;;Guideline;;Panduan;
Guidelines;;no;yes;no;;Guidelines;;Pedoman;
HRBP approval;;no;yes;no;;HRBP approval;;Persetujuan HRBP;
HRBP review;;no;yes;no;;HRBP review;;Ulasan HRBP;
Help;;no;yes;no;;Help;;Bantuan;
Help tip;;no;yes;no;;Help tip;;Tips bantuan;
Helpful;;no;yes;no;;Helpful;;Bermanfaat;
Hide;;no;yes;no;;Hide;;Sembunyikan;
Hierarchy;;no;yes;no;;Hierarchy;;Hierarki;
High;;no;yes;no;;High;;Tinggi;
Historical Reviews;;no;yes;no;;Historical Reviews;;Riwayat Ulasan;
Historical compensation;;no;yes;no;;Historical compensation;;Kompensasi historis;
Home;;no;yes;no;;Home;;Beranda;
Identifier;;no;yes;no;;Identifier;;Pengenal;
Image;;no;yes;no;;Image;;Gambar;
Import;;no;yes;no;;Import;;Impor;
In progress;;no;yes;no;;In progress;;Sedang berlangsung;
In use;;no;yes;no;;In use;;Sedang digunakan;
Inactive;;no;yes;no;;Inactive;;Tidak aktif;
Include;;no;yes;no;;Include;;Termasuk;
Included;;no;yes;no;;Included;;Termasuk;
Individual;;no;yes;no;;Individual;;Individu;
Individual goal;;no;yes;no;;Individual goal;;Tujuan individu;
Individual goals;;no;yes;no;;Individual goals;;Tujuan individu;
Individual view;;no;yes;no;;Individual view;;Tampilan individu;
Individual workers;;no;yes;no;;Individual workers;;Pekerja individu;
Individuals;;no;yes;no;;Individuals;;Individu;
Ingestion;;no;yes;no;;Ingestion;;Pengambilan data;
Insightful;;no;yes;no;;Insightful;;Penuh wawasan;
Insights;;no;yes;no;;Insights;;Wawasan;
Inspiring;;no;yes;no;;Inspiring;;Menginspirasi;
Instant messaging address;;no;yes;no;;Instant messaging address;;Alamat pesan instan;
Integer;;no;yes;no;;Integer;;Bilangan bulat;
Interface;;no;yes;no;;Interface;;Antarmuka;
Is PII;;no;yes;no;;Is PII;;PII;
Is completed;;no;yes;no;;Is completed;;Diselesaikan;
Is enabled;;no;yes;no;;Is enabled;;Diaktifkan;
Is read;;no;yes;no;;Is read;;Sudah dibaca;
Is required;;no;yes;no;;Is required;;Wajib diisi;
Job code;;no;yes;no;;Job code;;Kode pekerjaan;
Job level;;no;yes;no;;Job level;;Tingkat jabatan;
Job title;;no;yes;no;;Job title;;Judul pekerjaan;
Key dates;;no;yes;no;;Key dates;;Tanggal penting;
Key deliverables;;no;yes;no;;Key deliverables;;Hasil kerja utama;
Language;;no;yes;no;;Language;;Bahasa;
Language code;;no;yes;no;;Language code;;Kode bahasa;
Languages;;no;yes;no;;Languages;;Bahasa;
Last edited;;no;yes;no;;Last edited;;Terakhir diedit;
Last update;;no;yes;no;;Last update;;Pembaruan terakhir;
Last updated;;no;yes;no;;Last updated;;Terakhir diperbarui;
Learning;;no;yes;no;;Learning;;Pembelajaran;
Leave of absence;;no;yes;no;;Leave of absence;;Cuti;
Legal Entity;;no;yes;no;;Legal Entity;;Entitas Hukum;
Legal entity;;no;yes;no;;Legal entity;;Badan hukum;
Less than;;no;yes;no;;Less than;;Kurang dari;
Less than or equal to;;no;yes;no;;Less than or equal to;;Kurang dari atau sama dengan;
Let's meet;;no;yes;no;;Let's meet;;Mari bertemu;
Library details;;no;yes;no;;Library details;;Detail katalog;
Library name;;no;yes;no;;Library name;;Nama katalog;
Limit;;no;yes;no;;Limit;;Batas;
Line manager;;no;yes;no;;Line manager;;Atasan langsung;
Linear curve;;no;yes;no;;Linear curve;;Kurva linier;
Link;;no;yes;no;;Link;;Tautan;
Local time;;no;yes;no;;Local time;;Waktu lokal;
Local worker category;;no;yes;no;;Local worker category;;Kategori pekerja lokal;
Localization;;no;yes;no;;Localization;;Lokalisasi;
Location;;no;yes;no;;Location;;Lokasi;
Locations;;no;yes;no;;Locations;;Lokasi;
Logins;;no;yes;no;;Logins;;Login;
Logins over time;;no;yes;no;;Logins over time;;Login dari waktu ke waktu;
Logout;;no;yes;no;;Logout;;Keluar;
Low;;no;yes;no;;Low;;Rendah;
Main;;no;yes;no;;Main;;Utama;
Main currency;;no;yes;no;;Main currency;;Mata uang utama;
Main group;;no;yes;no;;Main group;;Grup utama;
Manage;;no;yes;no;;Manage;;Kelola;
Manage users;;no;yes;no;;Manage users;;Kelola pengguna;
Manager;;no;yes;no;;Manager;;Manajer;
Manager + 1;;no;yes;no;;Manager + 1;;Manajer + 1;
Manager ID;;no;yes;no;;Manager ID;;ID Manajer;
Manager feedback;;no;yes;no;;Manager feedback;;Umpan balik manajer;
Manager name;;no;yes;no;;Manager name;;Nama manajer;
Manager proposal;;no;yes;no;;Manager proposal;;Usulan manajer;
Manager review;;no;yes;no;;Manager review;;Ulasan manajer;
Manager+1;;no;yes;no;;Manager+1;;Manajer+1;
Managers;;no;yes;no;;Managers;;Manajer;
Mandatory;;no;yes;no;;Mandatory;;Wajib;
Manually;;no;yes;no;;Manually;;Secara manual;
Mapping configuration;;no;yes;no;;Mapping configuration;;Konfigurasi pemetaan;
Max target;;no;yes;no;;Max target;;Target maksimum;
Max. score;;no;yes;no;;Max. score;;Skor maks.;
Maximum;;no;yes;no;;Maximum;;Maksimum;
Maximum outcome;;no;yes;no;;Maximum outcome;;Hasil maksimum;
Maximum payout;;no;yes;no;;Maximum payout;;Pembayaran maksimum;
Measurement;;no;yes;no;;Measurement;;Pengukuran;
Measurement criteria;;no;yes;no;;Measurement criteria;;Kriteria pengukuran;
Medium;;no;yes;no;;Medium;;Sedang;
Message;;no;yes;no;;Message;;Pesan;
Min target;;no;yes;no;;Min target;;Target minimum;
Minimum outcome;;no;yes;no;;Minimum outcome;;Hasil minimum;
Model description;;no;yes;no;;Model description;;Deskripsi model;
Model details;;no;yes;no;;Model details;;Detail model;
Model features;;no;yes;no;;Model features;;Fitur model;
Model name;;no;yes;no;;Model name;;Nama model;
Model type;;no;yes;no;;Model type;;Jenis model;
Models;;no;yes;no;;Models;;Model;
Moderation;;no;yes;no;;Moderation;;Moderasi;
Moderation stage;;no;yes;no;;Moderation stage;;Tahap moderasi;
Month;;no;yes;no;;Month;;Bulan;
Months;;no;yes;no;;Months;;Bulan;
More;;no;yes;no;;More;;Lebih lanjut;
More details;;no;yes;no;;More details;;Detail lebih lanjut;
Move reviews;;no;yes;no;;Move reviews;;Pindahkan ulasan;
Multiple;;no;yes;no;;Multiple;;Beberapa;
My behavior profile;;no;yes;no;;My behavior profile;;Profil perilaku saya;
My feedback;;no;yes;no;;My feedback;;Umpan balik saya;
My goal;;no;yes;no;;My goal;;Tujuan saya;
My goals;;no;yes;no;;My goals;;Tujuan saya;
My note;;no;yes;no;;My note;;Catatan saya;
My review;;no;yes;no;;My review;;Ulasan saya;
My reviews;;no;yes;no;;My reviews;;Ulasan saya;
Name;;no;yes;no;;Name;;Nama;
New manager;;no;yes;no;;New manager;;Manajer baru;
New password;;no;yes;no;;New password;;Kata sandi baru;
Next;;no;yes;no;;Next;;Berikutnya;
Next step;;no;yes;no;;Next step;;Langkah selanjutnya;
Nickname;;no;yes;no;;Nickname;;Nama panggilan;
No career development plans;;no;yes;no;;No career development plans;;Tidak ada rencana pengembangan karier;
No check-ins;;no;yes;no;;No check-ins;;Tidak ada check-in;
No comments yet;;no;yes;no;;No comments yet;;Belum ada komentar;
No compensation rounds;;no;yes;no;;No compensation rounds;;Tidak ada putaran kompensasi;
No data;;no;yes;no;;No data;;Tidak ada data;
No description;;no;yes;no;;No description;;Tidak ada deskripsi;
No documents;;no;yes;no;;No documents;;Tidak ada dokumen;
No feedback;;no;yes;no;;No feedback;;Tidak ada umpan balik;
No goals;;no;yes;no;;No goals;;Tidak ada tujuan;
No goals yet;;no;yes;no;;No goals yet;;Belum ada tujuan;
No messages yet;;no;yes;no;;No messages yet;;Belum ada pesan;
No notes;;no;yes;no;;No notes;;Tidak ada catatan;
No populations;;no;yes;no;;No populations;;Tidak ada populasi;
No populations yet;;no;yes;no;;No populations yet;;Belum ada populasi;
No priority;;no;yes;no;;No priority;;Tidak ada prioritas;
No questions;;no;yes;no;;No questions;;Tidak ada pertanyaan;
No results;;no;yes;no;;No results;;Tidak ada hasil;
No results found;;no;yes;no;;No results found;;Tidak ada hasil yang ditemukan;
No value;;no;yes;no;;No value;;Tidak ada nilai;
Non-conditional;;no;yes;no;;Non-conditional;;Non-kondisional;
None;;no;yes;no;;None;;Tidak ada;
Not completed;;no;yes;no;;Not completed;;Belum selesai;
Not empty;;no;yes;no;;Not empty;;Tidak kosong;
Not released;;no;yes;no;;Not released;;Belum dirilis;
Not selected;;no;yes;no;;Not selected;;Tidak dipilih;
Not started;;no;yes;no;;Not started;;Belum dimulai;
Not submitted;;no;yes;no;;Not submitted;;Belum dikirim;
Note;;no;yes;no;;Note;;Catatan;
Notes;;no;yes;no;;Notes;;Catatan;
Notification bell;;no;yes;no;;Notification bell;;Lonceng notifikasi;
Notifications;;no;yes;no;;Notifications;;Notifikasi;
Nudge;;no;yes;no;;Nudge;;Dorongan;
Number;;no;yes;no;;Number;;Nomor;
Number of days;;no;yes;no;;Number of days;;Jumlah hari;
Number of years;;no;yes;no;;Number of years;;Jumlah tahun;
Numeric;;no;yes;no;;Numeric;;Numerik;
Observations;;no;yes;no;;Observations;;Observasi;
On track;;no;yes;no;;On track;;Sesuai rencana;
Open;;no;yes;no;;Open;;Buka;
Optional;;no;yes;no;;Optional;;Opsional;
Organization;;no;yes;no;;Organization;;Organisasi;
Organization external ID;;no;yes;no;;Organization external ID;;ID eksternal organisasi;
Organizational;;no;yes;no;;Organizational;;Organisasi;
Organizational Units;;no;yes;no;;Organizational Units;;Unit organisasi;
Organizational goal;;no;yes;no;;Organizational goal;;Tujuan organisasi;
Organizational unit;;no;yes;no;;Organizational unit;;Unit organisasi;
Other;;no;yes;no;;Other;;Lainnya;
Outcome;;no;yes;no;;Outcome;;Hasil;
Outlook;;no;yes;no;;Outlook;;Prospek;
Overall behavior rating;;no;yes;no;;Overall behavior rating;;Penilaian perilaku secara keseluruhan;
Overall performance;;no;yes;no;;Overall performance;;Kinerja keseluruhan;
Overall performance rating;;no;yes;no;;Overall performance rating;;Penilaian kinerja keseluruhan;
Overall progress;;no;yes;no;;Overall progress;;Progres keseluruhan;
Overdue;;no;yes;no;;Overdue;;Terlambat;
Overview;;no;yes;no;;Overview;;Gambaran umum;
Owner;;no;yes;no;;Owner;;Pemilik;
Owners;;no;yes;no;;Owners;;Pemilik;
Participant;;no;yes;no;;Participant;;Peserta;
Participants;;no;yes;no;;Participants;;Peserta;
Passport;;no;yes;no;;Passport;;Paspor;
Password;;no;yes;no;;Password;;Kata sandi;
Past;;no;yes;no;;Past;;Masa Lalu;
Pay Analysis;;no;yes;no;;Pay Analysis;;Analisis Gaji;
Pay Information;;no;yes;no;;Pay Information;;Informasi Gaji;
Pay Intelligence;;no;yes;no;;Pay Intelligence;;Efisiensi Pembayaran;
Pay Transparency;;no;yes;no;;Pay Transparency;;Transparansi Gaji;
Pay analysis;;no;yes;no;;Pay analysis;;Analisis gaji;
Pay information;;no;yes;no;;Pay information;;Informasi gaji;
Pay information requests;;no;yes;no;;Pay information requests;;Permintaan informasi pembayaran;
Pay range;;no;yes;no;;Pay range;;Rentang gaji;
Payout;;no;yes;no;;Payout;;Pembayaran;
Payout Curves;;no;yes;no;;Payout Curves;;Kurva Pembayaran;
Payout curve;;no;yes;no;;Payout curve;;Kurva pembayaran;
Payout curves;;no;yes;no;;Payout curves;;Kurva pembayaran;
Payroll;;no;yes;no;;Payroll;;Penggajian;
Payroll data drop;;no;yes;no;;Payroll data drop;;Penurunan data penggajian;
Peers;;no;yes;no;;Peers;;Rekan kerja;
Pending;;no;yes;no;;Pending;;Tertunda;
Pending approval;;no;yes;no;;Pending approval;;Menunggu persetujuan;
Pending confirmation;;no;yes;no;;Pending confirmation;;Menunggu konfirmasi;
Pending draft;;no;yes;no;;Pending draft;;Draf tertunda;
Pending publishing;;no;yes;no;;Pending publishing;;Menunggu publikasi;
Pending sign-off;;no;yes;no;;Pending sign-off;;Menunggu persetujuan;
People;;no;yes;no;;People;;Orang;
People day;;no;yes;no;;People day;;Hari orang;
Percentage;;no;yes;no;;Percentage;;Persentase;
Performance;;no;yes;no;;Performance;;Kinerja;
Performance Management;;no;yes;no;;Performance Management;;Manajemen Kinerja;
Performance Reviews;;no;yes;no;;Performance Reviews;;Evaluasi Kinerja;
Performance check-ins;;no;yes;no;;Performance check-ins;;Check-in kinerja;
Performance rating;;no;yes;no;;Performance rating;;Penilaian kinerja;
Performance review;;no;yes;no;;Performance review;;Evaluasi kinerja;
Performance review details;;no;yes;no;;Performance review details;;Detail ulasan kinerja;
Performance review templates;;no;yes;no;;Performance review templates;;Templat ulasan kinerja;
Period;;no;yes;no;;Period;;Periode;
Period start date;;no;yes;no;;Period start date;;Tanggal mulai periode;
Personal;;no;yes;no;;Personal;;Pribadi;
Personally identifiable information;;no;yes;no;;Personally identifiable information;;Informasi yang dapat diidentifikasi secara pribadi;
Phone number;;no;yes;no;;Phone number;;Nomor telepon;
Plan;;no;yes;no;;Plan;;Rencana;
Plan details;;no;yes;no;;Plan details;;Detail rencana;
Plan name;;no;yes;no;;Plan name;;Nama rencana;
Plan stage;;no;yes;no;;Plan stage;;Tahap perencanaan;
Plan transmission;;no;yes;no;;Plan transmission;;Transmisi rencana;
Planner;;no;yes;no;;Planner;;Perencana;
Plans;;no;yes;no;;Plans;;Rencana;
Population;;no;yes;no;;Population;;Populasi;
Population criteria;;no;yes;no;;Population criteria;;Kriteria populasi;
Populations;;no;yes;no;;Populations;;Populasi;
Position in pay range;;no;yes;no;;Position in pay range;;Posisi dalam rentang gaji;
Preview;;no;yes;no;;Preview;;Pratinjau;
Preview document;;no;yes;no;;Preview document;;Pratinjau dokumen;
Previous;;no;yes;no;;Previous;;Sebelumnya;
Priority;;no;yes;no;;Priority;;Prioritas;
Privacy;;no;yes;no;;Privacy;;Privasi;
Privacy settings;;no;yes;no;;Privacy settings;;Pengaturan privasi;
Privacy statement text;;no;yes;no;;Privacy statement text;;Teks pernyataan privasi;
Private;;no;yes;no;;Private;;Pribadi;
Proceed;;no;yes;no;;Proceed;;Lanjutkan;
Processing;;no;yes;no;;Processing;;Memproses;
Professional;;no;yes;no;;Professional;;Profesional;
Progress;;no;yes;no;;Progress;;Progres;
Progress tracking;;no;yes;no;;Progress tracking;;Pelacakan progres;
Properties;;no;yes;no;;Properties;;Properti;
Proposal management;;no;yes;no;;Proposal management;;Manajemen proposal;
Prorated target bonus;;no;yes;no;;Prorated target bonus;;Target bonus prorata;
Proxy access list;;no;yes;no;;Proxy access list;;Daftar akses proxy;
Proxy permission;;no;yes;no;;Proxy permission;;Izin proksi;
Public;;no;yes;no;;Public;;Publik;
Public feedback;;no;yes;no;;Public feedback;;Umpan balik publik;
Publish;;no;yes;no;;Publish;;Publikasikan;
Published;;no;yes;no;;Published;;Dipublikasikan;
Published date;;no;yes;no;;Published date;;Tanggal publikasi;
Publishing;;no;yes;no;;Publishing;;Penerbitan;
Purpose;;no;yes;no;;Purpose;;Tujuan;
Question;;no;yes;no;;Question;;Pertanyaan;
Questions;;no;yes;no;;Questions;;Pertanyaan;
RTI request status;;no;yes;no;;RTI request status;;Status permintaan RTI;
Range;;no;yes;no;;Range;;Rentang;
Rate this feedback;;no;yes;no;;Rate this feedback;;Beri nilai umpan balik ini;
Rating;;no;yes;no;;Rating;;Penilaian;
Rating changed;;no;yes;no;;Rating changed;;Peringkat diubah;
Rating distribution;;no;yes;no;;Rating distribution;;Distribusi rating;
Rating scale;;no;yes;no;;Rating scale;;Skala penilaian;
Rating scales;;no;yes;no;;Rating scales;;Skala penilaian;
Read;;no;yes;no;;Read;;Baca;
Read only;;no;yes;no;;Read only;;Hanya baca;
Read status;;no;yes;no;;Read status;;Status baca;
Read-only;;no;yes;no;;Read-only;;Hanya-baca;
Ready;;no;yes;no;;Ready;;Siap;
Reassign;;no;yes;no;;Reassign;;Alihkan penugasan;
Reassign manager;;no;yes;no;;Reassign manager;;Tugaskan ulang manajer;
Reassigned;;no;yes;no;;Reassigned;;Dipindahkan;
Received;;no;yes;no;;Received;;Diterima;
Received behaviors;;no;yes;no;;Received behaviors;;Perilaku yang diterima;
Received feedback;;no;yes;no;;Received feedback;;Umpan balik diterima;
Recipient;;no;yes;no;;Recipient;;Penerima;
Recipients;;no;yes;no;;Recipients;;Penerima;
Recognition;;no;yes;no;;Recognition;;Pengakuan;
Recognized behaviors;;no;yes;no;;Recognized behaviors;;Perilaku yang diakui;
Recommended;;no;yes;no;;Recommended;;Disarankan;
Recurrence;;no;yes;no;;Recurrence;;Pengulangan;
Recurring;;no;yes;no;;Recurring;;Berulang;
Reference number;;no;yes;no;;Reference number;;Nomor referensi;
Refresh;;no;yes;no;;Refresh;;Muat Ulang;
Region;;no;yes;no;;Region;;Wilayah;
Regular;;no;yes;no;;Regular;;Reguler;
Regular check-ins;;no;yes;no;;Regular check-ins;;Check-in rutin;
Reject;;no;yes;no;;Reject;;Tolak;
Rejected;;no;yes;no;;Rejected;;Ditolak;
Relation;;no;yes;no;;Relation;;Relasi;
Release;;no;yes;no;;Release;;Rilis;
Release status;;no;yes;no;;Release status;;Status rilis;
Released;;no;yes;no;;Released;;Dirilis;
Remaining;;no;yes;no;;Remaining;;Sisa;
Reminder name;;no;yes;no;;Reminder name;;Nama pengingat;
Reminders;;no;yes;no;;Reminders;;Pengingat;
Remove;;no;yes;no;;Remove;;Hapus;
Remove all;;no;yes;no;;Remove all;;Hapus semua;
Rename;;no;yes;no;;Rename;;Ganti nama;
Reopen;;no;yes;no;;Reopen;;Buka kembali;
Reopen reviews;;no;yes;no;;Reopen reviews;;Buka kembali ulasan;
Reopened;;no;yes;no;;Reopened;;Dibuka kembali;
Reply rate;;no;yes;no;;Reply rate;;Tingkat balasan;
Reports;;no;yes;no;;Reports;;Laporan;
Republish;;no;yes;no;;Republish;;Publikasi ulang;
Republished round;;no;yes;no;;Republished round;;Tahapan diterbitkan ulang;
Request;;no;yes;no;;Request;;Permintaan;
Request ID;;no;yes;no;;Request ID;;ID Permintaan;
Request date;;no;yes;no;;Request date;;Tanggal permintaan;
Request details;;no;yes;no;;Request details;;Detail permintaan;
Request feedback;;no;yes;no;;Request feedback;;Minta umpan balik;
Request feedback from;;no;yes;no;;Request feedback from;;Minta umpan balik dari;
Request feedback now;;no;yes;no;;Request feedback now;;Minta umpan balik sekarang;
Request feedback on;;no;yes;no;;Request feedback on;;Minta umpan balik tentang;
Request pay information;;no;yes;no;;Request pay information;;Minta informasi gaji;
Request status;;no;yes;no;;Request status;;Status permintaan;
Requested;;no;yes;no;;Requested;;Diminta;
Requested feedback;;no;yes;no;;Requested feedback;;Umpan balik yang diminta;
Requests;;no;yes;no;;Requests;;Permintaan;
Requests about my team;;no;yes;no;;Requests about my team;;Permintaan tentang tim saya;
Required;;no;yes;no;;Required;;Diperlukan;
Resources;;no;yes;no;;Resources;;Sumber daya;
Response permission;;no;yes;no;;Response permission;;Izin respons;
Resubmit;;no;yes;no;;Resubmit;;Kirim ulang;
Result;;no;yes;no;;Result;;Hasil;
Review;;no;yes;no;;Review;;Ulasan;
Review Details;;no;yes;no;;Review Details;;Detail Tinjauan;
Review Status;;no;yes;no;;Review Status;;Status Tinjauan;
Review about;;no;yes;no;;Review about;;Ulasan tentang;
Review challenge;;no;yes;no;;Review challenge;;Tinjau tantangan;
Review name;;no;yes;no;;Review name;;Nama tinjauan;
Review rating;;no;yes;no;;Review rating;;Peringkat ulasan;
Review rating distribution;;no;yes;no;;Review rating distribution;;Distribusi rating tinjauan;
Review settings;;no;yes;no;;Review settings;;Pengaturan ulasan;
Review stage;;no;yes;no;;Review stage;;Tahap peninjauan;
Review stages;;no;yes;no;;Review stages;;Tahap evaluasi;
Review status;;no;yes;no;;Review status;;Status peninjauan;
Review type;;no;yes;no;;Review type;;Jenis tinjauan;
Reviews;;no;yes;no;;Reviews;;Ulasan;
Role;;no;yes;no;;Role;;Jabatan;
Roles;;no;yes;no;;Roles;;Jabatan;
Round;;no;yes;no;;Round;;Tahapan;
Round code;;no;yes;no;;Round code;;Kode tahapan;
Round details;;no;yes;no;;Round details;;Detail tahapan;
Round reminders;;no;yes;no;;Round reminders;;Pengingat putaran;
Round republished;;no;yes;no;;Round republished;;Putaran diterbitkan ulang;
Round type;;no;yes;no;;Round type;;Jenis ronde;
Round visibility;;no;yes;no;;Round visibility;;Visibilitas tahapan;
Rule configuration;;no;yes;no;;Rule configuration;;Konfigurasi aturan;
Rule details;;no;yes;no;;Rule details;;Detail aturan;
Rule name;;no;yes;no;;Rule name;;Nama aturan;
Rules;;no;yes;no;;Rules;;Aturan;
Salary;;no;yes;no;;Salary;;Gaji;
Salary configuration;;no;yes;no;;Salary configuration;;Konfigurasi gaji;
Save;;no;yes;no;;Save;;Simpan;
Save & exit;;no;yes;no;;Save & exit;;Simpan & keluar;
Scale;;no;yes;no;;Scale;;Skala;
Search;;no;yes;no;;Search;;Cari;
Search by name;;no;yes;no;;Search by name;;Cari berdasarkan nama;
Search by name or code;;no;yes;no;;Search by name or code;;Cari berdasarkan nama atau kode;
Search for a person;;no;yes;no;;Search for a person;;Cari seseorang;
Search for a worker;;no;yes;no;;Search for a worker;;Cari pekerja;
Search for workers;;no;yes;no;;Search for workers;;Cari pekerja;
Secondary email;;no;yes;no;;Secondary email;;Email sekunder;
Secondary email address;;no;yes;no;;Secondary email address;;Alamat email sekunder;
Secondary hierarchy;;no;yes;no;;Secondary hierarchy;;Hierarki sekunder;
Section header;;no;yes;no;;Section header;;Judul bagian;
Security;;no;yes;no;;Security;;Keamanan;
Security group;;no;yes;no;;Security group;;Grup keamanan;
See all;;no;yes;no;;See all;;Lihat semua;
Select;;no;yes;no;;Select;;Pilih;
Select all;;no;yes;no;;Select all;;Pilih semua;
Select an option;;no;yes;no;;Select an option;;Pilih opsi;
Select communication round;;no;yes;no;;Select communication round;;Pilih putaran komunikasi;
Select data model;;no;yes;no;;Select data model;;Pilih model data;
Select entity;;no;yes;no;;Select entity;;Pilih entitas;
Select filters;;no;yes;no;;Select filters;;Pilih filter;
Select goal;;no;yes;no;;Select goal;;Pilih tujuan;
Select owners;;no;yes;no;;Select owners;;Pilih pemilik;
Select population;;no;yes;no;;Select population;;Pilih populasi;
Select the compensation element;;no;yes;no;;Select the compensation element;;Pilih elemen kompensasi;
Select type;;no;yes;no;;Select type;;Pilih tipe;
Selected;;no;yes;no;;Selected;;Dipilih;
Selected column;;no;yes;no;;Selected column;;Kolom yang dipilih;
Selected fields;;no;yes;no;;Selected fields;;Bidang yang dipilih;
Selected items;;no;yes;no;;Selected items;;Item yang dipilih;
Selected population;;no;yes;no;;Selected population;;Populasi yang dipilih;
Self;;no;yes;no;;Self;;Mandiri;
Self-assessment;;no;yes;no;;Self-assessment;;Penilaian diri;
Self-review;;no;yes;no;;Self-review;;Evaluasi mandiri;
Send;;no;yes;no;;Send;;Kirim;
Send feedback;;no;yes;no;;Send feedback;;Kirim masukan;
Send to Documents;;no;yes;no;;Send to Documents;;Kirim ke Dokumen;
Sender;;no;yes;no;;Sender;;Pengirim;
Sensitive Content;;no;yes;no;;Sensitive Content;;Konten Sensitif;
Sent;;no;yes;no;;Sent;;Terkirim;
Sent behaviors;;no;yes;no;;Sent behaviors;;Perilaku yang dikirim;
Sent feedback;;no;yes;no;;Sent feedback;;Umpan balik terkirim;
Sent to;;no;yes;no;;Sent to;;Dikirim ke;
Separator;;no;yes;no;;Separator;;Pemisah;
Session timeout;;no;yes;no;;Session timeout;;Batas waktu sesi;
Settings;;no;yes;no;;Settings;;Pengaturan;
Setup;;no;yes;no;;Setup;;Pengaturan;
Share;;no;yes;no;;Share;;Bagikan;
Share feedback;;no;yes;no;;Share feedback;;Bagikan umpan balik;
Share this feedback;;no;yes;no;;Share this feedback;;Bagikan umpan balik ini;
Share with;;no;yes;no;;Share with;;Bagikan dengan;
Share your insights;;no;yes;no;;Share your insights;;Bagikan wawasan Anda;
Share your thoughts;;no;yes;no;;Share your thoughts;;Bagikan pendapat Anda;
Shared;;no;yes;no;;Shared;;Dibagikan;
Shared feedback;;no;yes;no;;Shared feedback;;Umpan balik bersama;
Shared goals;;no;yes;no;;Shared goals;;Tujuan bersama;
Shared with;;no;yes;no;;Shared with;;Dibagikan dengan;
Shared with me;;no;yes;no;;Shared with me;;Dibagikan dengan saya;
Sharing;;no;yes;no;;Sharing;;Berbagi;
Short;;no;yes;no;;Short;;Pendek;
Show;;no;yes;no;;Show;;Tampilkan;
Show all;;no;yes;no;;Show all;;Tampilkan semua;
Since request;;no;yes;no;;Since request;;Sejak permintaan;
Situation;;no;yes;no;;Situation;;Situasi;
Situations;;no;yes;no;;Situations;;Situasi;
Skill & Competency Groups;;no;yes;no;;Skill & Competency Groups;;Grup Keterampilan & Kompetensi;
Skill & competency groups;;no;yes;no;;Skill & competency groups;;Grup keterampilan & kompetensi;
Skills;;no;yes;no;;Skills;;Keterampilan;
Skills & competency groups;;no;yes;no;;Skills & competency groups;;Kelompok keterampilan & kompetensi;
Snapshot Manager;;no;yes;no;;Snapshot Manager;;Manajer Snapshot;
Snapshot details;;no;yes;no;;Snapshot details;;Detail snapshot;
Snapshots;;no;yes;no;;Snapshots;;Cuplikan;
Source;;no;yes;no;;Source;;Sumber;
Stage;;no;yes;no;;Stage;;Tahapan;
Standard;;no;yes;no;;Standard;;Standar;
Start;;no;yes;no;;Start;;Mulai;
Start date;;no;yes;no;;Start date;;Tanggal mulai;
Start date in company;;no;yes;no;;Start date in company;;Tanggal mulai di perusahaan;
Start time;;no;yes;no;;Start time;;Waktu mulai;
State;;no;yes;no;;State;;Negara Bagian;
Statement generation;;no;yes;no;;Statement generation;;Pembuatan pernyataan;
Statements;;no;yes;no;;Statements;;Pernyataan;
Status by org. level;;no;yes;no;;Status by org. level;;Status berdasarkan level organisasi;
Step curve;;no;yes;no;;Step curve;;Kurva transisi;
Step end date;;no;yes;no;;Step end date;;Tanggal akhir langkah;
Stock;;no;yes;no;;Stock;;Saham;
Street address;;no;yes;no;;Street address;;Alamat jalan;
Subgroups;;no;yes;no;;Subgroups;;Subkelompok;
Subject;;no;yes;no;;Subject;;Subjek;
Submit;;no;yes;no;;Submit;;Kirim;
Submit to manager;;no;yes;no;;Submit to manager;;Kirim ke manajer;
Submitted;;no;yes;no;;Submitted;;Dikirimkan;
Success;;no;yes;no;;Success;;Berhasil;
Suggested agenda;;no;yes;no;;Suggested agenda;;Agenda yang disarankan;
Sum;;no;yes;no;;Sum;;Jumlah;
Summary;;no;yes;no;;Summary;;Ringkasan;
System;;no;yes;no;;System;;Sistem;
System populations;;no;yes;no;;System populations;;Populasi sistem;
Tag library;;no;yes;no;;Tag library;;Katalog tag;
Tags;;no;yes;no;;Tags;;Tag;
Talent Review;;no;yes;no;;Talent Review;;Peninjauan Talenta;
Target bonus;;no;yes;no;;Target bonus;;Bonus target;
Target budget;;no;yes;no;;Target budget;;Anggaran target;
Team;;no;yes;no;;Team;;Tim;
Team planner view;;no;yes;no;;Team planner view;;Tampilan perencana tim;
Team requests;;no;yes;no;;Team requests;;Permintaan tim;
Template;;no;yes;no;;Template;;Templat;
Template document;;no;yes;no;;Template document;;Dokumen template;
Template widget settings;;no;yes;no;;Template widget settings;;Pengaturan widget templat;
Templates;;no;yes;no;;Templates;;Templat;
Text field;;no;yes;no;;Text field;;Kolom teks;
Thanks;;no;yes;no;;Thanks;;Terima kasih;
Then;;no;yes;no;;Then;;Lalu;
Time in role;;no;yes;no;;Time in role;;Waktu dalam peran;
Time zone;;no;yes;no;;Time zone;;Zona waktu;
Timeline;;no;yes;no;;Timeline;;Lini masa;
Title;;no;yes;no;;Title;;Judul;
Today;;no;yes;no;;Today;;Hari ini;
Toggle;;no;yes;no;;Toggle;;Alihkan;
Total behaviors;;no;yes;no;;Total behaviors;;Total perilaku;
Total compensation;;no;yes;no;;Total compensation;;Total kompensasi;
Total entities;;no;yes;no;;Total entities;;Total entitas;
Total goals;;no;yes;no;;Total goals;;Total gol;
Total reviews;;no;yes;no;;Total reviews;;Total ulasan;
Total score;;no;yes;no;;Total score;;Skor total;
Total workers;;no;yes;no;;Total workers;;Total pekerja;
Tracking;;no;yes;no;;Tracking;;Pelacakan;
Tracking status;;no;yes;no;;Tracking status;;Status pelacakan;
Training data;;no;yes;no;;Training data;;Data pelatihan;
Trend;;no;yes;no;;Trend;;Tren;
True;;no;yes;no;;True;;Benar;
Trust;;no;yes;no;;Trust;;Kepercayaan;
Try again;;no;yes;no;;Try again;;Coba lagi;
Type;;no;yes;no;;Type;;Tipe;
Type part of a name;;no;yes;no;;Type part of a name;;Ketik sebagian nama;
Type weight;;no;yes;no;;Type weight;;Ketik berat;
Type your message here;;no;yes;no;;Type your message here;;Ketik pesan Anda di sini;
Types;;no;yes;no;;Types;;Jenis;
Unavailable;;no;yes;no;;Unavailable;;Tidak tersedia;
Unclear;;no;yes;no;;Unclear;;Tidak jelas;
Under review;;no;yes;no;;Under review;;Sedang ditinjau;
Unexpected error;;no;yes;no;;Unexpected error;;Kesalahan tak terduga;
Unhelpful;;no;yes;no;;Unhelpful;;Tidak membantu;
Unique logins;;no;yes;no;;Unique logins;;Login unik;
Unrated;;no;yes;no;;Unrated;;Belum dinilai;
Unrelease;;no;yes;no;;Unrelease;;Batalkan rilis;
Unreleased;;no;yes;no;;Unreleased;;Belum dirilis;
Unsaved changes;;no;yes;no;;Unsaved changes;;Perubahan belum disimpan;
Unselect all;;no;yes;no;;Unselect all;;Batalkan semua pilihan;
Upcoming;;no;yes;no;;Upcoming;;Mendatang;
Upcoming check-ins;;no;yes;no;;Upcoming check-ins;;Check-in mendatang;
Update;;no;yes;no;;Update;;Perbarui;
Updated;;no;yes;no;;Updated;;Diperbarui;
Updated by;;no;yes;no;;Updated by;;Diperbarui oleh;
Upload;;no;yes;no;;Upload;;Unggah;
Upload behavior;;no;yes;no;;Upload behavior;;Unggah perilaku;
Upload file;;no;yes;no;;Upload file;;Unggah file;
Upload the completed file;;no;yes;no;;Upload the completed file;;Unggah file yang telah selesai;
Upload the modified Excel file;;no;yes;no;;Upload the modified Excel file;;Unggah file Excel yang telah dimodifikasi;
Uploaded by;;no;yes;no;;Uploaded by;;Diunggah oleh;
Uploaded files;;no;yes;no;;Uploaded files;;File yang diunggah;
Uploading;;no;yes;no;;Uploading;;Mengunggah;
Usage;;no;yes;no;;Usage;;Penggunaan;
Usage details;;no;yes;no;;Usage details;;Rincian penggunaan;
Used;;no;yes;no;;Used;;Digunakan;
Used in;;no;yes;no;;Used in;;Digunakan di;
Useful information;;no;yes;no;;Useful information;;Informasi berguna;
User;;no;yes;no;;User;;Pengguna;
User Security;;no;yes;no;;User Security;;Keamanan Pengguna;
User local time;;no;yes;no;;User local time;;Waktu lokal pengguna;
Username;;no;yes;no;;Username;;Nama pengguna;
Users;;no;yes;no;;Users;;Pengguna;
Users who sent feedback;;no;yes;no;;Users who sent feedback;;Pengguna yang mengirimkan umpan balik;
Users with no goals;;no;yes;no;;Users with no goals;;Pengguna tanpa sasaran;
Validate;;no;yes;no;;Validate;;Validasi;
Validation;;no;yes;no;;Validation;;Validasi;
Value;;no;yes;no;;Value;;Nilai;
Value type;;no;yes;no;;Value type;;Jenis nilai;
Values;;no;yes;no;;Values;;Nilai-nilai;
Version;;no;yes;no;;Version;;Versi;
View;;no;yes;no;;View;;Lihat;
View all;;no;yes;no;;View all;;Lihat semua;
View my received feedback;;no;yes;no;;View my received feedback;;Lihat umpan balik yang saya terima;
View review;;no;yes;no;;View review;;Lihat ulasan;
Visibility;;no;yes;no;;Visibility;;Visibilitas;
Weight;;no;yes;no;;Weight;;Berat;
Weighted score;;no;yes;no;;Weighted score;;Skor berbobot;
Widget settings;;no;yes;no;;Widget settings;;Pengaturan widget;
Work country;;no;yes;no;;Work country;;Negara tempat bekerja;
Worker;;no;yes;no;;Worker;;Pekerja;
Worker & manager;;no;yes;no;;Worker & manager;;Pekerja & Manajer;
Worker ID;;no;yes;no;;Worker ID;;ID Pekerja;
Worker category;;no;yes;no;;Worker category;;Kategori pekerja;
Worker details;;no;yes;no;;Worker details;;Detail pekerja;
Worker name;;no;yes;no;;Worker name;;Nama pekerja;
Worker self-assessment;;no;yes;no;;Worker self-assessment;;Evaluasi mandiri pekerja;
Worker sign-off;;no;yes;no;;Worker sign-off;;Persetujuan pekerja;
Worker submission;;no;yes;no;;Worker submission;;Pengajuan pekerja;
Workers;;no;yes;no;;Workers;;Pekerja;
Workflow;;no;yes;no;;Workflow;;Alur kerja;
Workflow section;;no;yes;no;;Workflow section;;Bagian alur kerja;
Workflow status;;no;yes;no;;Workflow status;;Status alur kerja;
Workflow step;;no;yes;no;;Workflow step;;Langkah alur kerja;
Workflow steps;;no;yes;no;;Workflow steps;;Langkah-langkah alur kerja;
Workflow type;;no;yes;no;;Workflow type;;Jenis alur kerja;
Year;;no;yes;no;;Year;;Tahun;
Years;;no;yes;no;;Years;;Tahun;
Your comment;;no;yes;no;;Your comment;;Komentar Anda;
Your documents;;no;yes;no;;Your documents;;Dokumen Anda;
Your email;;no;yes;no;;Your email;;Email Anda;
Your observations;;no;yes;no;;Your observations;;Pengamatan Anda;
Your view;;no;yes;no;;Your view;;Tampilan Anda;
