term;description;casesensitive;translatable;forbidden;tags;en-US;en-US_description;nl-NL;nl-NL_description
About;;no;yes;no;;About;;Over;
About my team;;no;yes;no;;About my team;;Over mijn team;
Absence;;no;yes;no;;Absence;;Afwezigheid;
Accept;;no;yes;no;;Accept;;Accepteren;
Accepted;;no;yes;no;;Accepted;;Geaccepteerd;
Achievement;;no;yes;no;;Achievement;;Prestatie;
Achievement summary;;no;yes;no;;Achievement summary;;Prestatie-overzicht;
Action;;no;yes;no;;Action;;Actie;
Action required;;no;yes;no;;Action required;;Actie vereist;
Actions;;no;yes;no;;Actions;;Acties;
Actions required;;no;yes;no;;Actions required;;Vereiste acties;
Activate;;no;yes;no;;Activate;;Activeren;
Active;;no;yes;no;;Active;;Actief;
Active users;;no;yes;no;;Active users;;Actieve gebruikers;
Add;;no;yes;no;;Add;;Toevoegen;
Add all;;no;yes;no;;Add all;;Alles toevoegen;
Add all company;;no;yes;no;;Add all company;;Voeg het hele bedrijf toe;
Add all organizational units;;no;yes;no;;Add all organizational units;;Voeg alle organisatorische eenheden toe;
Add condition;;no;yes;no;;Add condition;;Voorwaarde toevoegen;
Add feedback note;;no;yes;no;;Add feedback note;;Voeg feedbacknotitie toe;
Add field;;no;yes;no;;Add field;;Veld toevoegen;
Add mapping;;no;yes;no;;Add mapping;;Mapping toevoegen;
Add note;;no;yes;no;;Add note;;Notitie toevoegen;
Add question;;no;yes;no;;Add question;;Vraag toevoegen;
Add skills;;no;yes;no;;Add skills;;Vaardigheden toevoegen;
Add step;;no;yes;no;;Add step;;Stap toevoegen;
Addition;;no;yes;no;;Addition;;Toeslag;
Additional Managers;;no;yes;no;;Additional Managers;;Extra Managers;
Additional goal description;;no;yes;no;;Additional goal description;;Aanvullende doelomschrijving;
Additional information;;no;yes;no;;Additional information;;Aanvullende informatie;
Additional manager;;no;yes;no;;Additional manager;;Extra leidinggevende;
Additional managers;;no;yes;no;;Additional managers;;Extra managers;
Additional review;;no;yes;no;;Additional review;;Aanvullende beoordeling;
Administration;;no;yes;no;;Administration;;Administratie;
Advanced;;no;yes;no;;Advanced;;Geavanceerd;
After;;no;yes;no;;After;;Na;
Alert;;no;yes;no;;Alert;;Waarschuwing;
Alerts;;no;yes;no;;Alerts;;Meldingen;
Aligned with goal;;no;yes;no;;Aligned with goal;;In lijn met doel;
Alignment;;no;yes;no;;Alignment;;Afstemming;
All company;;no;yes;no;;All company;;Het hele bedrijf;
All criteria;;no;yes;no;;All criteria;;Alle criteria;
All locations;;no;yes;no;;All locations;;Alle locaties;
All organizational units;;no;yes;no;;All organizational units;;Alle organisatorische eenheden;
All participants;;no;yes;no;;All participants;;Alle deelnemers;
All results;;no;yes;no;;All results;;Alle resultaten;
All roles;;no;yes;no;;All roles;;Alle rollen;
All updates;;no;yes;no;;All updates;;Alle updates;
Analysis;;no;yes;no;;Analysis;;Analyse;
Anonymization;;no;yes;no;;Anonymization;;Anonimisering;
Answer type;;no;yes;no;;Answer type;;Antwoordtype;
Anyone;;no;yes;no;;Anyone;;Iemand;
Anyone in the company;;no;yes;no;;Anyone in the company;;Iedereen in het bedrijf;
Appearance;;no;yes;no;;Appearance;;Uiterlijk;
Apply;;no;yes;no;;Apply;;Toepassen;
Apply filters;;no;yes;no;;Apply filters;;Filters toepassen;
Approve;;no;yes;no;;Approve;;Goedkeuren;
Approved;;no;yes;no;;Approved;;Goedgekeurd;
Archived;;no;yes;no;;Archived;;Gearchiveerd;
Assign;;no;yes;no;;Assign;;Toewijzen;
Assign to;;no;yes;no;;Assign to;;Toewijzen aan;
Assigned;;no;yes;no;;Assigned;;Toegewezen;
Assigned reviews;;no;yes;no;;Assigned reviews;;Toegewezen beoordelingen;
Assigned to;;no;yes;no;;Assigned to;;Toegewezen aan;
Assignment;;no;yes;no;;Assignment;;Toewijzing;
Assignment permissions;;no;yes;no;;Assignment permissions;;Toewijzingsrechten;
At least one number;;no;yes;no;;At least one number;;Ten minste één nummer;
At risk;;no;yes;no;;At risk;;In gevaar;
Attached document;;no;yes;no;;Attached document;;Bijgevoegd document;
Attachments;;no;yes;no;;Attachments;;Bijlagen;
Audit trail;;no;yes;no;;Audit trail;;Controlelogboek;
Auto-suggestion;;no;yes;no;;Auto-suggestion;;Automatische suggestie;
Available;;no;yes;no;;Available;;Beschikbaar;
Average score;;no;yes;no;;Average score;;Gemiddelde score;
Average total score;;no;yes;no;;Average total score;;Gemiddelde totaalscore;
Avg. word count;;no;yes;no;;Avg. word count;;Gem. woordenaantal;
Back;;no;yes;no;;Back;;Terug;
Basic Information;;no;yes;no;;Basic Information;;Basisinformatie;
Basic information;;no;yes;no;;Basic information;;Basisinformatie;
Before;;no;yes;no;;Before;;Voor;
Behavior;;no;yes;no;;Behavior;;Gedrag;
Behavior libraries;;no;yes;no;;Behavior libraries;;Gedragsbibliotheken;
Behavior library;;no;yes;no;;Behavior library;;Gedragsbibliotheek;
Behavior profile;;no;yes;no;;Behavior profile;;Gedragsprofiel;
Behavior wheel;;no;yes;no;;Behavior wheel;;Gedragswiel;
Behaviors;;no;yes;no;;Behaviors;;Gedragingen;
Behaviors sent;;no;yes;no;;Behaviors sent;;Verstuurde gedragingen;
Blank values;;no;yes;no;;Blank values;;Lege waarden;
Blocked;;no;yes;no;;Blocked;;Geblokkeerd;
Bonus Plans;;no;yes;no;;Bonus Plans;;Bonusplannen;
Bonus amount;;no;yes;no;;Bonus amount;;Bonusbedrag;
Bonus calculation equation;;no;yes;no;;Bonus calculation equation;;Bonusberekeningsvergelijking;
Bonus calculation formula;;no;yes;no;;Bonus calculation formula;;Bonusberekeningsformule;
Bonus plan;;no;yes;no;;Bonus plan;;Bonusplan;
Bonus plans;;no;yes;no;;Bonus plans;;Bonusplannen;
Boolean;;no;yes;no;;Boolean;;Booleaans;
Budget rule;;no;yes;no;;Budget rule;;Budgetregel;
Builder;;no;yes;no;;Builder;;Bouwer;
Business;;no;yes;no;;Business;;Zakelijk;
Calculated;;no;yes;no;;Calculated;;Berekend;
Calculated bonus;;no;yes;no;;Calculated bonus;;Berekende bonus;
Calculated column;;no;yes;no;;Calculated column;;Berekende kolom;
Calculation;;no;yes;no;;Calculation;;Berekening;
Calculation workspace;;no;yes;no;;Calculation workspace;;Berekeningswerkruimte;
Calibration;;no;yes;no;;Calibration;;Kalibratie;
Can edit;;no;yes;no;;Can edit;;Kan bewerken;
Can view;;no;yes;no;;Can view;;Kan bekijken;
Cancel;;no;yes;no;;Cancel;;Annuleren;
Canceled;;no;yes;no;;Canceled;;Geannuleerd;
Career Development;;no;yes;no;;Career Development;;Loopbaanontwikkeling;
Career Development Plans;;no;yes;no;;Career Development Plans;;Carrièreontwikkelingsplannen;
Career Development Settings;;no;yes;no;;Career Development Settings;;Instellingen voor loopbaanontwikkeling;
Career development;;no;yes;no;;Career development;;Loopbaanontwikkeling;
Career development plan;;no;yes;no;;Career development plan;;Loopbaanontwikkelingsplan;
Career development plans;;no;yes;no;;Career development plans;;Carrièreontwikkelingsplannen;
Career development settings;;no;yes;no;;Career development settings;;Instellingen voor loopbaanontwikkeling;
Career plan questionnaire;;no;yes;no;;Career plan questionnaire;;Vragenlijst voor loopbaanplanning;
Career plans;;no;yes;no;;Career plans;;Carrièreplannen;
Categories;;no;yes;no;;Categories;;Categorieën;
Category;;no;yes;no;;Category;;Categorie;
Challenge process;;no;yes;no;;Challenge process;;Uitdagingsproces;
Challenge review;;no;yes;no;;Challenge review;;Uitdagingsevaluatie;
Challenged;;no;yes;no;;Challenged;;Uitgedaagd;
Change;;no;yes;no;;Change;;Wijzig;
Change workflow step;;no;yes;no;;Change workflow step;;Wijzig werkstap;
Check-in Details;;no;yes;no;;Check-in Details;;Details check-in;
Check-in Status;;no;yes;no;;Check-in Status;;Status check-in;
Check-in date;;no;yes;no;;Check-in date;;Check-in-datum;
Check-in with;;no;yes;no;;Check-in with;;Check-in met;
Check-ins created;;no;yes;no;;Check-ins created;;Check-ins aangemaakt;
Choose one;;no;yes;no;;Choose one;;Kies er een;
City;;no;yes;no;;City;;Stad;
Clear;;no;yes;no;;Clear;;Duidelijk;
Clear all;;no;yes;no;;Clear all;;Alles wissen;
Clear all filters;;no;yes;no;;Clear all filters;;Alle filters wissen;
Clear all filters & search;;no;yes;no;;Clear all filters & search;;Alle filters en zoekopdracht wissen;
Clear all filters and search;;no;yes;no;;Clear all filters and search;;Wis alle filters en zoek;
Clear filters;;no;yes;no;;Clear filters;;Filters wissen;
Clear search;;no;yes;no;;Clear search;;Zoekopdracht wissen;
Close;;no;yes;no;;Close;;Sluiten;
Closed;;no;yes;no;;Closed;;Gesloten;
Closed without document;;no;yes;no;;Closed without document;;Gesloten zonder document;
Collaborative;;no;yes;no;;Collaborative;;Samenwerkingsgericht;
Collapse;;no;yes;no;;Collapse;;Inklappen;
Color;;no;yes;no;;Color;;Kleur;
Column name;;no;yes;no;;Column name;;Kolomnaam;
Columns;;no;yes;no;;Columns;;Kolommen;
Coming soon;;no;yes;no;;Coming soon;;Binnenkort beschikbaar;
Comm manager;;no;yes;no;;Comm manager;;Communicatiemanager;
Comm round;;no;yes;no;;Comm round;;Communicatieronde;
Comment;;no;yes;no;;Comment;;Opmerking;
Comments;;no;yes;no;;Comments;;Opmerkingen;
Communication;;no;yes;no;;Communication;;Communicatie;
Communication Rounds;;no;yes;no;;Communication Rounds;;Communicatierondes;
Communication manager;;no;yes;no;;Communication manager;;Communicatiemanager;
Communication manager name;;no;yes;no;;Communication manager name;;Naam communicatiemanager;
Communication round;;no;yes;no;;Communication round;;Communicatieronde;
Communication rounds;;no;yes;no;;Communication rounds;;Communicatierondes;
Comp Rounds;;no;yes;no;;Comp Rounds;;Compensatierondes;
Comp element;;no;yes;no;;Comp element;;Comp-element;
Comp elements;;no;yes;no;;Comp elements;;Comp-elementen;
Comp manager;;no;yes;no;;Comp manager;;Comp-manager;
Comp managers;;no;yes;no;;Comp managers;;Compensatiemanagers;
Comp round;;no;yes;no;;Comp round;;Compensatieronde;
Comp round currency;;no;yes;no;;Comp round currency;;Comp ronde valuta;
Comp rounds;;no;yes;no;;Comp rounds;;Compensatierondes;
Comp tree;;no;yes;no;;Comp tree;;Compensatieboom;
Company;;no;yes;no;;Company;;Bedrijf;
Company logo;;no;yes;no;;Company logo;;Bedrijfslogo;
Company name;;no;yes;no;;Company name;;Bedrijfsnaam;
Compare;;no;yes;no;;Compare;;Vergelijk;
Compensation;;no;yes;no;;Compensation;;Vergoeding;
Compensation Element;;no;yes;no;;Compensation Element;;Compensatie-element;
Compensation History;;no;yes;no;;Compensation History;;Compensatiegeschiedenis;
Compensation Management;;no;yes;no;;Compensation Management;;Compensatiemanagement;
Compensation Rounds;;no;yes;no;;Compensation Rounds;;Compensatierondes;
Compensation element;;no;yes;no;;Compensation element;;Compensatie-element;
Compensation elements;;no;yes;no;;Compensation elements;;Compensatie-elementen;
Compensation field;;no;yes;no;;Compensation field;;Compensatieveld;
Compensation framework;;no;yes;no;;Compensation framework;;Compensatiekader;
Compensation history;;no;yes;no;;Compensation history;;Compensatiegeschiedenis;
Compensation manager;;no;yes;no;;Compensation manager;;Compensatiebeheerder;
Compensation philosophy;;no;yes;no;;Compensation philosophy;;Beloningsfilosofie;
Compensation rounds;;no;yes;no;;Compensation rounds;;Compensatierondes;
Competency Scales;;no;yes;no;;Competency Scales;;Competentieschalen;
Competency scale;;no;yes;no;;Competency scale;;Competentieschaal;
Complete;;no;yes;no;;Complete;;Voltooien;
Completed;;no;yes;no;;Completed;;Voltooid;
Completion;;no;yes;no;;Completion;;Voltooiing;
Completion rate;;no;yes;no;;Completion rate;;Voltooiingspercentage;
Concatenated fields;;no;yes;no;;Concatenated fields;;Aaneengeschakelde velden;
Condition;;no;yes;no;;Condition;;Voorwaarde;
Conditional;;no;yes;no;;Conditional;;Voorwaardelijk;
Conditional formatting;;no;yes;no;;Conditional formatting;;Voorwaardelijke opmaak;
Config;;no;yes;no;;Config;;Configuratie;
Configuration;;no;yes;no;;Configuration;;Configuratie;
Configurations;;no;yes;no;;Configurations;;Configuraties;
Confirm;;no;yes;no;;Confirm;;Bevestigen;
Confirm deletion;;no;yes;no;;Confirm deletion;;Verwijdering bevestigen;
Confirmation;;no;yes;no;;Confirmation;;Bevestiging;
Connection name;;no;yes;no;;Connection name;;Verbindingsnaam;
Constructive;;no;yes;no;;Constructive;;Constructief;
Contains;;no;yes;no;;Contains;;Bevat;
Continue;;no;yes;no;;Continue;;Doorgaan;
Continue editing;;no;yes;no;;Continue editing;;Doorgaan met bewerken;
Contract type;;no;yes;no;;Contract type;;Contracttype;
Conversation & publication;;no;yes;no;;Conversation & publication;;Gesprek & publicatie;
Copy;;no;yes;no;;Copy;;Kopiëren;
Cost Center;;no;yes;no;;Cost Center;;Kostenplaats;
Cost center;;no;yes;no;;Cost center;;Kostenplaats;
Count;;no;yes;no;;Count;;Aantal;
Country;;no;yes;no;;Country;;Land;
Create;;no;yes;no;;Create;;Creëer;
Create check-in;;no;yes;no;;Create check-in;;Check-in maken;
Create communication round;;no;yes;no;;Create communication round;;Creëer communicatieronde;
Create document;;no;yes;no;;Create document;;Document maken;
Create goal;;no;yes;no;;Create goal;;Doel aanmaken;
Create goal plan;;no;yes;no;;Create goal plan;;Maak een doelplan;
Create goal type;;no;yes;no;;Create goal type;;Doeltype maken;
Create model;;no;yes;no;;Create model;;Model maken;
Create performance review;;no;yes;no;;Create performance review;;Creëer prestatiebeoordeling;
Create rule;;no;yes;no;;Create rule;;Regel maken;
Created;;no;yes;no;;Created;;Gemaakt;
Created by;;no;yes;no;;Created by;;Gemaakt door;
Created date;;no;yes;no;;Created date;;Aanmaakdatum;
Created on;;no;yes;no;;Created on;;Gemaakt op;
Creation date;;no;yes;no;;Creation date;;Aanmaakdatum;
Creator;;no;yes;no;;Creator;;Maker;
Criteria blocks;;no;yes;no;;Criteria blocks;;Criteriablokken;
Criterion;;no;yes;no;;Criterion;;Criterium;
Currency;;no;yes;no;;Currency;;Valuta;
Currency Settings;;no;yes;no;;Currency Settings;;Valuta-instellingen;
Currency field;;no;yes;no;;Currency field;;Valutaveld;
Currency source;;no;yes;no;;Currency source;;Valutabron;
Current;;no;yes;no;;Current;;Huidig;
Current manager;;no;yes;no;;Current manager;;Huidige leidinggevende;
Custom;;no;yes;no;;Custom;;Aangepast;
Custom Entities;;no;yes;no;;Custom Entities;;Aangepaste entiteiten;
Custom Fields;;no;yes;no;;Custom Fields;;Aangepaste velden;
Custom column;;no;yes;no;;Custom column;;Aangepaste kolom;
Custom criteria;;no;yes;no;;Custom criteria;;Aangepaste criteria;
Custom entities;;no;yes;no;;Custom entities;;Aangepaste entiteiten;
Custom fields;;no;yes;no;;Custom fields;;Aangepaste velden;
Custom section;;no;yes;no;;Custom section;;Aangepast gedeelte;
Custom widget;;no;yes;no;;Custom widget;;Aangepaste widget;
Data Entities & Sources;;no;yes;no;;Data Entities & Sources;;Gegevensentiteiten en bronnen;
Data Foundation;;no;yes;no;;Data Foundation;;Gegevensbasis;
Data Management;;no;yes;no;;Data Management;;Gegevensbeheer;
Data Privacy;;no;yes;no;;Data Privacy;;Gegevensprivacy;
Data Retention;;no;yes;no;;Data Retention;;Dataretentie;
Data Upload;;no;yes;no;;Data Upload;;Gegevens uploaden;
Data entities & sources;;no;yes;no;;Data entities & sources;;Gegevensentiteiten & bronnen;
Data foundation;;no;yes;no;;Data foundation;;Gegevensbasis;
Data management;;no;yes;no;;Data management;;Gegevensbeheer;
Data model;;no;yes;no;;Data model;;Datamodel;
Data privacy;;no;yes;no;;Data privacy;;Gegevensprivacy;
Data privacy statement;;no;yes;no;;Data privacy statement;;Verklaring gegevensbescherming;
Data retention period;;no;yes;no;;Data retention period;;Dataretentieperiode;
Data scope;;no;yes;no;;Data scope;;Gegevensbereik;
Data source;;no;yes;no;;Data source;;Gegevensbron;
Date;;no;yes;no;;Date;;Datum;
Date & Time;;no;yes;no;;Date & Time;;Datum en tijd;
Date & time;;no;yes;no;;Date & time;;Datum & tijd;
Date to;;no;yes;no;;Date to;;Datum tot;
Days;;no;yes;no;;Days;;Dagen;
Deactivate;;no;yes;no;;Deactivate;;Deactiveren;
Deactivated;;no;yes;no;;Deactivated;;Gedeactiveerd;
Deactivated user;;no;yes;no;;Deactivated user;;Gedeactiveerde gebruiker;
Deactivation;;no;yes;no;;Deactivation;;Deactivering;
Deadline status;;no;yes;no;;Deadline status;;Deadlinestatus;
Decimal;;no;yes;no;;Decimal;;Decimaal;
Decimal precision;;no;yes;no;;Decimal precision;;Decimale precisie;
Default;;no;yes;no;;Default;;Standaard;
Default beqom logo;;no;yes;no;;Default beqom logo;;Standaard beqom-logo;
Default value;;no;yes;no;;Default value;;Standaardwaarde;
Delete;;no;yes;no;;Delete;;Verwijderen;
Delete all;;no;yes;no;;Delete all;;Alles verwijderen;
Delete comment;;no;yes;no;;Delete comment;;Verwijder opmerking;
Delete goal;;no;yes;no;;Delete goal;;Doel verwijderen;
Delete note;;no;yes;no;;Delete note;;Verwijder notitie;
Delete rule;;no;yes;no;;Delete rule;;Regel verwijderen;
Delete selected;;no;yes;no;;Delete selected;;Verwijder geselecteerde;
Deleted;;no;yes;no;;Deleted;;Verwijderd;
Deleted by;;no;yes;no;;Deleted by;;Verwijderd door;
Deletion;;no;yes;no;;Deletion;;Verwijderen;
Deliverable;;no;yes;no;;Deliverable;;Opleverbaar;
Demographic;;no;yes;no;;Demographic;;Demografisch;
Demographics;;no;yes;no;;Demographics;;Demografie;
Department;;no;yes;no;;Department;;Afdeling;
Description;;no;yes;no;;Description;;Beschrijving;
Development;;no;yes;no;;Development;;Ontwikkeling;
Development plans;;no;yes;no;;Development plans;;ONtwikkelingspunten;
Digital reward statement;;no;yes;no;;Digital reward statement;;Digitaal beloningsoverzicht;
Direct Reports;;no;yes;no;;Direct Reports;;Directe ondergeschikten;
Direct report;;no;yes;no;;Direct report;;Directe rapportage;
Direct reports;;no;yes;no;;Direct reports;;Directe rapporten;
Direction;;no;yes;no;;Direction;;Richting;
Disable;;no;yes;no;;Disable;;Uitschakelen;
Disabled;;no;yes;no;;Disabled;;Uitgeschakeld;
Discard;;no;yes;no;;Discard;;Verwijderen;
Discussion;;no;yes;no;;Discussion;;Gesprek;
Discussion outcome;;no;yes;no;;Discussion outcome;;Bespreking resultaat;
Discussion point;;no;yes;no;;Discussion point;;Discussiepunt;
Discussion points;;no;yes;no;;Discussion points;;Discussiepunten;
Display name;;no;yes;no;;Display name;;Weergavenaam;
Distribution;;no;yes;no;;Distribution;;Verdeling;
Distribution guidelines;;no;yes;no;;Distribution guidelines;;Distributierichtlijnen;
Document Settings;;no;yes;no;;Document Settings;;Documentinstellingen;
Document Templates;;no;yes;no;;Document Templates;;Documentsjablonen;
Document generation;;no;yes;no;;Document generation;;Documentgeneratie;
Document name;;no;yes;no;;Document name;;Documentnaam;
Document preview;;no;yes;no;;Document preview;;Documentvoorbeeld;
Document review;;no;yes;no;;Document review;;Documentcontrole;
Document settings;;no;yes;no;;Document settings;;Documentinstellingen;
Document status;;no;yes;no;;Document status;;Documentstatus;
Document template;;no;yes;no;;Document template;;Documentsjabloon;
Documents;;no;yes;no;;Documents;;Documenten;
Done;;no;yes;no;;Done;;Klaar;
Download;;no;yes;no;;Download;;Downloaden;
Download CSV;;no;yes;no;;Download CSV;;CSV downloaden;
Download log file;;no;yes;no;;Download log file;;Logbestand downloaden;
Download template;;no;yes;no;;Download template;;Sjabloon downloaden;
Download the template;;no;yes;no;;Download the template;;Download de sjabloon;
Draft;;no;yes;no;;Draft;;Concept;
Drop-down list;;no;yes;no;;Drop-down list;;Vervolgkeuzelijst;
Due date;;no;yes;no;;Due date;;Vervaldatum;
Duplicate;;no;yes;no;;Duplicate;;Dupliceren;
Duplication successful;;no;yes;no;;Duplication successful;;Duplicatie geslaagd;
Edit;;no;yes;no;;Edit;;Bewerken;
Edit goal;;no;yes;no;;Edit goal;;Doel bewerken;
Edit model;;no;yes;no;;Edit model;;Model bewerken;
Edit note;;no;yes;no;;Edit note;;Notitie bewerken;
Edited;;no;yes;no;;Edited;;Bewerkt;
Education;;no;yes;no;;Education;;Onderwijs;
Effective date;;no;yes;no;;Effective date;;Ingangsdatum;
Eligibility;;no;yes;no;;Eligibility;;Geschiktheid;
Eligible;;no;yes;no;;Eligible;;In aanmerking komend;
Eligible workers;;no;yes;no;;Eligible workers;;In aanmerking komende werknemers;
Else;;no;yes;no;;Else;;Anders;
Email;;no;yes;no;;Email;;E-mail;
Email Notifications;;no;yes;no;;Email Notifications;;E-mailmeldingen;
Email address;;no;yes;no;;Email address;;E-mailadres;
Email notification;;no;yes;no;;Email notification;;E-mailmelding;
Email notifications;;no;yes;no;;Email notifications;;E-mailmeldingen;
Email subject;;no;yes;no;;Email subject;;Onderwerp van e-mail;
Employment;;no;yes;no;;Employment;;Werkgelegenheid;
Empty;;no;yes;no;;Empty;;Leeg;
Enable;;no;yes;no;;Enable;;Inschakelen;
Enable Feedback;;no;yes;no;;Enable Feedback;;Feedback inschakelen;
Enabled;;no;yes;no;;Enabled;;Ingeschakeld;
End date;;no;yes;no;;End date;;Einddatum;
Endorsed;;no;yes;no;;Endorsed;;Aanbevolen;
Enter;;no;yes;no;;Enter;;Voer in;
Enter a name;;no;yes;no;;Enter a name;;Voer een naam in;
Enter text;;no;yes;no;;Enter text;;Voer tekst in;
Entities;;no;yes;no;;Entities;;Entiteiten;
Entities & fields;;no;yes;no;;Entities & fields;;Entiteiten en velden;
Entity;;no;yes;no;;Entity;;Entiteit;
Entity details;;no;yes;no;;Entity details;;Entiteitsdetails;
Entity enum;;no;yes;no;;Entity enum;;Entiteit enum;
Entity name;;no;yes;no;;Entity name;;Entiteitsnaam;
Equal to;;no;yes;no;;Equal to;;Gelijk aan;
Equity;;no;yes;no;;Equity;;Gelijkheid;
Error;;no;yes;no;;Error;;Fout;
Errors;;no;yes;no;;Errors;;Fouten;
Evaluation section;;no;yes;no;;Evaluation section;;Beoordelingssectie;
Examples;;no;yes;no;;Examples;;Voorbeelden;
Exchange Rates;;no;yes;no;;Exchange Rates;;Wisselkoersen;
Exchange rate;;no;yes;no;;Exchange rate;;Wisselkoers;
Exchange rate type;;no;yes;no;;Exchange rate type;;Wisselkoerstype;
Exchange rates;;no;yes;no;;Exchange rates;;Wisselkoersen;
Exclude;;no;yes;no;;Exclude;;Uitsluiten;
Exclude individuals;;no;yes;no;;Exclude individuals;;Personen uitsluiten;
Excluded;;no;yes;no;;Excluded;;Uitgesloten;
Exit;;no;yes;no;;Exit;;Afsluiten;
Exit without saving;;no;yes;no;;Exit without saving;;Afsluiten zonder op te slaan;
Expand;;no;yes;no;;Expand;;Uitbreiden;
Experience;;no;yes;no;;Experience;;Ervaring;
Export;;no;yes;no;;Export;;Exporteren;
Expression;;no;yes;no;;Expression;;Uitdrukking;
Expression formula;;no;yes;no;;Expression formula;;Expressieformule;
External;;no;yes;no;;External;;Extern;
Failed;;no;yes;no;;Failed;;Mislukt;
Favorite;;no;yes;no;;Favorite;;Favoriet;
Favorite feedback;;no;yes;no;;Favorite feedback;;Favoriete feedback;
Favorites;;no;yes;no;;Favorites;;Favorieten;
Feature;;no;yes;no;;Feature;;Functie;
Feature Enablement;;no;yes;no;;Feature Enablement;;Functie-inschakeling;
Feature enablement;;no;yes;no;;Feature enablement;;Functie-activering;
Features;;no;yes;no;;Features;;Functies;
Feedback Ratings;;no;yes;no;;Feedback Ratings;;Feedbackbeoordelingen;
Feedback from;;no;yes;no;;Feedback from;;Feedback van;
Feedback insights;;no;yes;no;;Feedback insights;;Feedbackinzichten;
Feedback note;;no;yes;no;;Feedback note;;Feedbacknotitie;
Feedback notes;;no;yes;no;;Feedback notes;;Feedbacknotities;
Feedback rating;;no;yes;no;;Feedback rating;;Feedbackbeoordeling;
Feedback received;;no;yes;no;;Feedback received;;Feedback ontvangen;
Feedback request;;no;yes;no;;Feedback request;;Feedbackverzoek;
Feedback requested;;no;yes;no;;Feedback requested;;Feedback gevraagd;
Feedback requests;;no;yes;no;;Feedback requests;;Feedbackverzoeken;
Feedback sent;;no;yes;no;;Feedback sent;;Feedback verzonden;
Feedback sent to;;no;yes;no;;Feedback sent to;;Feedback verzonden naar;
Female;;no;yes;no;;Female;;Vrouwelijk;
Field;;no;yes;no;;Field;;Veld;
Field name;;no;yes;no;;Field name;;Veldnaam;
Fields;;no;yes;no;;Fields;;Velden;
Fields used;;no;yes;no;;Fields used;;Gebruikte velden;
File name;;no;yes;no;;File name;;Bestandsnaam;
File upload;;no;yes;no;;File upload;;Bestand uploaden;
Fill in the necessary details;;no;yes;no;;Fill in the necessary details;;Vul de benodigde gegevens in;
Final;;no;yes;no;;Final;;Definitief;
Final Validation;;no;yes;no;;Final Validation;;Definitieve validatie;
Final validation;;no;yes;no;;Final validation;;Definitieve validatie;
Fixed;;no;yes;no;;Fixed;;Vast;
For managers;;no;yes;no;;For managers;;Voor managers;
For workers;;no;yes;no;;For workers;;Voor werknemers;
Formatting;;no;yes;no;;Formatting;;Opmaak;
Forms;;no;yes;no;;Forms;;Formulieren;
Formula;;no;yes;no;;Formula;;Formule;
From;;no;yes;no;;From;;Van;
Full name;;no;yes;no;;Full name;;Volledige naam;
Functions;;no;yes;no;;Functions;;Functies;
Gender;;no;yes;no;;Gender;;Geslacht;
General;;no;yes;no;;General;;Algemeen;
General information;;no;yes;no;;General information;;Algemene informatie;
Generate;;no;yes;no;;Generate;;Genereren;
Generate PDF;;no;yes;no;;Generate PDF;;Genereer PDF;
Generated;;no;yes;no;;Generated;;Gegenereerd;
Generation date;;no;yes;no;;Generation date;;Aanmaakdatum;
Get started by creating one;;no;yes;no;;Get started by creating one;;Begin door er een aan te maken;
Give;;no;yes;no;;Give;;Geef;
Give feedback;;no;yes;no;;Give feedback;;Geef feedback;
Global;;no;yes;no;;Global;;Globaal;
Global currency;;no;yes;no;;Global currency;;Wereldwijde valuta;
Global worker category;;no;yes;no;;Global worker category;;Wereldwijde werkerscategorie;
Go to feedback;;no;yes;no;;Go to feedback;;Ga naar feedback;
Goal;;no;yes;no;;Goal;;Doel;
Goal Achievement;;no;yes;no;;Goal Achievement;;Doelbereiking;
Goal Alignment;;no;yes;no;;Goal Alignment;;Doelafstemming;
Goal Details;;no;yes;no;;Goal Details;;Details doel;
Goal ID;;no;yes;no;;Goal ID;;Doel-ID;
Goal Overview;;no;yes;no;;Goal Overview;;Doeloverzicht;
Goal Plan;;no;yes;no;;Goal Plan;;Doelplan;
Goal Plans;;no;yes;no;;Goal Plans;;Doelstellingenplannen;
Goal Status;;no;yes;no;;Goal Status;;Status doel;
Goal Tag Libraries;;no;yes;no;;Goal Tag Libraries;;Doelbibliotheken;
Goal Types;;no;yes;no;;Goal Types;;Doeltypen;
Goal achievement;;no;yes;no;;Goal achievement;;Doelbereiking;
Goal alignment;;no;yes;no;;Goal alignment;;Afstemming van doelen;
Goal creator;;no;yes;no;;Goal creator;;Doelmaker;
Goal details;;no;yes;no;;Goal details;;Doeldetails;
Goal name;;no;yes;no;;Goal name;;Doelnaam;
Goal overview;;no;yes;no;;Goal overview;;Doelenoverzicht;
Goal owner;;no;yes;no;;Goal owner;;Doeleigenaar;
Goal owner worker ID;;no;yes;no;;Goal owner worker ID;;Doeleigenaar werknemer-ID;
Goal period;;no;yes;no;;Goal period;;Doelperiode;
Goal plan;;no;yes;no;;Goal plan;;Doelplan;
Goal plans;;no;yes;no;;Goal plans;;Doelplannen;
Goal priority;;no;yes;no;;Goal priority;;Doelprioriteit;
Goal progress;;no;yes;no;;Goal progress;;Voortgang van doelen;
Goal status;;no;yes;no;;Goal status;;Doelstatus;
Goal tags;;no;yes;no;;Goal tags;;Doeltags;
Goal title;;no;yes;no;;Goal title;;Doeltitel;
Goal tracking status;;no;yes;no;;Goal tracking status;;Status van doelbewaking;
Goal type;;no;yes;no;;Goal type;;Doeltype;
Goal type weight;;no;yes;no;;Goal type weight;;Doeltype gewicht;
Goal types;;no;yes;no;;Goal types;;Doeltypen;
Goal weight;;no;yes;no;;Goal weight;;Streefgewicht;
Goal workflow;;no;yes;no;;Goal workflow;;Doelwerkstroom;
Goals;;no;yes;no;;Goals;;Doelen;
Goals aligned with this goal;;no;yes;no;;Goals aligned with this goal;;Doelen die met dit doel zijn uitgelijnd;
Grade;;no;yes;no;;Grade;;Cijfer;
Grant date;;no;yes;no;;Grant date;;Toekenningsdatum;
Grant proxy access;;no;yes;no;;Grant proxy access;;Verleen proxy-toegang;
Grants;;no;yes;no;;Grants;;Toekenningen;
Greater than;;no;yes;no;;Greater than;;Groter dan;
Greater than or equal to;;no;yes;no;;Greater than or equal to;;Groter dan of gelijk aan;
Group name;;no;yes;no;;Group name;;Groepsnaam;
Groups;;no;yes;no;;Groups;;Groepen;
Guaranteed amount;;no;yes;no;;Guaranteed amount;;Gegarandeerd bedrag;
Guaranteed amount rule;;no;yes;no;;Guaranteed amount rule;;Regel voor gegarandeerd bedrag;
Guaranteed amounts;;no;yes;no;;Guaranteed amounts;;Gegarandeerde bedragen;
Guideline;;no;yes;no;;Guideline;;Richtlijn;
Guidelines;;no;yes;no;;Guidelines;;Richtlijnen;
HRBP approval;;no;yes;no;;HRBP approval;;HRBP-goedkeuring;
HRBP review;;no;yes;no;;HRBP review;;HRBP-beoordeling;
Help tip;;no;yes;no;;Help tip;;Hulp tip;
Helpful;;no;yes;no;;Helpful;;Behulpzaam;
Hide;;no;yes;no;;Hide;;Verbergen;
Hierarchy;;no;yes;no;;Hierarchy;;Hiërarchie;
High;;no;yes;no;;High;;Hoog;
Historical Reviews;;no;yes;no;;Historical Reviews;;Historische beoordelingen;
Historical compensation;;no;yes;no;;Historical compensation;;Historische compensatie;
Home;;no;yes;no;;Home;;Startpagina;
Identifier;;no;yes;no;;Identifier;;Identificatie;
Image;;no;yes;no;;Image;;Afbeelding;
Import;;no;yes;no;;Import;;Importeren;
In progress;;no;yes;no;;In progress;;Bezig;
In use;;no;yes;no;;In use;;In gebruik;
Inactive;;no;yes;no;;Inactive;;Inactief;
Include;;no;yes;no;;Include;;Opnemen;
Included;;no;yes;no;;Included;;Inbegrepen;
Individual;;no;yes;no;;Individual;;Individueel;
Individual goal;;no;yes;no;;Individual goal;;Individueel doel;
Individual goals;;no;yes;no;;Individual goals;;Individuele doelen;
Individual view;;no;yes;no;;Individual view;;Individueel overzicht;
Individual workers;;no;yes;no;;Individual workers;;Individuele werknemers;
Individuals;;no;yes;no;;Individuals;;Personen;
Ingestion;;no;yes;no;;Ingestion;;Inladen;
Input;;no;yes;no;;Input;;Invoer;
Insightful;;no;yes;no;;Insightful;;Inzichtelijk;
Insights;;no;yes;no;;Insights;;Inzichten;
Inspiring;;no;yes;no;;Inspiring;;Inspirerend;
Instant messaging address;;no;yes;no;;Instant messaging address;;Instant messaging-adres;
Integer;;no;yes;no;;Integer;;Geheel getal;
Is completed;;no;yes;no;;Is completed;;Is voltooid;
Is enabled;;no;yes;no;;Is enabled;;Is ingeschakeld;
Is read;;no;yes;no;;Is read;;Is gelezen;
Is required;;no;yes;no;;Is required;;Is verplicht;
Job code;;no;yes;no;;Job code;;Functiecode;
Job level;;no;yes;no;;Job level;;Functieniveau;
Job title;;no;yes;no;;Job title;;Functietitel;
Key dates;;no;yes;no;;Key dates;;Belangrijke data;
Key deliverables;;no;yes;no;;Key deliverables;;Belangrijkste resultaten;
Language;;no;yes;no;;Language;;Taal;
Language code;;no;yes;no;;Language code;;Taalcode;
Languages;;no;yes;no;;Languages;;Talen;
Last edited;;no;yes;no;;Last edited;;Laatst bewerkt;
Last update;;no;yes;no;;Last update;;Laatste update;
Last updated;;no;yes;no;;Last updated;;Laatst bijgewerkt;
Learning;;no;yes;no;;Learning;;Leren;
Leave of absence;;no;yes;no;;Leave of absence;;Verlof;
Legal Entity;;no;yes;no;;Legal Entity;;Rechtspersoon;
Legal entity;;no;yes;no;;Legal entity;;Rechtspersoon;
Less than;;no;yes;no;;Less than;;Minder dan;
Less than or equal to;;no;yes;no;;Less than or equal to;;Minder dan of gelijk aan;
Let's meet;;no;yes;no;;Let's meet;;Laten we elkaar ontmoeten;
Level;;no;yes;no;;Level;;Niveau;
Library details;;no;yes;no;;Library details;;Bibliotheekdetails;
Library name;;no;yes;no;;Library name;;Bibliotheeknaam;
Limit;;no;yes;no;;Limit;;Limiet;
Line manager;;no;yes;no;;Line manager;;Direct leidinggevende;
Linear curve;;no;yes;no;;Linear curve;;Lineaire curve;
Local time;;no;yes;no;;Local time;;Lokale tijd;
Local worker category;;no;yes;no;;Local worker category;;Lokale werknemercategorie;
Localization;;no;yes;no;;Localization;;Lokalisatie;
Location;;no;yes;no;;Location;;Locatie;
Locations;;no;yes;no;;Locations;;Locaties;
Logins over time;;no;yes;no;;Logins over time;;Logins in de loop der tijd;
Logout;;no;yes;no;;Logout;;Uitloggen;
Low;;no;yes;no;;Low;;Laag;
Main;;no;yes;no;;Main;;Hoofd;
Main currency;;no;yes;no;;Main currency;;Hoofdvaluta;
Main group;;no;yes;no;;Main group;;Hoofdgroep;
Male;;no;yes;no;;Male;;Mannelijk;
Manage;;no;yes;no;;Manage;;Beheer;
Manage users;;no;yes;no;;Manage users;;Gebruikers beheren;
Manager feedback;;no;yes;no;;Manager feedback;;Feedback van de manager;
Manager name;;no;yes;no;;Manager name;;Naam van manager;
Manager proposal;;no;yes;no;;Manager proposal;;Voorstel van de manager;
Manager review;;no;yes;no;;Manager review;;Managerbeoordeling;
Mandatory;;no;yes;no;;Mandatory;;Verplicht;
Manually;;no;yes;no;;Manually;;Handmatig;
Mapping configuration;;no;yes;no;;Mapping configuration;;Mappingconfiguratie;
Max target;;no;yes;no;;Max target;;Maximaal doel;
Maximum outcome;;no;yes;no;;Maximum outcome;;Maximaal resultaat;
Maximum payout;;no;yes;no;;Maximum payout;;Maximale uitbetaling;
Measurement;;no;yes;no;;Measurement;;Meting;
Measurement criteria;;no;yes;no;;Measurement criteria;;Meetcriteria;
Medium;;no;yes;no;;Medium;;Gemiddeld;
Message;;no;yes;no;;Message;;Bericht;
Min target;;no;yes;no;;Min target;;Min doel;
Minimum outcome;;no;yes;no;;Minimum outcome;;Minimaal resultaat;
Model description;;no;yes;no;;Model description;;Modelbeschrijving;
Model details;;no;yes;no;;Model details;;Modelgegevens;
Model features;;no;yes;no;;Model features;;Modelkenmerken;
Model name;;no;yes;no;;Model name;;Modelnaam;
Model type;;no;yes;no;;Model type;;Modeltype;
Models;;no;yes;no;;Models;;Modellen;
Moderation;;no;yes;no;;Moderation;;Moderatie;
Moderation stage;;no;yes;no;;Moderation stage;;Moderatiefase;
Month;;no;yes;no;;Month;;Maand;
Months;;no;yes;no;;Months;;Maanden;
More;;no;yes;no;;More;;Meer;
More details;;no;yes;no;;More details;;Meer details;
Move reviews;;no;yes;no;;Move reviews;;Verplaats beoordelingen;
Multiple;;no;yes;no;;Multiple;;Meerdere;
My behavior profile;;no;yes;no;;My behavior profile;;Mijn gedragsprofiel;
My feedback;;no;yes;no;;My feedback;;Mijn feedback;
My goal;;no;yes;no;;My goal;;Mijn doel;
My goals;;no;yes;no;;My goals;;Mijn doelen;
My note;;no;yes;no;;My note;;Mijn notitie;
My review;;no;yes;no;;My review;;Mijn beoordeling;
My reviews;;no;yes;no;;My reviews;;Mijn beoordelingen;
Name;;no;yes;no;;Name;;Naam;
New manager;;no;yes;no;;New manager;;Nieuwe manager;
New password;;no;yes;no;;New password;;Nieuw wachtwoord;
Next;;no;yes;no;;Next;;Volgende;
Next step;;no;yes;no;;Next step;;Volgende stap;
Nickname;;no;yes;no;;Nickname;;Bijnaam;
No career development plans;;no;yes;no;;No career development plans;;Geen loopbaanontwikkelingsplannen;
No check-ins;;no;yes;no;;No check-ins;;Geen check-ins;
No comments yet;;no;yes;no;;No comments yet;;Nog geen opmerkingen;
No compensation rounds;;no;yes;no;;No compensation rounds;;Geen compensatierondes;
No data;;no;yes;no;;No data;;Geen gegevens;
No description;;no;yes;no;;No description;;Geen beschrijving;
No documents;;no;yes;no;;No documents;;Geen documenten;
No feedback;;no;yes;no;;No feedback;;Geen feedback;
No goals;;no;yes;no;;No goals;;Geen doelen;
No goals yet;;no;yes;no;;No goals yet;;Nog geen doelen;
No messages yet;;no;yes;no;;No messages yet;;Nog geen berichten;
No notes;;no;yes;no;;No notes;;Geen notities;
No populations;;no;yes;no;;No populations;;Geen populaties;
No populations yet;;no;yes;no;;No populations yet;;Nog geen populaties;
No priority;;no;yes;no;;No priority;;Geen prioriteit;
No questions;;no;yes;no;;No questions;;Geen vragen;
No results;;no;yes;no;;No results;;Geen resultaten;
No results found;;no;yes;no;;No results found;;Geen resultaten gevonden;
No value;;no;yes;no;;No value;;Geen waarde;
Non-conditional;;no;yes;no;;Non-conditional;;Niet-voorwaardelijk;
None;;no;yes;no;;None;;Geen;
Not completed;;no;yes;no;;Not completed;;Niet voltooid;
Not empty;;no;yes;no;;Not empty;;Niet leeg;
Not released;;no;yes;no;;Not released;;Niet vrijgegeven;
Not selected;;no;yes;no;;Not selected;;Niet geselecteerd;
Not started;;no;yes;no;;Not started;;Niet begonnen;
Not submitted;;no;yes;no;;Not submitted;;Niet ingediend;
Note;;no;yes;no;;Note;;Opmerking;
Notes;;no;yes;no;;Notes;;Notities;
Notification bell;;no;yes;no;;Notification bell;;Meldingsbel;
Notifications;;no;yes;no;;Notifications;;Meldingen;
Number;;no;yes;no;;Number;;Nummer;
Number of days;;no;yes;no;;Number of days;;Aantal dagen;
Number of years;;no;yes;no;;Number of years;;Aantal jaren;
Numeric;;no;yes;no;;Numeric;;Numeriek;
Observations;;no;yes;no;;Observations;;Observaties;
On track;;no;yes;no;;On track;;Op schema;
Open;;no;yes;no;;Open;;Openen;
Optional;;no;yes;no;;Optional;;Optioneel;
Organization;;no;yes;no;;Organization;;Organisatie;
Organization external ID;;no;yes;no;;Organization external ID;;Externe ID van de organisatie;
Organizational;;no;yes;no;;Organizational;;Organisatorisch;
Organizational Units;;no;yes;no;;Organizational Units;;Organisatorische eenheden;
Organizational goal;;no;yes;no;;Organizational goal;;Organisatorisch doel;
Organizational unit;;no;yes;no;;Organizational unit;;Organisatorische eenheid;
Other;;no;yes;no;;Other;;Anders;
Outcome;;no;yes;no;;Outcome;;Resultaat;
Overall behavior rating;;no;yes;no;;Overall behavior rating;;Algemene gedragsbeoordeling;
Overall performance;;no;yes;no;;Overall performance;;Algehele prestatie;
Overall performance rating;;no;yes;no;;Overall performance rating;;Algehele prestatiebeoordeling;
Overall progress;;no;yes;no;;Overall progress;;Algemene voortgang;
Overdue;;no;yes;no;;Overdue;;Achterstallig;
Overview;;no;yes;no;;Overview;;Overzicht;
Owner;;no;yes;no;;Owner;;Eigenaar;
Owners;;no;yes;no;;Owners;;Eigenaren;
Participant;;no;yes;no;;Participant;;Deelnemer;
Participants;;no;yes;no;;Participants;;Deelnemers;
Passport;;no;yes;no;;Passport;;Paspoort;
Password;;no;yes;no;;Password;;Wachtwoord;
Past;;no;yes;no;;Past;;Verleden;
Pay Analysis;;no;yes;no;;Pay Analysis;;Beloningsanalyse;
Pay Information;;no;yes;no;;Pay Information;;Salarisinformatie;
Pay Intelligence;;no;yes;no;;Pay Intelligence;;Salarisintelligentie;
Pay Transparency;;no;yes;no;;Pay Transparency;;Salaristransparantie;
Pay analysis;;no;yes;no;;Pay analysis;;Salarisanalyse;
Pay information;;no;yes;no;;Pay information;;Salarisinformatie;
Pay information requests;;no;yes;no;;Pay information requests;;Verzoeken om salarisinformatie;
Pay range;;no;yes;no;;Pay range;;Salarisbereik;
Payout;;no;yes;no;;Payout;;Uitbetaling;
Payout Curves;;no;yes;no;;Payout Curves;;Uitbetalingscurves;
Payout curve;;no;yes;no;;Payout curve;;Uitbetalingscurve;
Payout curves;;no;yes;no;;Payout curves;;Uitbetalingscurves;
Payroll;;no;yes;no;;Payroll;;Loonadministratie;
Payroll data drop;;no;yes;no;;Payroll data drop;;Salarisgegevens drop;
Peers;;no;yes;no;;Peers;;Collega's;
Pending;;no;yes;no;;Pending;;In behandeling;
Pending approval;;no;yes;no;;Pending approval;;In afwachting van goedkeuring;
Pending confirmation;;no;yes;no;;Pending confirmation;;In afwachting van bevestiging;
Pending draft;;no;yes;no;;Pending draft;;Concept in behandeling;
Pending publishing;;no;yes;no;;Pending publishing;;In afwachting van publicatie;
Pending sign-off;;no;yes;no;;Pending sign-off;;In afwachting van goedkeuring;
People;;no;yes;no;;People;;Mensen;
Performance;;no;yes;no;;Performance;;Prestatie;
Performance Management;;no;yes;no;;Performance Management;;Prestatiebeheer;
Performance Reviews;;no;yes;no;;Performance Reviews;;Prestatiebeoordelingen;
Performance check-ins;;no;yes;no;;Performance check-ins;;Prestatie check-ins;
Performance rating;;no;yes;no;;Performance rating;;Prestatiebeoordeling;
Performance review;;no;yes;no;;Performance review;;Prestatiebeoordeling;
Performance review details;;no;yes;no;;Performance review details;;Details van de prestatiebeoordeling;
Performance review templates;;no;yes;no;;Performance review templates;;Sjablonen voor prestatiebeoordeling;
Period;;no;yes;no;;Period;;Periode;
Period start date;;no;yes;no;;Period start date;;Begindatum periode;
Personal;;no;yes;no;;Personal;;Persoonlijk;
Personally identifiable information;;no;yes;no;;Personally identifiable information;;Persoonlijk identificeerbare informatie;
Phone number;;no;yes;no;;Phone number;;Telefoonnummer;
Plan details;;no;yes;no;;Plan details;;Plangegevens;
Plan name;;no;yes;no;;Plan name;;Plannaam;
Plan stage;;no;yes;no;;Plan stage;;Planningsfase;
Plan transmission;;no;yes;no;;Plan transmission;;Transmissie plannen;
Plans;;no;yes;no;;Plans;;Plannen;
Population;;no;yes;no;;Population;;Populatie;
Population criteria;;no;yes;no;;Population criteria;;Populatiecriteria;
Populations;;no;yes;no;;Populations;;Populaties;
Position in pay range;;no;yes;no;;Position in pay range;;Positie in salarisschaal;
Preview;;no;yes;no;;Preview;;Voorbeeld;
Preview document;;no;yes;no;;Preview document;;Document bekijken;
Previous;;no;yes;no;;Previous;;Vorige;
Priority;;no;yes;no;;Priority;;Prioriteit;
Privacy settings;;no;yes;no;;Privacy settings;;Privacy-instellingen;
Privacy statement text;;no;yes;no;;Privacy statement text;;Privacyverklaring tekst;
Private;;no;yes;no;;Private;;Privé;
Proceed;;no;yes;no;;Proceed;;Doorgaan;
Processing;;no;yes;no;;Processing;;Aan het verwerken;
Professional;;no;yes;no;;Professional;;Professioneel;
Progress;;no;yes;no;;Progress;;Voortgang;
Progress tracking;;no;yes;no;;Progress tracking;;Voortgang bijhouden;
Properties;;no;yes;no;;Properties;;Eigenschappen;
Proposal management;;no;yes;no;;Proposal management;;Voorstellenbeheer;
Prorated target bonus;;no;yes;no;;Prorated target bonus;;Naar rato berekende doelbonus;
Proxy access list;;no;yes;no;;Proxy access list;;Proxy-toegangslijst;
Proxy permission;;no;yes;no;;Proxy permission;;Proxy-machtigingen;
Public;;no;yes;no;;Public;;Openbaar;
Public feedback;;no;yes;no;;Public feedback;;Openbare feedback;
Publish;;no;yes;no;;Publish;;Publiceren;
Published;;no;yes;no;;Published;;Gepubliceerd;
Published date;;no;yes;no;;Published date;;Publicatiedatum;
Publishing;;no;yes;no;;Publishing;;Publiceren;
Purpose;;no;yes;no;;Purpose;;Doel;
Question;;no;yes;no;;Question;;Vraag;
Questions;;no;yes;no;;Questions;;Vragen;
RTI request status;;no;yes;no;;RTI request status;;Status RTI-aanvraag;
Range;;no;yes;no;;Range;;Bereik;
Rate this feedback;;no;yes;no;;Rate this feedback;;Beoordeel deze feedback;
Rating;;no;yes;no;;Rating;;Beoordeling;
Rating changed;;no;yes;no;;Rating changed;;Beoordeling gewijzigd;
Rating distribution;;no;yes;no;;Rating distribution;;Beoordelingsverdeling;
Rating scale;;no;yes;no;;Rating scale;;Beoordelingsschaal;
Rating scales;;no;yes;no;;Rating scales;;Beoordelingsschalen;
Read;;no;yes;no;;Read;;Lees;
Read only;;no;yes;no;;Read only;;Alleen lezen;
Read status;;no;yes;no;;Read status;;Leesstatus;
Read-only;;no;yes;no;;Read-only;;Alleen-lezen;
Ready;;no;yes;no;;Ready;;Klaar;
Reassign;;no;yes;no;;Reassign;;Opnieuw toewijzen;
Reassign manager;;no;yes;no;;Reassign manager;;Manager opnieuw toewijzen;
Reassigned;;no;yes;no;;Reassigned;;Opnieuw toegewezen;
Received;;no;yes;no;;Received;;Ontvangen;
Received behaviors;;no;yes;no;;Received behaviors;;Ontvangen gedragingen;
Received feedback;;no;yes;no;;Received feedback;;Ontvangen feedback;
Recipient;;no;yes;no;;Recipient;;Ontvanger;
Recipients;;no;yes;no;;Recipients;;Ontvangers;
Recognition;;no;yes;no;;Recognition;;Erkenning;
Recognized behaviors;;no;yes;no;;Recognized behaviors;;Erkende gedragingen;
Recommended;;no;yes;no;;Recommended;;Aanbevolen;
Recurrence;;no;yes;no;;Recurrence;;Herhaling;
Recurring;;no;yes;no;;Recurring;;Terugkerend;
Reference;;no;yes;no;;Reference;;Referentie;
Reference number;;no;yes;no;;Reference number;;Referentienummer;
Refresh;;no;yes;no;;Refresh;;Vernieuwen;
Region;;no;yes;no;;Region;;Regio;
Regular;;no;yes;no;;Regular;;Regulier;
Regular check-ins;;no;yes;no;;Regular check-ins;;Regelmatige check-ins;
Reject;;no;yes;no;;Reject;;Afwijzen;
Rejected;;no;yes;no;;Rejected;;Afgewezen;
Relation;;no;yes;no;;Relation;;Relatie;
Release;;no;yes;no;;Release;;Vrijgeven;
Release status;;no;yes;no;;Release status;;Status van de release;
Released;;no;yes;no;;Released;;Uitgebracht;
Remaining;;no;yes;no;;Remaining;;Resterend;
Reminder name;;no;yes;no;;Reminder name;;Naam van herinnering;
Reminders;;no;yes;no;;Reminders;;Herinneringen;
Remove;;no;yes;no;;Remove;;Verwijderen;
Remove all;;no;yes;no;;Remove all;;Verwijder alles;
Rename;;no;yes;no;;Rename;;Hernoemen;
Reopen;;no;yes;no;;Reopen;;Heropenen;
Reopen reviews;;no;yes;no;;Reopen reviews;;Beoordelingen heropenen;
Reopened;;no;yes;no;;Reopened;;Heropend;
Reply rate;;no;yes;no;;Reply rate;;Reactiegraad;
Reports;;no;yes;no;;Reports;;Rapporten;
Republish;;no;yes;no;;Republish;;Opnieuw publiceren;
Republished round;;no;yes;no;;Republished round;;Heruitgegeven ronde;
Request;;no;yes;no;;Request;;Aanvraag;
Request ID;;no;yes;no;;Request ID;;Aanvraag-ID;
Request date;;no;yes;no;;Request date;;Aanvraagdatum;
Request details;;no;yes;no;;Request details;;Aanvraagdetails;
Request feedback;;no;yes;no;;Request feedback;;Feedback aanvragen;
Request feedback from;;no;yes;no;;Request feedback from;;Vraag feedback aan;
Request feedback now;;no;yes;no;;Request feedback now;;Vraag nu om feedback;
Request feedback on;;no;yes;no;;Request feedback on;;Vraag om feedback over;
Request pay information;;no;yes;no;;Request pay information;;Salarisinformatie aanvragen;
Request status;;no;yes;no;;Request status;;Aanvraagstatus;
Requested;;no;yes;no;;Requested;;Aangevraagd;
Requested feedback;;no;yes;no;;Requested feedback;;Gevraagde feedback;
Requests;;no;yes;no;;Requests;;Verzoeken;
Requests about my team;;no;yes;no;;Requests about my team;;Verzoeken over mijn team;
Required;;no;yes;no;;Required;;Vereist;
Resources;;no;yes;no;;Resources;;Middelen;
Response permission;;no;yes;no;;Response permission;;Antwoordtoestemming;
Resubmit;;no;yes;no;;Resubmit;;Opnieuw indienen;
Result;;no;yes;no;;Result;;Resultaat;
Review;;no;yes;no;;Review;;Beoordeling;
Review Details;;no;yes;no;;Review Details;;Beoordelingsdetails;
Review Status;;no;yes;no;;Review Status;;Beoordelingsstatus;
Review about;;no;yes;no;;Review about;;Beoordeling over;
Review challenge;;no;yes;no;;Review challenge;;Beoordelingsuitdaging;
Review name;;no;yes;no;;Review name;;Beoordelingsnaam;
Review rating;;no;yes;no;;Review rating;;Beoordelingsscore;
Review rating distribution;;no;yes;no;;Review rating distribution;;Beoordelingsverdeling beoordelen;
Review settings;;no;yes;no;;Review settings;;Instellingen voor beoordeling;
Review stage;;no;yes;no;;Review stage;;Beoordelingsfase;
Review stages;;no;yes;no;;Review stages;;Beoordelingsfasen;
Review status;;no;yes;no;;Review status;;Status van beoordeling;
Review type;;no;yes;no;;Review type;;Type beoordeling;
Reviews;;no;yes;no;;Reviews;;Beoordelingen;
Role;;no;yes;no;;Role;;Rol;
Roles;;no;yes;no;;Roles;;Rollen;
Round;;no;yes;no;;Round;;Ronde;
Round code;;no;yes;no;;Round code;;Ronde code;
Round details;;no;yes;no;;Round details;;Rondedetails;
Round reminders;;no;yes;no;;Round reminders;;Rondeherinneringen;
Round republished;;no;yes;no;;Round republished;;Ronde opnieuw gepubliceerd;
Round type;;no;yes;no;;Round type;;Rondetype;
Round visibility;;no;yes;no;;Round visibility;;Ronde zichtbaarheid;
Rule configuration;;no;yes;no;;Rule configuration;;Regelconfiguratie;
Rule details;;no;yes;no;;Rule details;;Regeldetails;
Rule name;;no;yes;no;;Rule name;;Regelnaam;
Rules;;no;yes;no;;Rules;;Regels;
Salary;;no;yes;no;;Salary;;Salaris;
Salary configuration;;no;yes;no;;Salary configuration;;Salarisconfiguratie;
Save;;no;yes;no;;Save;;Opslaan;
Save & exit;;no;yes;no;;Save & exit;;Opslaan & afsluiten;
Scale;;no;yes;no;;Scale;;Schaal;
Search;;no;yes;no;;Search;;Zoeken;
Search by name;;no;yes;no;;Search by name;;Zoek op naam;
Search by name or code;;no;yes;no;;Search by name or code;;Zoek op naam of code;
Search for a person;;no;yes;no;;Search for a person;;Zoek naar een persoon;
Search for a worker;;no;yes;no;;Search for a worker;;Zoek een medewerker;
Search for workers;;no;yes;no;;Search for workers;;Zoek naar werknemers;
Secondary email;;no;yes;no;;Secondary email;;Secundair e-mailadres;
Secondary email address;;no;yes;no;;Secondary email address;;Secundair e-mailadres;
Secondary hierarchy;;no;yes;no;;Secondary hierarchy;;Secundaire hiërarchie;
Section header;;no;yes;no;;Section header;;Sectiekop;
Security;;no;yes;no;;Security;;Beveiliging;
Security group;;no;yes;no;;Security group;;Beveiligingsgroep;
See all;;no;yes;no;;See all;;Bekijk alles;
Select;;no;yes;no;;Select;;Selecteer;
Select all;;no;yes;no;;Select all;;Selecteer alles;
Select an option;;no;yes;no;;Select an option;;Selecteer een optie;
Select communication round;;no;yes;no;;Select communication round;;Selecteer communicatieronde;
Select data model;;no;yes;no;;Select data model;;Selecteer gegevensmodel;
Select entity;;no;yes;no;;Select entity;;Selecteer entiteit;
Select filters;;no;yes;no;;Select filters;;Selecteer filters;
Select goal;;no;yes;no;;Select goal;;Doel selecteren;
Select owners;;no;yes;no;;Select owners;;Selecteer eigenaren;
Select population;;no;yes;no;;Select population;;Selecteer populatie;
Select the compensation element;;no;yes;no;;Select the compensation element;;Selecteer het compensatie-element;
Select type;;no;yes;no;;Select type;;Selecteer type;
Selected;;no;yes;no;;Selected;;Geselecteerd;
Selected column;;no;yes;no;;Selected column;;Geselecteerde kolom;
Selected fields;;no;yes;no;;Selected fields;;Geselecteerde velden;
Selected items;;no;yes;no;;Selected items;;Geselecteerde items;
Selected population;;no;yes;no;;Selected population;;Geselecteerde populatie;
Self;;no;yes;no;;Self;;Zelf;
Self-assessment;;no;yes;no;;Self-assessment;;Zelfevaluatie;
Self-review;;no;yes;no;;Self-review;;Zelfevaluatie;
Send;;no;yes;no;;Send;;Verstuur;
Send feedback;;no;yes;no;;Send feedback;;Stuur feedback;
Send to Documents;;no;yes;no;;Send to Documents;;Verstuur naar Documenten;
Sender;;no;yes;no;;Sender;;Verzender;
Sensitive Content;;no;yes;no;;Sensitive Content;;Gevoelige inhoud;
Sent;;no;yes;no;;Sent;;Verzonden;
Sent behaviors;;no;yes;no;;Sent behaviors;;Verzonden gedragingen;
Sent feedback;;no;yes;no;;Sent feedback;;Feedback verzonden;
Sent to;;no;yes;no;;Sent to;;Verzonden naar;
Separator;;no;yes;no;;Separator;;Scheidingsteken;
Session timeout;;no;yes;no;;Session timeout;;Sessie verlopen;
Settings;;no;yes;no;;Settings;;Instellingen;
Setup;;no;yes;no;;Setup;;Instellen;
Share;;no;yes;no;;Share;;Delen;
Share feedback;;no;yes;no;;Share feedback;;Deel feedback;
Share this feedback;;no;yes;no;;Share this feedback;;Deel deze feedback;
Share with;;no;yes;no;;Share with;;Deel met;
Share your insights;;no;yes;no;;Share your insights;;Deel je inzichten;
Share your thoughts;;no;yes;no;;Share your thoughts;;Deel je gedachten;
Shared;;no;yes;no;;Shared;;Gedeeld;
Shared feedback;;no;yes;no;;Shared feedback;;Gedeelde feedback;
Shared goals;;no;yes;no;;Shared goals;;Gedeelde doelen;
Shared with;;no;yes;no;;Shared with;;Gedeeld met;
Shared with me;;no;yes;no;;Shared with me;;Gedeeld met mij;
Sharing;;no;yes;no;;Sharing;;Delen;
Short;;no;yes;no;;Short;;Kort;
Show;;no;yes;no;;Show;;Toon;
Show all;;no;yes;no;;Show all;;Alles weergeven;
Since request;;no;yes;no;;Since request;;Sinds aanvraag;
Situation;;no;yes;no;;Situation;;Situatie;
Situations;;no;yes;no;;Situations;;Situaties;
Skill & Competency Groups;;no;yes;no;;Skill & Competency Groups;;Vaardigheids- en competentiegroepen;
Skill & competency groups;;no;yes;no;;Skill & competency groups;;Vaardigheids- en competentiegroepen;
Skills;;no;yes;no;;Skills;;Vaardigheden;
Skills & competency groups;;no;yes;no;;Skills & competency groups;;Vaardigheden en competentiegroepen;
Snapshot;;no;yes;no;;Snapshot;;Momentopname;
Snapshot details;;no;yes;no;;Snapshot details;;Momentopname details;
Snapshots;;no;yes;no;;Snapshots;;Momentopnamen;
Source;;no;yes;no;;Source;;Bron;
Stage;;no;yes;no;;Stage;;Fase;
Standard;;no;yes;no;;Standard;;Standaard;
Start;;no;yes;no;;Start;;Starten;
Start date;;no;yes;no;;Start date;;Startdatum;
Start date in company;;no;yes;no;;Start date in company;;Startdatum in bedrijf;
Start time;;no;yes;no;;Start time;;Starttijd;
State;;no;yes;no;;State;;Staat;
Statement generation;;no;yes;no;;Statement generation;;Overzichtgeneratie;
Statements;;no;yes;no;;Statements;;Verklaringen;
Status by org. level;;no;yes;no;;Status by org. level;;Status per organisatieniveau;
Step curve;;no;yes;no;;Step curve;;Stapcurve;
Step end date;;no;yes;no;;Step end date;;Einddatum stap;
Stock;;no;yes;no;;Stock;;Aandelen;
Street address;;no;yes;no;;Street address;;Adres;
Subgroups;;no;yes;no;;Subgroups;;Subgroepen;
Subject;;no;yes;no;;Subject;;Onderwerp;
Submit;;no;yes;no;;Submit;;Indienen;
Submit to manager;;no;yes;no;;Submit to manager;;Indienen bij manager;
Submitted;;no;yes;no;;Submitted;;Ingediend;
Success;;no;yes;no;;Success;;Succes;
Suggested agenda;;no;yes;no;;Suggested agenda;;Voorgestelde agenda;
Sum;;no;yes;no;;Sum;;Som;
Summary;;no;yes;no;;Summary;;Samenvatting;
System;;no;yes;no;;System;;Systeem;
System populations;;no;yes;no;;System populations;;Systeempopulaties;
TOTAL;;no;yes;no;;TOTAL;;TOTAAL;
Tag library;;no;yes;no;;Tag library;;Tagbibliotheek;
Target;;no;yes;no;;Target;;Doel;
Target bonus;;no;yes;no;;Target bonus;;Doelbonus;
Target budget;;no;yes;no;;Target budget;;Doelbudget;
Team planner view;;no;yes;no;;Team planner view;;Teamplannerweergave;
Team requests;;no;yes;no;;Team requests;;Teamverzoeken;
Template;;no;yes;no;;Template;;Sjabloon;
Template document;;no;yes;no;;Template document;;Sjabloondocument;
Template widget settings;;no;yes;no;;Template widget settings;;Widget-instellingensjabloon;
Templates;;no;yes;no;;Templates;;Sjablonen;
Text;;no;yes;no;;Text;;Tekst;
Text field;;no;yes;no;;Text field;;Tekstveld;
Thanks;;no;yes;no;;Thanks;;Bedankt;
Then;;no;yes;no;;Then;;Dan;
Time in role;;no;yes;no;;Time in role;;Tijd in functie;
Time zone;;no;yes;no;;Time zone;;Tijdzone;
Timeline;;no;yes;no;;Timeline;;Tijdlijn;
Title;;no;yes;no;;Title;;Titel;
Today;;no;yes;no;;Today;;Vandaag;
Toggle;;no;yes;no;;Toggle;;Schakel;
Total;;no;yes;no;;Total;;Totaal;
Total behaviors;;no;yes;no;;Total behaviors;;Totaal aantal gedragingen;
Total compensation;;no;yes;no;;Total compensation;;Totale compensatie;
Total entities;;no;yes;no;;Total entities;;Totaal aantal entiteiten;
Total goals;;no;yes;no;;Total goals;;Totaal doelpunten;
Total reviews;;no;yes;no;;Total reviews;;Totaal aantal beoordelingen;
Total score;;no;yes;no;;Total score;;Totaalscore;
Total workers;;no;yes;no;;Total workers;;Totaal aantal medewerkers;
Tracking status;;no;yes;no;;Tracking status;;Status bijhouden;
Training data;;no;yes;no;;Training data;;Trainingsgegevens;
True;;no;yes;no;;True;;Waar;
Trust;;no;yes;no;;Trust;;Vertrouwen;
Try again;;no;yes;no;;Try again;;Probeer het opnieuw;
Type part of a name;;no;yes;no;;Type part of a name;;Typ een deel van een naam;
Type weight;;no;yes;no;;Type weight;;Lettertype dikte;
Type your message here;;no;yes;no;;Type your message here;;Typ hier uw bericht;
Types;;no;yes;no;;Types;;Typen;
Unavailable;;no;yes;no;;Unavailable;;Niet beschikbaar;
Unclear;;no;yes;no;;Unclear;;Onduidelijk;
Under review;;no;yes;no;;Under review;;Ter beoordeling;
Unexpected error;;no;yes;no;;Unexpected error;;Onverwachte fout;
Unhelpful;;no;yes;no;;Unhelpful;;Niet nuttig;
Unique logins;;no;yes;no;;Unique logins;;Unieke logins;
Unit;;no;yes;no;;Unit;;Eenheid;
Unrated;;no;yes;no;;Unrated;;Niet beoordeeld;
Unrelease;;no;yes;no;;Unrelease;;Intrekken;
Unreleased;;no;yes;no;;Unreleased;;Niet uitgebracht;
Unsaved changes;;no;yes;no;;Unsaved changes;;Niet-opgeslagen wijzigingen;
Unselect all;;no;yes;no;;Unselect all;;Deselecteer alles;
Upcoming;;no;yes;no;;Upcoming;;Aankomend;
Upcoming check-ins;;no;yes;no;;Upcoming check-ins;;Aankomende check-ins;
Update;;no;yes;no;;Update;;Bijwerken;
Updated;;no;yes;no;;Updated;;Bijgewerkt;
Updated by;;no;yes;no;;Updated by;;Bijgewerkt door;
Upload;;no;yes;no;;Upload;;Uploaden;
Upload behavior;;no;yes;no;;Upload behavior;;Uploadgedrag;
Upload file;;no;yes;no;;Upload file;;Bestand uploaden;
Upload the completed file;;no;yes;no;;Upload the completed file;;Upload het voltooide bestand;
Upload the modified Excel file;;no;yes;no;;Upload the modified Excel file;;Upload het gewijzigde Excel-bestand;
Uploaded by;;no;yes;no;;Uploaded by;;Geüpload door;
Uploaded files;;no;yes;no;;Uploaded files;;Geüploade bestanden;
Uploading;;no;yes;no;;Uploading;;Bezig met uploaden;
Usage;;no;yes;no;;Usage;;Gebruik;
Usage details;;no;yes;no;;Usage details;;Gebruiksdetails;
Used;;no;yes;no;;Used;;Gebruikt;
Used in;;no;yes;no;;Used in;;Gebruikt in;
Useful information;;no;yes;no;;Useful information;;Nuttige informatie;
User;;no;yes;no;;User;;Gebruiker;
User Security;;no;yes;no;;User Security;;Gebruikersbeveiliging;
User local time;;no;yes;no;;User local time;;Lokale tijd van de gebruiker;
Username;;no;yes;no;;Username;;Gebruikersnaam;
Users;;no;yes;no;;Users;;Gebruikers;
Users who sent feedback;;no;yes;no;;Users who sent feedback;;Gebruikers die feedback hebben verstuurd;
Users with no goals;;no;yes;no;;Users with no goals;;Gebruikers zonder doelen;
Validate;;no;yes;no;;Validate;;Valideren;
Validation;;no;yes;no;;Validation;;Validatie;
Value;;no;yes;no;;Value;;Waarde;
Value type;;no;yes;no;;Value type;;Waardetype;
Values;;no;yes;no;;Values;;Waarden;
Version;;no;yes;no;;Version;;Versie;
View;;no;yes;no;;View;;Bekijken;
View all;;no;yes;no;;View all;;Bekijk alles;
View my received feedback;;no;yes;no;;View my received feedback;;Bekijk mijn ontvangen feedback;
View review;;no;yes;no;;View review;;Bekijk beoordeling;
Visibility;;no;yes;no;;Visibility;;Zichtbaarheid;
Weight;;no;yes;no;;Weight;;Gewicht;
Weighted score;;no;yes;no;;Weighted score;;Gewogen score;
Widget settings;;no;yes;no;;Widget settings;;Widget-instellingen;
Work country;;no;yes;no;;Work country;;Werkland;
Workbench;;no;yes;no;;Workbench;;Werkbank;
Worker;;no;yes;no;;Worker;;Werknemer;
Worker & manager;;no;yes;no;;Worker & manager;;Medewerker & manager;
Worker ID;;no;yes;no;;Worker ID;;Werknemer-ID;
Worker category;;no;yes;no;;Worker category;;Werknemercategorie;
Worker details;;no;yes;no;;Worker details;;Medewerkerdetails;
Worker name;;no;yes;no;;Worker name;;Naam werknemer;
Worker self-assessment;;no;yes;no;;Worker self-assessment;;Zelfevaluatie van de werknemer;
Worker sign-off;;no;yes;no;;Worker sign-off;;Bevestiging door medewerker;
Worker submission;;no;yes;no;;Worker submission;;Werknemerinzending;
Workers;;no;yes;no;;Workers;;Werknemers;
Workflow;;no;yes;no;;Workflow;;Werkstroom;
Workflow section;;no;yes;no;;Workflow section;;Werkstroomsectie;
Workflow status;;no;yes;no;;Workflow status;;Workflowstatus;
Workflow step;;no;yes;no;;Workflow step;;Werkstap;
Workflow steps;;no;yes;no;;Workflow steps;;Workflowstappen;
Workflow type;;no;yes;no;;Workflow type;;Werkstroomtype;
Write;;no;yes;no;;Write;;Schrijven;
Year;;no;yes;no;;Year;;Jaar;
Years;;no;yes;no;;Years;;Jaren;
Your comment;;no;yes;no;;Your comment;;Uw opmerking;
Your documents;;no;yes;no;;Your documents;;Uw documenten;
Your email;;no;yes;no;;Your email;;Uw e-mail;
Your observations;;no;yes;no;;Your observations;;Uw observaties;
Your view;;no;yes;no;;Your view;;Uw weergave;
