term;description;casesensitive;translatable;forbidden;tags;en-US;en-US_description;fr_FR;fr_FR_description
About;;no;yes;no;;About;;A propos;
About my team;;no;yes;no;;About my team;;Sur mon équipe;
Accept;;no;yes;no;;Accept;;Accepter;
Accepted;;no;yes;no;;Accepted;;Accepté;
Account;;no;yes;no;;Account;;Compte;
Achievement;;no;yes;no;;Achievement;;Réussite;
Achievement summary;;no;yes;no;;Achievement summary;;Résumé des réalisations;
Action required;;no;yes;no;;Action required;;Action requise;
Actions required;;no;yes;no;;Actions required;;Actions requises;
Activate;;no;yes;no;;Activate;;Activer;
Active users;;no;yes;no;;Active users;;Utilisateurs actifs;
Actor;;no;yes;no;;Actor;;Acteur;
Add;;no;yes;no;;Add;;Ajouter;
Add all;;no;yes;no;;Add all;;Ajouter tout;
Add all company;;no;yes;no;;Add all company;;Ajouter toute l'entreprise;
Add all organizational units;;no;yes;no;;Add all organizational units;;Ajouter toutes les unités organisationnelles;
Add condition;;no;yes;no;;Add condition;;Ajouter une condition;
Add feedback note;;no;yes;no;;Add feedback note;;Ajouter une note de feedback;
Add field;;no;yes;no;;Add field;;Ajouter un champ;
Add mapping;;no;yes;no;;Add mapping;;Ajouter un mappage;
Add note;;no;yes;no;;Add note;;Ajouter une note;
Add question;;no;yes;no;;Add question;;Ajouter une question;
Add skills;;no;yes;no;;Add skills;;Ajouter des compétences;
Add step;;no;yes;no;;Add step;;Ajouter une étape;
Addition;;no;yes;no;;Addition;;Ajout;
Additional Managers;;no;yes;no;;Additional Managers;;Managers supplémentaires;
Additional goal description;;no;yes;no;;Additional goal description;;Description supplémentaire de l'objectif;
Additional information;;no;yes;no;;Additional information;;Informations supplémentaires;
Additional manager;;no;yes;no;;Additional manager;;Manager supplémentaire;
Additional managers;;no;yes;no;;Additional managers;;Managers supplémentaires;
Additional review;;no;yes;no;;Additional review;;Bilan supplémentaire;
Advanced;;no;yes;no;;Advanced;;Avancé;
After;;no;yes;no;;After;;Ultérieur à;
Agenda;;no;yes;no;;Agenda;;Ordre du jour;
Alert;;no;yes;no;;Alert;;Alerte;
Alerts;;no;yes;no;;Alerts;;Alertes;
Aligned with goal;;no;yes;no;;Aligned with goal;;Aligné sur;
Alignment;;no;yes;no;;Alignment;;Alignement;
All company;;no;yes;no;;All company;;Toute l'entreprise;
All criteria;;no;yes;no;;All criteria;;Tous les critères;
All locations;;no;yes;no;;All locations;;Toutes les localisations;
All organizational units;;no;yes;no;;All organizational units;;Toutes les unités organisationnelles;
All participants;;no;yes;no;;All participants;;Tous les participants;
All results;;no;yes;no;;All results;;Tous les résultats;
All roles;;no;yes;no;;All roles;;Tous les rôles;
All updates;;no;yes;no;;All updates;;Toutes les mises à jour;
Analysis;;no;yes;no;;Analysis;;Analyse;
Analytics;;no;yes;no;;Analytics;;Analyses;
Anonymization;;no;yes;no;;Anonymization;;Anonymisation;
Answer type;;no;yes;no;;Answer type;;Type de réponse;
Anyone;;no;yes;no;;Anyone;;Tout le monde;
Anyone in the company;;no;yes;no;;Anyone in the company;;N'importe qui dans l'entreprise;
Appearance;;no;yes;no;;Appearance;;Apparence;
Apply;;no;yes;no;;Apply;;Appliquer;
Apply filters;;no;yes;no;;Apply filters;;Appliquer les filtres;
Approve;;no;yes;no;;Approve;;Approuver;
Approved;;no;yes;no;;Approved;;Approbation;
Archived;;no;yes;no;;Archived;;Archivé;
Assign;;no;yes;no;;Assign;;Assigner;
Assign to;;no;yes;no;;Assign to;;Assigner à;
Assigned;;no;yes;no;;Assigned;;Assigné;
Assigned reviews;;no;yes;no;;Assigned reviews;;Bilans assignés;
Assigned to;;no;yes;no;;Assigned to;;Assigné à;
Assignment;;no;yes;no;;Assignment;;Assignation;
Assignment permissions;;no;yes;no;;Assignment permissions;;Autorisations d'assignation;
At least one number;;no;yes;no;;At least one number;;Au moins un chiffre;
At risk;;no;yes;no;;At risk;;A risque;
Attached document;;no;yes;no;;Attached document;;Document joint;
Attachments;;no;yes;no;;Attachments;;Pièces jointes;
Audit trail;;no;yes;no;;Audit trail;;Journal d'audit;
Auto-suggestion;;no;yes;no;;Auto-suggestion;;Suggestion automatique;
Available;;no;yes;no;;Available;;Disponible;
Average score;;no;yes;no;;Average score;;Score moyen;
Average total score;;no;yes;no;;Average total score;;Score total moyen;
Avg. word count;;no;yes;no;;Avg. word count;;Nombre de mots moyen;
Back;;no;yes;no;;Back;;Retour;
Basic Information;;no;yes;no;;Basic Information;;Informations de base;
Basic information;;no;yes;no;;Basic information;;Informations de base;
Before;;no;yes;no;;Before;;Antérieur à;
Behavior;;no;yes;no;;Behavior;;Comportement;
Behavior libraries;;no;yes;no;;Behavior libraries;;Bibliothèques de comportement;
Behavior library;;no;yes;no;;Behavior library;;Bibliothèque de comportements;
Behavior profile;;no;yes;no;;Behavior profile;;Profil comportemental;
Behavior wheel;;no;yes;no;;Behavior wheel;;Roue des comportements;
Behaviors;;no;yes;no;;Behaviors;;Comportements;
Behaviors sent;;no;yes;no;;Behaviors sent;;Comportements envoyés;
Benchmarking;;no;yes;no;;Benchmarking;;Analyse comparative;
Blank values;;no;yes;no;;Blank values;;Valeurs vides;
Blocked;;no;yes;no;;Blocked;;Bloqué;
Bonus Plans;;no;yes;no;;Bonus Plans;;Plans de bonus;
Bonus amount;;no;yes;no;;Bonus amount;;Montant de la prime;
Bonus calculation equation;;no;yes;no;;Bonus calculation equation;;Équation de calcul du bonus;
Bonus calculation formula;;no;yes;no;;Bonus calculation formula;;Formule de calcul du bonus;
Bonus plan;;no;yes;no;;Bonus plan;;Plan de bonus;
Bonus plans;;no;yes;no;;Bonus plans;;Plans de bonus;
Boolean;;no;yes;no;;Boolean;;Booléen;
Budget rule;;no;yes;no;;Budget rule;;Règle budgétaire;
Business;;no;yes;no;;Business;;Entreprise;
Calculated;;no;yes;no;;Calculated;;Calculé;
Calculated bonus;;no;yes;no;;Calculated bonus;;Prime calculée;
Calculated column;;no;yes;no;;Calculated column;;Colonne calculée;
Calculation;;no;yes;no;;Calculation;;Calcul;
Calculation workspace;;no;yes;no;;Calculation workspace;;Espace de calcul;
Calibration;;no;yes;no;;Calibration;;Calibrage;
Can edit;;no;yes;no;;Can edit;;Peut modifier;
Can view;;no;yes;no;;Can view;;Peut consulter;
Cancel;;no;yes;no;;Cancel;;Annuler;
Canceled;;no;yes;no;;Canceled;;Annulé;
Career Development;;no;yes;no;;Career Development;;Développement de carrière;
Career Development Plans;;no;yes;no;;Career Development Plans;;Plans de développement de carrière;
Career Development Settings;;no;yes;no;;Career Development Settings;;Paramètres de développement de carrière;
Career development;;no;yes;no;;Career development;;Développement de carrière;
Career development plan;;no;yes;no;;Career development plan;;Plan de développement de carrière;
Career development plans;;no;yes;no;;Career development plans;;Plans de développement de carrière;
Career development settings;;no;yes;no;;Career development settings;;Paramètres de développement de carrière;
Career plan questionnaire;;no;yes;no;;Career plan questionnaire;;Questionnaire sur le plan de carrière;
Career plans;;no;yes;no;;Career plans;;Plans de carrière;
Categories;;no;yes;no;;Categories;;Catégories;
Category;;no;yes;no;;Category;;Catégorie;
Challenge process;;no;yes;no;;Challenge process;;Processus de contestation;
Challenge review;;no;yes;no;;Challenge review;;Contestation du bilan;
Challenged;;no;yes;no;;Challenged;;Contesté;
Change;;no;yes;no;;Change;;Modifier;
Change workflow step;;no;yes;no;;Change workflow step;;Modifier l'étape du workflow;
Check-in Details;;no;yes;no;;Check-in Details;;Détails du check-in;
Check-in Status;;no;yes;no;;Check-in Status;;Statut des check-ins;
Check-in date;;no;yes;no;;Check-in date;;Date du check-in;
Check-in with;;no;yes;no;;Check-in with;;Check-in avec;
Check-ins created;;no;yes;no;;Check-ins created;;Check-ins créés;
Choose one;;no;yes;no;;Choose one;;Choisissez-en un;
City;;no;yes;no;;City;;Ville;
Clear;;no;yes;no;;Clear;;Effacer;
Clear all;;no;yes;no;;Clear all;;Effacer tout;
Clear all filters;;no;yes;no;;Clear all filters;;Effacer tous les filtres;
Clear all filters & search;;no;yes;no;;Clear all filters & search;;Effacer tous les filtres & rechercher;
Clear all filters and search;;no;yes;no;;Clear all filters and search;;Effacer tous les filtres et rechercher;
Clear filters;;no;yes;no;;Clear filters;;Effacer les filtres;
Clear search;;no;yes;no;;Clear search;;Effacer la recherche;
Close;;no;yes;no;;Close;;Fermer;
Closed;;no;yes;no;;Closed;;Clôturé;
Closed without document;;no;yes;no;;Closed without document;;Clôturé sans document;
Collaborative;;no;yes;no;;Collaborative;;Collaboratif;
Collapse;;no;yes;no;;Collapse;;Réduire;
Color;;no;yes;no;;Color;;Couleur;
Column name;;no;yes;no;;Column name;;Nom de la colonne;
Columns;;no;yes;no;;Columns;;Colonnes;
Coming soon;;no;yes;no;;Coming soon;;Bientôt disponible;
Comm manager;;no;yes;no;;Comm manager;;Manager de communication;
Comm round;;no;yes;no;;Comm round;;Cycle de communication;
Comment;;no;yes;no;;Comment;;Commentaire;
Comments;;no;yes;no;;Comments;;Commentaires;
Communication Rounds;;no;yes;no;;Communication Rounds;;Cycles de communication;
Communication manager;;no;yes;no;;Communication manager;;Responsable de la communication;
Communication manager name;;no;yes;no;;Communication manager name;;Nom du responsable de communication;
Communication round;;no;yes;no;;Communication round;;Cycle de communication;
Communication rounds;;no;yes;no;;Communication rounds;;Cycles de communication;
Comp Rounds;;no;yes;no;;Comp Rounds;;Rondes de rémunération;
Comp element;;no;yes;no;;Comp element;;Élément de rémunération;
Comp elements;;no;yes;no;;Comp elements;;Eléments de rémunération;
Comp manager;;no;yes;no;;Comp manager;;Manager comp;
Comp managers;;no;yes;no;;Comp managers;;Managers Comp;
Comp round;;no;yes;no;;Comp round;;Cycle de rémunération;
Comp round currency;;no;yes;no;;Comp round currency;;Devise du cycle de rémunération;
Comp rounds;;no;yes;no;;Comp rounds;;Cycles de rémunération;
Comp tree;;no;yes;no;;Comp tree;;Arbre de rémunération;
Company;;no;yes;no;;Company;;Entreprise;
Company logo;;no;yes;no;;Company logo;;Logo de l'entreprise;
Company name;;no;yes;no;;Company name;;Nom de l'entreprise;
Compare;;no;yes;no;;Compare;;Comparaison;
Compensation;;no;yes;no;;Compensation;;Rémunération;
Compensation Element;;no;yes;no;;Compensation Element;;Élément de rémunération;
Compensation History;;no;yes;no;;Compensation History;;Historique de rémunération;
Compensation Management;;no;yes;no;;Compensation Management;;Gestion de la rémunération;
Compensation Rounds;;no;yes;no;;Compensation Rounds;;Cycles de rémunération;
Compensation element;;no;yes;no;;Compensation element;;Elément de rémunération;
Compensation elements;;no;yes;no;;Compensation elements;;Éléments de rémunération;
Compensation field;;no;yes;no;;Compensation field;;Champ de rémunération;
Compensation framework;;no;yes;no;;Compensation framework;;Système de rémunération;
Compensation history;;no;yes;no;;Compensation history;;Historique de rémunération;
Compensation manager;;no;yes;no;;Compensation manager;;Manager de rémunération;
Compensation philosophy;;no;yes;no;;Compensation philosophy;;Philosophie de rémunération;
Compensation rounds;;no;yes;no;;Compensation rounds;;Cycles de compensation;
Competency Scales;;no;yes;no;;Competency Scales;;Échelles d'aptitudes;
Competency scale;;no;yes;no;;Competency scale;;Échelle d'aptitudes;
Complete;;no;yes;no;;Complete;;Terminer;
Completed;;no;yes;no;;Completed;;Terminé;
Completion;;no;yes;no;;Completion;;Achèvement;
Completion rate;;no;yes;no;;Completion rate;;Taux de complétion;
Concatenated fields;;no;yes;no;;Concatenated fields;;Champs concaténés;
Conditional;;no;yes;no;;Conditional;;Conditionnel;
Conditional formatting;;no;yes;no;;Conditional formatting;;Mise en forme conditionnelle;
Configurations;;no;yes;no;;Configurations;;Configuration;
Confirm;;no;yes;no;;Confirm;;Confirmer;
Confirm deletion;;no;yes;no;;Confirm deletion;;Confirmer la suppression;
Connection name;;no;yes;no;;Connection name;;Nom de la connexion;
Constructive;;no;yes;no;;Constructive;;Constructif;
Contains;;no;yes;no;;Contains;;Contient;
Continue;;no;yes;no;;Continue;;Continuer;
Continue editing;;no;yes;no;;Continue editing;;Continuer les modifications;
Contract type;;no;yes;no;;Contract type;;Type de contrat;
Copy;;no;yes;no;;Copy;;Copier;
Cost Center;;no;yes;no;;Cost Center;;Centre de coûts;
Cost center;;no;yes;no;;Cost center;;Centre de coûts;
Count;;no;yes;no;;Count;;Nombre;
Country;;no;yes;no;;Country;;Pays;
Create;;no;yes;no;;Create;;Créer;
Create check-in;;no;yes;no;;Create check-in;;Créer un check-in;
Create communication round;;no;yes;no;;Create communication round;;Créer un cycle de communication;
Create document;;no;yes;no;;Create document;;Créer un document;
Create goal;;no;yes;no;;Create goal;;Créer un objectif;
Create goal plan;;no;yes;no;;Create goal plan;;Créer un plan d'objectif;
Create goal type;;no;yes;no;;Create goal type;;Créer un type d'objectif;
Create model;;no;yes;no;;Create model;;Créer un modèle;
Create performance review;;no;yes;no;;Create performance review;;Créer un bilan de performance;
Create rule;;no;yes;no;;Create rule;;Créer une règle;
Created;;no;yes;no;;Created;;Créé;
Created by;;no;yes;no;;Created by;;Créée par;
Created date;;no;yes;no;;Created date;;Date de création;
Created on;;no;yes;no;;Created on;;Créée le;
Creation date;;no;yes;no;;Creation date;;Date de création;
Creator;;no;yes;no;;Creator;;Créateur/créatrice;
Criteria;;no;yes;no;;Criteria;;Critères;
Criteria blocks;;no;yes;no;;Criteria blocks;;Blocs de critères;
Criterion;;no;yes;no;;Criterion;;Critère;
Currency;;no;yes;no;;Currency;;Devise;
Currency Settings;;no;yes;no;;Currency Settings;;Paramètres de devise;
Currency field;;no;yes;no;;Currency field;;Champ devise;
Currency source;;no;yes;no;;Currency source;;Source de la devise;
Current;;no;yes;no;;Current;;Actuel;
Current manager;;no;yes;no;;Current manager;;Manager actuel;
Custom;;no;yes;no;;Custom;;Personnalisé;
Custom Entities;;no;yes;no;;Custom Entities;;Entités personnalisées;
Custom Fields;;no;yes;no;;Custom Fields;;Champs personnalisés;
Custom column;;no;yes;no;;Custom column;;Colonne personnalisée;
Custom criteria;;no;yes;no;;Custom criteria;;Critères personnalisés;
Custom entities;;no;yes;no;;Custom entities;;Entités personnalisées;
Custom fields;;no;yes;no;;Custom fields;;Champs personnalisés;
Custom section;;no;yes;no;;Custom section;;Section personnalisée;
Custom widget;;no;yes;no;;Custom widget;;Widget personnalisé;
Data Entities & Sources;;no;yes;no;;Data Entities & Sources;;Entités & sources de données;
Data Foundation;;no;yes;no;;Data Foundation;;Fondation de données;
Data Management;;no;yes;no;;Data Management;;Gestion des données;
Data Modeler;;no;yes;no;;Data Modeler;;Modélisateur de données;
Data Privacy;;no;yes;no;;Data Privacy;;Confidentialité des données;
Data Retention;;no;yes;no;;Data Retention;;Conservation des données;
Data Upload;;no;yes;no;;Data Upload;;Importation de données;
Data entities & sources;;no;yes;no;;Data entities & sources;;Entités & sources de données;
Data foundation;;no;yes;no;;Data foundation;;Fondation de données;
Data management;;no;yes;no;;Data management;;Gestion des données;
Data model;;no;yes;no;;Data model;;Modèle de données;
Data privacy;;no;yes;no;;Data privacy;;Confidentialité des données;
Data privacy statement;;no;yes;no;;Data privacy statement;;Déclaration de confidentialité des données;
Data retention period;;no;yes;no;;Data retention period;;Période de conservation des données;
Data scope;;no;yes;no;;Data scope;;Portée des données;
Data source;;no;yes;no;;Data source;;Source de données;
Dataset;;no;yes;no;;Dataset;;Jeu de données;
Date & Time;;no;yes;no;;Date & Time;;Format de date;
Date & time;;no;yes;no;;Date & time;;Date & heure;
Date to;;no;yes;no;;Date to;;Date à;
Days;;no;yes;no;;Days;;Jours;
Deactivate;;no;yes;no;;Deactivate;;Désactiver;
Deactivated;;no;yes;no;;Deactivated;;Désactivée;
Deactivated user;;no;yes;no;;Deactivated user;;Utilisateur désactivé;
Deactivation;;no;yes;no;;Deactivation;;Désactivation;
Deadline status;;no;yes;no;;Deadline status;;Statut de la date limite;
Decimal;;no;yes;no;;Decimal;;Décimal;
Decimal precision;;no;yes;no;;Decimal precision;;Précision décimale;
Default;;no;yes;no;;Default;;Par défaut;
Default beqom logo;;no;yes;no;;Default beqom logo;;Logo beqom par défaut;
Default value;;no;yes;no;;Default value;;Valeur par défaut;
Delete;;no;yes;no;;Delete;;Supprimer;
Delete all;;no;yes;no;;Delete all;;Supprimer tout;
Delete comment;;no;yes;no;;Delete comment;;Supprimer le commentaire;
Delete goal;;no;yes;no;;Delete goal;;Supprimer l'objectif;
Delete note;;no;yes;no;;Delete note;;Supprimer la note;
Delete rule;;no;yes;no;;Delete rule;;Supprimer la règle;
Delete selected;;no;yes;no;;Delete selected;;Supprimer la sélection;
Deleted;;no;yes;no;;Deleted;;Supprimé;
Deleted by;;no;yes;no;;Deleted by;;Supprimé par;
Deletion;;no;yes;no;;Deletion;;Suppression;
Deliverable;;no;yes;no;;Deliverable;;Livrable;
Deliverables;;no;yes;no;;Deliverables;;Livrables;
Demographic;;no;yes;no;;Demographic;;Démographique;
Demographics;;no;yes;no;;Demographics;;Paramètres démographiques;
Department;;no;yes;no;;Department;;Service;
Desktop;;no;yes;no;;Desktop;;Bureau;
Details;;no;yes;no;;Details;;Détails;
Development;;no;yes;no;;Development;;Développement;
Development plans;;no;yes;no;;Development plans;;Plans de développement;
Digital reward statement;;no;yes;no;;Digital reward statement;;Relevé de rémunération numérique;
Direct Reports;;no;yes;no;;Direct Reports;;Subordonnés directs;
Direct report;;no;yes;no;;Direct report;;Subordonné direct;
Direct reports;;no;yes;no;;Direct reports;;Subordonnés directs;
Disable;;no;yes;no;;Disable;;Désactiver;
Disabled;;no;yes;no;;Disabled;;Désactivé;
Discard;;no;yes;no;;Discard;;Supprimer;
Discussion outcome;;no;yes;no;;Discussion outcome;;Résultat de la discussion;
Discussion point;;no;yes;no;;Discussion point;;Point de discussion;
Discussion points;;no;yes;no;;Discussion points;;Points de discussion;
Display name;;no;yes;no;;Display name;;Nom affiché;
Distribution guidelines;;no;yes;no;;Distribution guidelines;;Recommandations de distribution;
Document Settings;;no;yes;no;;Document Settings;;Paramètres du document;
Document Templates;;no;yes;no;;Document Templates;;Modèles de document;
Document generation;;no;yes;no;;Document generation;;Génération de document;
Document name;;no;yes;no;;Document name;;Nom du document;
Document preview;;no;yes;no;;Document preview;;Aperçu du document;
Document review;;no;yes;no;;Document review;;Revue du document;
Document settings;;no;yes;no;;Document settings;;Paramètres des documents;
Document status;;no;yes;no;;Document status;;Statut du document;
Document template;;no;yes;no;;Document template;;Modèle de document;
Done;;no;yes;no;;Done;;Terminé;
Download;;no;yes;no;;Download;;Télécharger;
Download CSV;;no;yes;no;;Download CSV;;Télécharger CSV;
Download log file;;no;yes;no;;Download log file;;Télécharger le journal;
Download template;;no;yes;no;;Download template;;Télécharger le modèle;
Download the template;;no;yes;no;;Download the template;;Téléchargez le modèle;
Draft;;no;yes;no;;Draft;;Ebauche;
Drop-down list;;no;yes;no;;Drop-down list;;Liste déroulante;
Due date;;no;yes;no;;Due date;;Date d'échéance;
Duplicate;;no;yes;no;;Duplicate;;Dupliquer;
Duplication successful;;no;yes;no;;Duplication successful;;Duplication réussie;
Edit;;no;yes;no;;Edit;;Modifier;
Edit goal;;no;yes;no;;Edit goal;;Modifier l'objectif;
Edit model;;no;yes;no;;Edit model;;Modifier le modèle;
Edit note;;no;yes;no;;Edit note;;Modifier la note;
Edited;;no;yes;no;;Edited;;Modifié;
Editor;;no;yes;no;;Editor;;Editeur;
Education;;no;yes;no;;Education;;Formation;
Effective date;;no;yes;no;;Effective date;;Date d'entrée en vigueur;
Eligibility;;no;yes;no;;Eligibility;;Eligibilité;
Eligible workers;;no;yes;no;;Eligible workers;;Employé(e)s éligibles;
Else;;no;yes;no;;Else;;Sinon;
Email Notifications;;no;yes;no;;Email Notifications;;Notifications par email;
Email address;;no;yes;no;;Email address;;Adresse email;
Email notification;;no;yes;no;;Email notification;;Notification par e-mail;
Email notifications;;no;yes;no;;Email notifications;;Notifications par email;
Email subject;;no;yes;no;;Email subject;;Sujet de l'email;
Employment;;no;yes;no;;Employment;;Emploi;
Empty;;no;yes;no;;Empty;;Vide;
Enable;;no;yes;no;;Enable;;Activer;
Enable Feedback;;no;yes;no;;Enable Feedback;;Activer le feedback;
Enabled;;no;yes;no;;Enabled;;Actif;
End date;;no;yes;no;;End date;;Date de fin;
Endorsed;;no;yes;no;;Endorsed;;Approuvé;
Enter;;no;yes;no;;Enter;;Entrer;
Enter a name;;no;yes;no;;Enter a name;;Saisir un nom;
Enter text;;no;yes;no;;Enter text;;Saisir le texte;
Entities;;no;yes;no;;Entities;;Entités;
Entities & fields;;no;yes;no;;Entities & fields;;Entités & champs;
Entity;;no;yes;no;;Entity;;Entité;
Entity details;;no;yes;no;;Entity details;;Détails de l'entité;
Entity enum;;no;yes;no;;Entity enum;;Entité énum;
Entity name;;no;yes;no;;Entity name;;Nom de l'entité;
Enum;;no;yes;no;;Enum;;Énumération;
Equal to;;no;yes;no;;Equal to;;Egal à;
Equity;;no;yes;no;;Equity;;Actions;
Error;;no;yes;no;;Error;;Erreur;
Errors;;no;yes;no;;Errors;;Erreurs;
Evaluation section;;no;yes;no;;Evaluation section;;Section d'évaluation;
Examples;;no;yes;no;;Examples;;Exemples;
Exchange Rates;;no;yes;no;;Exchange Rates;;Taux de change;
Exchange rate;;no;yes;no;;Exchange rate;;Taux de change;
Exchange rate type;;no;yes;no;;Exchange rate type;;Type de taux de change;
Exchange rates;;no;yes;no;;Exchange rates;;Taux de change;
Exclude;;no;yes;no;;Exclude;;Exclure;
Exclude individuals;;no;yes;no;;Exclude individuals;;Exclure des personnes;
Excluded;;no;yes;no;;Excluded;;Exclus;
Exit;;no;yes;no;;Exit;;Quitter;
Exit without saving;;no;yes;no;;Exit without saving;;Quitter sans enregistrer;
Expand;;no;yes;no;;Expand;;Développer;
Experience;;no;yes;no;;Experience;;Expérience;
Export;;no;yes;no;;Export;;Exportation;
Expression formula;;no;yes;no;;Expression formula;;Formule d'expression;
External;;no;yes;no;;External;;Externe;
Failed;;no;yes;no;;Failed;;Echec;
Favorite;;no;yes;no;;Favorite;;Ajouter aux favoris;
Favorite feedback;;no;yes;no;;Favorite feedback;;Feedback;
Favorites;;no;yes;no;;Favorites;;Favoris;
Feature;;no;yes;no;;Feature;;Fonctionnalité;
Feature Enablement;;no;yes;no;;Feature Enablement;;Activation de fonctions;
Feature enablement;;no;yes;no;;Feature enablement;;Activation de la fonction;
Features;;no;yes;no;;Features;;Fonctionnalités;
Feedback Ratings;;no;yes;no;;Feedback Ratings;;Notations du feedback;
Feedback from;;no;yes;no;;Feedback from;;Feedback offert par;
Feedback insights;;no;yes;no;;Feedback insights;;Feedbacks;
Feedback note;;no;yes;no;;Feedback note;;Note de feedback;
Feedback notes;;no;yes;no;;Feedback notes;;Notes de feedback;
Feedback rating;;no;yes;no;;Feedback rating;;Notation de feedback;
Feedback received;;no;yes;no;;Feedback received;;Feedback reçu;
Feedback request;;no;yes;no;;Feedback request;;Demande de feedback;
Feedback requested;;no;yes;no;;Feedback requested;;Feedback demandé;
Feedback requests;;no;yes;no;;Feedback requests;;Demandes de feedback;
Feedback sent;;no;yes;no;;Feedback sent;;Feedback envoyé;
Feedback sent to;;no;yes;no;;Feedback sent to;;Feedback envoyé à;
Female;;no;yes;no;;Female;;Femme;
Field;;no;yes;no;;Field;;Champ;
Field name;;no;yes;no;;Field name;;Nom du champ;
Fields;;no;yes;no;;Fields;;Champs;
Fields used;;no;yes;no;;Fields used;;Champs utilisés;
File name;;no;yes;no;;File name;;Nom du fichier;
File upload;;no;yes;no;;File upload;;Chargement de fichier;
Fill in the necessary details;;no;yes;no;;Fill in the necessary details;;Renseignez les informations nécessaires;
Filter;;no;yes;no;;Filter;;Filtre;
Filters;;no;yes;no;;Filters;;Filtres;
Final Validation;;no;yes;no;;Final Validation;;Validation finale;
Final validation;;no;yes;no;;Final validation;;Validation finale;
Fixed;;no;yes;no;;Fixed;;Fixe;
For managers;;no;yes;no;;For managers;;Pour les managers;
For workers;;no;yes;no;;For workers;;Pour les employé(e)s;
Formatting;;no;yes;no;;Formatting;;Formatage;
Forms;;no;yes;no;;Forms;;Formulaires;
Formula;;no;yes;no;;Formula;;Formule;
From;;no;yes;no;;From;;De;
Full name;;no;yes;no;;Full name;;Nom complet;
Functions;;no;yes;no;;Functions;;Fonctions;
Gender;;no;yes;no;;Gender;;Sexe;
General;;no;yes;no;;General;;Généralités;
General information;;no;yes;no;;General information;;Informations générales;
Generate;;no;yes;no;;Generate;;Générer;
Generate PDF;;no;yes;no;;Generate PDF;;Générer le PDF;
Generated;;no;yes;no;;Generated;;Généré;
Generation date;;no;yes;no;;Generation date;;Date de génération;
Get started by creating one;;no;yes;no;;Get started by creating one;;Créez-en un pour commencer.;
Give;;no;yes;no;;Give;;Offrir;
Give feedback;;no;yes;no;;Give feedback;;Donner du feedback;
Global currency;;no;yes;no;;Global currency;;Devise globale;
Global worker category;;no;yes;no;;Global worker category;;Catégorie d'employé(e) globale;
Go to feedback;;no;yes;no;;Go to feedback;;Aller au feedback;
Goal;;no;yes;no;;Goal;;Objectif;
Goal Achievement;;no;yes;no;;Goal Achievement;;Réalisation des objectifs;
Goal Alignment;;no;yes;no;;Goal Alignment;;Alignement des objectifs;
Goal Details;;no;yes;no;;Goal Details;;Détails de l'objectif;
Goal ID;;no;yes;no;;Goal ID;;ID de l'objectif;
Goal Overview;;no;yes;no;;Goal Overview;;Vue d'ensemble des objectifs;
Goal Plan;;no;yes;no;;Goal Plan;;Plan d'objectifs;
Goal Plans;;no;yes;no;;Goal Plans;;Plans d'objectifs;
Goal Status;;no;yes;no;;Goal Status;;Statut des objectifs;
Goal Tag Libraries;;no;yes;no;;Goal Tag Libraries;;Bibliothèques d'étiquettes d'objectifs;
Goal Types;;no;yes;no;;Goal Types;;Types d'objectifs;
Goal achievement;;no;yes;no;;Goal achievement;;Réalisation des objectifs;
Goal alignment;;no;yes;no;;Goal alignment;;Alignement de l'objectif;
Goal creator;;no;yes;no;;Goal creator;;Créateur de l'objectif;
Goal details;;no;yes;no;;Goal details;;Détails de l'objectif;
Goal name;;no;yes;no;;Goal name;;Nom de l'objectif;
Goal overview;;no;yes;no;;Goal overview;;Aperçu de l'objectif;
Goal owner;;no;yes;no;;Goal owner;;Titulaire de l'objectif;
Goal owner worker ID;;no;yes;no;;Goal owner worker ID;;ID de l'employé(e) titulaire de l'objectif;
Goal period;;no;yes;no;;Goal period;;Période d'objectifs;
Goal plan;;no;yes;no;;Goal plan;;Plan d'objectifs;
Goal plans;;no;yes;no;;Goal plans;;Plans d'objectifs;
Goal priority;;no;yes;no;;Goal priority;;Priorité de l'objectif;
Goal progress;;no;yes;no;;Goal progress;;Progression de l'objectif;
Goal status;;no;yes;no;;Goal status;;Statut de l'objectif;
Goal tags;;no;yes;no;;Goal tags;;Etiquettes de l'objectif;
Goal title;;no;yes;no;;Goal title;;Titre de l'objectif;
Goal tracking status;;no;yes;no;;Goal tracking status;;Statut de suivi de l'objectif;
Goal type;;no;yes;no;;Goal type;;Type d'objectif;
Goal type weight;;no;yes;no;;Goal type weight;;Poids du type d'objectif;
Goal types;;no;yes;no;;Goal types;;Types d'objectifs;
Goal weight;;no;yes;no;;Goal weight;;Poids de l'objectif;
Goal workflow;;no;yes;no;;Goal workflow;;Workflow de l'objectif;
Goals;;no;yes;no;;Goals;;Objectifs;
Goals aligned with this goal;;no;yes;no;;Goals aligned with this goal;;Objectifs alignés sur cet objectif;
Grade;;no;yes;no;;Grade;;Echelon;
Grant date;;no;yes;no;;Grant date;;Date d'octroi;
Grant proxy access;;no;yes;no;;Grant proxy access;;Accorder un accès par procuration;
Grants;;no;yes;no;;Grants;;Octrois;
Greater than;;no;yes;no;;Greater than;;Supérieur à;
Greater than or equal to;;no;yes;no;;Greater than or equal to;;Supérieur ou égal à;
Group name;;no;yes;no;;Group name;;Nom du groupe;
Groups;;no;yes;no;;Groups;;Groupes;
Guaranteed amount;;no;yes;no;;Guaranteed amount;;Montant garanti;
Guaranteed amount rule;;no;yes;no;;Guaranteed amount rule;;Règle de montant garanti;
Guaranteed amounts;;no;yes;no;;Guaranteed amounts;;Montants garantis;
Guideline;;no;yes;no;;Guideline;;Recommandation;
Guidelines;;no;yes;no;;Guidelines;;Recommandations;
HRBP approval;;no;yes;no;;HRBP approval;;Approbation HRBP;
HRBP review;;no;yes;no;;HRBP review;;Revue HRBP;
Help;;no;yes;no;;Help;;Aide;
Help tip;;no;yes;no;;Help tip;;Infobulle;
Helpful;;no;yes;no;;Helpful;;Utile;
Hide;;no;yes;no;;Hide;;Masquer;
Hierarchy;;no;yes;no;;Hierarchy;;Hiérarchie;
High;;no;yes;no;;High;;Haute;
Historical Reviews;;no;yes;no;;Historical Reviews;;Bilans passés;
Historical compensation;;no;yes;no;;Historical compensation;;Rémunération historique;
Home;;no;yes;no;;Home;;Accueil;
Identifier;;no;yes;no;;Identifier;;Identifiant;
Import;;no;yes;no;;Import;;Importer;
In progress;;no;yes;no;;In progress;;En cours;
In use;;no;yes;no;;In use;;Utilisée;
Include;;no;yes;no;;Include;;Inclure;
Included;;no;yes;no;;Included;;Inclus;
Individual;;no;yes;no;;Individual;;Individuel;
Individual goal;;no;yes;no;;Individual goal;;Objectif individuel;
Individual goals;;no;yes;no;;Individual goals;;Objectifs individuels;
Individual view;;no;yes;no;;Individual view;;Vue individuelle;
Individual workers;;no;yes;no;;Individual workers;;Employé(e)s individuels;
Individuals;;no;yes;no;;Individuals;;Personnes;
Input;;no;yes;no;;Input;;Saisie;
Insightful;;no;yes;no;;Insightful;;Pertinent;
Insights;;no;yes;no;;Insights;;Opinions;
Inspiring;;no;yes;no;;Inspiring;;Exaltant;
Instant messaging address;;no;yes;no;;Instant messaging address;;Adresse de messagerie instantanée;
Integer;;no;yes;no;;Integer;;Entier;
Is PII;;no;yes;no;;Is PII;;PII;
Is completed;;no;yes;no;;Is completed;;Est terminé;
Is enabled;;no;yes;no;;Is enabled;;Est activé;
Is read;;no;yes;no;;Is read;;Est lu;
Is required;;no;yes;no;;Is required;;Comportement du champ;
Job code;;no;yes;no;;Job code;;Code emploi;
Job level;;no;yes;no;;Job level;;Niveau de poste;
Job title;;no;yes;no;;Job title;;Intitulé de poste;
Key dates;;no;yes;no;;Key dates;;Dates clés;
Key deliverables;;no;yes;no;;Key deliverables;;Livrables clés;
Label;;no;yes;no;;Label;;Libellé;
Language;;no;yes;no;;Language;;Langue;
Language code;;no;yes;no;;Language code;;Code de langue;
Languages;;no;yes;no;;Languages;;Langues;
Last edited;;no;yes;no;;Last edited;;Dernière modification;
Last update;;no;yes;no;;Last update;;Dernière mise à jour;
Last updated;;no;yes;no;;Last updated;;Dernière mise à jour;
Learning;;no;yes;no;;Learning;;Apprentissage;
Leave of absence;;no;yes;no;;Leave of absence;;Congé;
Legal Entity;;no;yes;no;;Legal Entity;;Entité légale;
Legal entity;;no;yes;no;;Legal entity;;Entité légale;
Less than;;no;yes;no;;Less than;;Inférieur à;
Less than or equal to;;no;yes;no;;Less than or equal to;;Inférieur ou égal à;
Let's meet;;no;yes;no;;Let's meet;;Rencontrons-nous;
Level;;no;yes;no;;Level;;Niveau;
Library details;;no;yes;no;;Library details;;Détails de la bibliothèque;
Library name;;no;yes;no;;Library name;;Nom de la bibliothèque;
Limit;;no;yes;no;;Limit;;Limite;
Line manager;;no;yes;no;;Line manager;;Manager direct;
Linear curve;;no;yes;no;;Linear curve;;Courbe linéaire;
Link;;no;yes;no;;Link;;Lien;
Local time;;no;yes;no;;Local time;;Heure locale;
Local worker category;;no;yes;no;;Local worker category;;Catégorie d'employé(e) locale;
Localization;;no;yes;no;;Localization;;Localisation;
Location;;no;yes;no;;Location;;Localisation;
Locations;;no;yes;no;;Locations;;Emplacements;
Logins;;no;yes;no;;Logins;;Connexions;
Logins over time;;no;yes;no;;Logins over time;;Connexions au fil du temps;
Logout;;no;yes;no;;Logout;;Déconnexion;
Low;;no;yes;no;;Low;;Basse;
Main;;no;yes;no;;Main;;Principal;
Main currency;;no;yes;no;;Main currency;;Devise principale;
Main group;;no;yes;no;;Main group;;Groupe principal;
Male;;no;yes;no;;Male;;Homme;
Manage;;no;yes;no;;Manage;;Gérer;
Manage users;;no;yes;no;;Manage users;;Gérer les utilisateurs;
Manager;;no;yes;no;;Manager;;Responsable;
Manager ID;;no;yes;no;;Manager ID;;ID du manager;
Manager feedback;;no;yes;no;;Manager feedback;;Feedback du manager;
Manager name;;no;yes;no;;Manager name;;Nom du manager;
Manager proposal;;no;yes;no;;Manager proposal;;Proposition du manager;
Manager review;;no;yes;no;;Manager review;;Bilan manager;
Mandatory;;no;yes;no;;Mandatory;;Obligatoire;
Manually;;no;yes;no;;Manually;;Manuellement;
Mapping configuration;;no;yes;no;;Mapping configuration;;Configuration du mapping;
Max target;;no;yes;no;;Max target;;Cible maximale;
Max. score;;no;yes;no;;Max. score;;Score max.;
Maximum outcome;;no;yes;no;;Maximum outcome;;Résultat maximal;
Maximum payout;;no;yes;no;;Maximum payout;;Paiement maximum;
Measurement;;no;yes;no;;Measurement;;Mesure;
Measurement criteria;;no;yes;no;;Measurement criteria;;Critères de mesure;
Medium;;no;yes;no;;Medium;;Moyenne;
Min target;;no;yes;no;;Min target;;Nombre minimal d'objectifs;
Minimum outcome;;no;yes;no;;Minimum outcome;;Résultat minimal;
Model;;no;yes;no;;Model;;Modèle;
Model description;;no;yes;no;;Model description;;Description du modèle;
Model details;;no;yes;no;;Model details;;Détails du modèle;
Model features;;no;yes;no;;Model features;;Fonctionnalités du modèle;
Model name;;no;yes;no;;Model name;;Nom du modèle;
Model type;;no;yes;no;;Model type;;Type de modèle;
Models;;no;yes;no;;Models;;Modèles;
Moderation;;no;yes;no;;Moderation;;Modération;
Moderation stage;;no;yes;no;;Moderation stage;;Etape de modération;
Month;;no;yes;no;;Month;;Mois;
Months;;no;yes;no;;Months;;Mois;
More;;no;yes;no;;More;;Plus;
More details;;no;yes;no;;More details;;Plus de détails;
Move reviews;;no;yes;no;;Move reviews;;Déplacer les bilans;
My behavior profile;;no;yes;no;;My behavior profile;;Mon profil comportemental;
My feedback;;no;yes;no;;My feedback;;Mon feedback;
My goal;;no;yes;no;;My goal;;Mon objectif;
My goals;;no;yes;no;;My goals;;Mes objectifs;
My note;;no;yes;no;;My note;;Ma note;
My review;;no;yes;no;;My review;;Mon bilan;
My reviews;;no;yes;no;;My reviews;;Mes bilans;
Name;;no;yes;no;;Name;;Nom;
New manager;;no;yes;no;;New manager;;Nouveau manager;
New password;;no;yes;no;;New password;;Nouveau mot de passe;
Next;;no;yes;no;;Next;;Suivant;
Next step;;no;yes;no;;Next step;;Etape suivante;
Nickname;;no;yes;no;;Nickname;;Surnom;
No career development plans;;no;yes;no;;No career development plans;;Aucun plan de développement de carrière;
No check-ins;;no;yes;no;;No check-ins;;Aucun check-in;
No comments yet;;no;yes;no;;No comments yet;;Aucun commentaire pour le moment;
No compensation rounds;;no;yes;no;;No compensation rounds;;Aucun cycle de rémunération;
No data;;no;yes;no;;No data;;Aucune donnée;
No description;;no;yes;no;;No description;;Aucune description;
No documents;;no;yes;no;;No documents;;Aucun document;
No feedback;;no;yes;no;;No feedback;;Aucun feedback;
No goals;;no;yes;no;;No goals;;Aucun objectif;
No goals yet;;no;yes;no;;No goals yet;;Aucun objectif pour l'instant;
No messages yet;;no;yes;no;;No messages yet;;Aucun message;
No notes;;no;yes;no;;No notes;;Aucune note;
No populations;;no;yes;no;;No populations;;Aucune population;
No populations yet;;no;yes;no;;No populations yet;;Aucune population pour le moment;
No priority;;no;yes;no;;No priority;;Aucune priorité;
No questions;;no;yes;no;;No questions;;Aucune question;
No results;;no;yes;no;;No results;;Aucun résultat;
No results found;;no;yes;no;;No results found;;Aucun résultat;
No value;;no;yes;no;;No value;;Aucune valeur;
Non-conditional;;no;yes;no;;Non-conditional;;Non conditionnel;
None;;no;yes;no;;None;;Aucun;
Not completed;;no;yes;no;;Not completed;;Non achevé;
Not empty;;no;yes;no;;Not empty;;Non vide;
Not released;;no;yes;no;;Not released;;Non mis à disposition;
Not selected;;no;yes;no;;Not selected;;Non sélectionné;
Not started;;no;yes;no;;Not started;;Non commencé;
Not submitted;;no;yes;no;;Not submitted;;Non soumis;
Notification bell;;no;yes;no;;Notification bell;;Cloche de notification;
Nudge;;no;yes;no;;Nudge;;Notification d'encouragement;
Number;;no;yes;no;;Number;;Nombre;
Number of days;;no;yes;no;;Number of days;;Nombre de jours;
Number of years;;no;yes;no;;Number of years;;Nombre d'années;
Numeric;;no;yes;no;;Numeric;;Numérique;
On track;;no;yes;no;;On track;;En bonne voie;
Open;;no;yes;no;;Open;;Ouvrir;
Operator;;no;yes;no;;Operator;;Opérateur;
Optional;;no;yes;no;;Optional;;Optionnel;
Organization;;no;yes;no;;Organization;;Organisation;
Organization external ID;;no;yes;no;;Organization external ID;;ID externe de l'organisation;
Organizational;;no;yes;no;;Organizational;;Organisationnel;
Organizational Units;;no;yes;no;;Organizational Units;;Unités organisationnelles;
Organizational goal;;no;yes;no;;Organizational goal;;Objectif organisationnel;
Organizational unit;;no;yes;no;;Organizational unit;;Unité organisationnelle;
Other;;no;yes;no;;Other;;Autre;
Outcome;;no;yes;no;;Outcome;;Résultat;
Outlook;;no;yes;no;;Outlook;;Perspectives;
Overall behavior rating;;no;yes;no;;Overall behavior rating;;Notation comportementale globale;
Overall performance;;no;yes;no;;Overall performance;;Performance globale;
Overall performance rating;;no;yes;no;;Overall performance rating;;Notation de performance globale;
Overall progress;;no;yes;no;;Overall progress;;Progression globale;
Overdue;;no;yes;no;;Overdue;;En retard;
Overview;;no;yes;no;;Overview;;Aperçu;
Owner;;no;yes;no;;Owner;;Titulaire;
Owners;;no;yes;no;;Owners;;Titulaires;
Passport;;no;yes;no;;Passport;;Passeport;
Password;;no;yes;no;;Password;;Mot de passe;
Past;;no;yes;no;;Past;;Passés;
Pay Analysis;;no;yes;no;;Pay Analysis;;Analyse de la rémunération;
Pay Information;;no;yes;no;;Pay Information;;Informations de rémunération;
Pay Intelligence;;no;yes;no;;Pay Intelligence;;Rémunération intelligente;
Pay Transparency;;no;yes;no;;Pay Transparency;;Rémunération transparente;
Pay analysis;;no;yes;no;;Pay analysis;;Analyse de rémunération;
Pay information;;no;yes;no;;Pay information;;Informations de rémunération;
Pay information requests;;no;yes;no;;Pay information requests;;Demandes d'informations sur la rémunération;
Pay range;;no;yes;no;;Pay range;;Échelle salariale;
Payout;;no;yes;no;;Payout;;Paiement;
Payout Curves;;no;yes;no;;Payout Curves;;Courbes de paiement;
Payout curve;;no;yes;no;;Payout curve;;Courbe de paiement;
Payout curves;;no;yes;no;;Payout curves;;Courbes de paiement;
Payroll;;no;yes;no;;Payroll;;Paie;
Payroll data drop;;no;yes;no;;Payroll data drop;;Dépôt de données de paie;
Peers;;no;yes;no;;Peers;;Pairs;
Pending;;no;yes;no;;Pending;;En attente;
Pending approval;;no;yes;no;;Pending approval;;En attente d'approbation;
Pending confirmation;;no;yes;no;;Pending confirmation;;En attente de confirmation;
Pending draft;;no;yes;no;;Pending draft;;Ebauche en attente;
Pending publishing;;no;yes;no;;Pending publishing;;En attente de publication;
Pending sign-off;;no;yes;no;;Pending sign-off;;En attente de validation;
People;;no;yes;no;;People;;Personnes;
People day;;no;yes;no;;People day;;Journée des collaborateurs;
Percentage;;no;yes;no;;Percentage;;Pourcentage;
Performance Management;;no;yes;no;;Performance Management;;Gestion de la performance;
Performance Reviews;;no;yes;no;;Performance Reviews;;Bilans de performance;
Performance check-ins;;no;yes;no;;Performance check-ins;;Check-ins de performance;
Performance rating;;no;yes;no;;Performance rating;;Evaluation de performance;
Performance review;;no;yes;no;;Performance review;;Bilan de performance;
Performance review details;;no;yes;no;;Performance review details;;Détails du bilan de performance;
Performance review templates;;no;yes;no;;Performance review templates;;Modèles de bilan de performance;
Period;;no;yes;no;;Period;;Période;
Period start date;;no;yes;no;;Period start date;;Date de début de période;
Personal;;no;yes;no;;Personal;;Personnel;
Personally identifiable information;;no;yes;no;;Personally identifiable information;;Informations personnelles identifiables;
Phone number;;no;yes;no;;Phone number;;Numéro de téléphone;
Plan details;;no;yes;no;;Plan details;;Détails du plan;
Plan name;;no;yes;no;;Plan name;;Nom du plan;
Plan stage;;no;yes;no;;Plan stage;;Étape de planification;
Plan transmission;;no;yes;no;;Plan transmission;;Transmission du plan;
Planner;;no;yes;no;;Planner;;Planificateur;
Population criteria;;no;yes;no;;Population criteria;;Critères de la population;
Position in pay range;;no;yes;no;;Position in pay range;;Position dans la fourchette salariale;
Preview;;no;yes;no;;Preview;;Aperçu;
Preview document;;no;yes;no;;Preview document;;Aperçu du document;
Previous;;no;yes;no;;Previous;;Précédente;
Priority;;no;yes;no;;Priority;;Priorité;
Privacy;;no;yes;no;;Privacy;;Confidentialité;
Privacy settings;;no;yes;no;;Privacy settings;;Paramètres de confidentialité;
Privacy statement text;;no;yes;no;;Privacy statement text;;Texte de la déclaration de confidentialité;
Private;;no;yes;no;;Private;;Privé;
Proceed;;no;yes;no;;Proceed;;Continuer;
Processing;;no;yes;no;;Processing;;Traitement;
Professional;;no;yes;no;;Professional;;Professionnel;
Progress;;no;yes;no;;Progress;;Progression;
Progress tracking;;no;yes;no;;Progress tracking;;Suivi de la progression;
Properties;;no;yes;no;;Properties;;Propriétés;
Proposal management;;no;yes;no;;Proposal management;;Gestion des propositions;
Prorated target bonus;;no;yes;no;;Prorated target bonus;;Prime cible au prorata;
Proxy;;no;yes;no;;Proxy;;Accès procuration;
Proxy access list;;no;yes;no;;Proxy access list;;Liste des accès par procuration;
Proxy permission;;no;yes;no;;Proxy permission;;Autorisation d'accès par procuration;
Public feedback;;no;yes;no;;Public feedback;;Feedback public;
Publish;;no;yes;no;;Publish;;Publier;
Published;;no;yes;no;;Published;;Publié;
Published date;;no;yes;no;;Published date;;Date de publication;
Publishing;;no;yes;no;;Publishing;;Publication en cours;
Purpose;;no;yes;no;;Purpose;;Objectif;
RTI request status;;no;yes;no;;RTI request status;;Statut des demandes RTI;
Range;;no;yes;no;;Range;;Plage;
Rate this feedback;;no;yes;no;;Rate this feedback;;Noter ce feedback;
Rating;;no;yes;no;;Rating;;Notation;
Rating changed;;no;yes;no;;Rating changed;;Notation modifiée;
Rating distribution;;no;yes;no;;Rating distribution;;Distribution des notations;
Rating scale;;no;yes;no;;Rating scale;;Echelle de notation;
Rating scales;;no;yes;no;;Rating scales;;Echelles de notation;
Read;;no;yes;no;;Read;;Lu;
Read only;;no;yes;no;;Read only;;Lecture seule;
Read status;;no;yes;no;;Read status;;Statut du document;
Read-only;;no;yes;no;;Read-only;;Lecture seule;
Ready;;no;yes;no;;Ready;;Prête;
Reassign;;no;yes;no;;Reassign;;Réassigner;
Reassign manager;;no;yes;no;;Reassign manager;;Réassigner le manager;
Reassigned;;no;yes;no;;Reassigned;;Réaffecté;
Received;;no;yes;no;;Received;;Reçus;
Received behaviors;;no;yes;no;;Received behaviors;;Comportements reçus;
Received feedback;;no;yes;no;;Received feedback;;Feedback reçu;
Recipient;;no;yes;no;;Recipient;;Destinataire;
Recipients;;no;yes;no;;Recipients;;Destinataires;
Recognition;;no;yes;no;;Recognition;;Reconnaissance;
Recognized behaviors;;no;yes;no;;Recognized behaviors;;Comportements reconnus;
Recommended;;no;yes;no;;Recommended;;Recommandé;
Recurrence;;no;yes;no;;Recurrence;;Récurrence;
Recurring;;no;yes;no;;Recurring;;Récurrent;
Reference;;no;yes;no;;Reference;;Référence;
Reference number;;no;yes;no;;Reference number;;Numéro de référence;
Refresh;;no;yes;no;;Refresh;;Rafraîchir;
Region;;no;yes;no;;Region;;Région;
Regular;;no;yes;no;;Regular;;Régulier;
Regular check-ins;;no;yes;no;;Regular check-ins;;Check-ins réguliers;
Reject;;no;yes;no;;Reject;;Rejeter;
Rejected;;no;yes;no;;Rejected;;Rejeté;
Release;;no;yes;no;;Release;;Mettre à disposition;
Release status;;no;yes;no;;Release status;;Statut de mise à disposition;
Released;;no;yes;no;;Released;;Mis à disposition;
Remaining;;no;yes;no;;Remaining;;Restant;
Reminder name;;no;yes;no;;Reminder name;;Nom du rappel;
Reminders;;no;yes;no;;Reminders;;Rappels;
Remove;;no;yes;no;;Remove;;Retirer;
Remove all;;no;yes;no;;Remove all;;Supprimer tout;
Rename;;no;yes;no;;Rename;;Renommer;
Reopen;;no;yes;no;;Reopen;;Rouvrir;
Reopen reviews;;no;yes;no;;Reopen reviews;;Rouvrir les bilans;
Reopened;;no;yes;no;;Reopened;;Rouvert;
Reply rate;;no;yes;no;;Reply rate;;Taux de réponse;
Republish;;no;yes;no;;Republish;;Republier;
Republished round;;no;yes;no;;Republished round;;Cycle republié;
Request;;no;yes;no;;Request;;Demander;
Request ID;;no;yes;no;;Request ID;;ID de demande;
Request date;;no;yes;no;;Request date;;Date de demande;
Request details;;no;yes;no;;Request details;;Détails de la demande;
Request feedback;;no;yes;no;;Request feedback;;Demander du feedback;
Request feedback from;;no;yes;no;;Request feedback from;;Demander du feedback à;
Request feedback now;;no;yes;no;;Request feedback now;;Demander du feedback maintenant;
Request feedback on;;no;yes;no;;Request feedback on;;Demander du feedback sur;
Request pay information;;no;yes;no;;Request pay information;;Demander des informations sur la rémunération;
Request status;;no;yes;no;;Request status;;Statut de la demande;
Requested;;no;yes;no;;Requested;;Demandé;
Requested feedback;;no;yes;no;;Requested feedback;;Feedback demandé;
Requests;;no;yes;no;;Requests;;Demandes;
Requests about my team;;no;yes;no;;Requests about my team;;Demandes concernant mon équipe;
Required;;no;yes;no;;Required;;Obligatoire;
Resources;;no;yes;no;;Resources;;Ressources;
Response permission;;no;yes;no;;Response permission;;Autorisation de réponse;
Resubmit;;no;yes;no;;Resubmit;;Soumettre de nouveau;
Result;;no;yes;no;;Result;;Résultat;
Review;;no;yes;no;;Review;;Bilan;
Review Details;;no;yes;no;;Review Details;;Détails du bilan;
Review Status;;no;yes;no;;Review Status;;Statut du bilan;
Review about;;no;yes;no;;Review about;;Bilan à propos de;
Review challenge;;no;yes;no;;Review challenge;;Défi du bilan;
Review name;;no;yes;no;;Review name;;Nom du bilan;
Review rating;;no;yes;no;;Review rating;;Notation du bilan;
Review rating distribution;;no;yes;no;;Review rating distribution;;Distribution des notations des bilans;
Review settings;;no;yes;no;;Review settings;;Paramètres du bilan;
Review stage;;no;yes;no;;Review stage;;Etape du bilan;
Review stages;;no;yes;no;;Review stages;;Étapes du bilan;
Review status;;no;yes;no;;Review status;;Statut du bilan;
Review type;;no;yes;no;;Review type;;Type de bilan;
Reviews;;no;yes;no;;Reviews;;Bilans;
Role;;no;yes;no;;Role;;Rôle;
Roles;;no;yes;no;;Roles;;Rôles;
Round;;no;yes;no;;Round;;Cycle;
Round code;;no;yes;no;;Round code;;Code du cycle;
Round details;;no;yes;no;;Round details;;Détails du cycle;
Round reminders;;no;yes;no;;Round reminders;;Rappels de cycle;
Round republished;;no;yes;no;;Round republished;;Cycle republié;
Round type;;no;yes;no;;Round type;;Type de cycle;
Round visibility;;no;yes;no;;Round visibility;;Visibilité du cycle;
Rule configuration;;no;yes;no;;Rule configuration;;Configuration de la règle;
Rule details;;no;yes;no;;Rule details;;Détails de la règle;
Rule name;;no;yes;no;;Rule name;;Nom de la règle;
Rules;;no;yes;no;;Rules;;Règles;
Salary;;no;yes;no;;Salary;;Salaire;
Salary configuration;;no;yes;no;;Salary configuration;;Configuration du salaire;
Save;;no;yes;no;;Save;;Enregistrer;
Save & exit;;no;yes;no;;Save & exit;;Enregistrer & quitter;
Scale;;no;yes;no;;Scale;;Échelle;
Search;;no;yes;no;;Search;;Rechercher;
Search by name;;no;yes;no;;Search by name;;Rechercher par nom;
Search by name or code;;no;yes;no;;Search by name or code;;Rechercher par nom ou par code;
Search for a person;;no;yes;no;;Search for a person;;Rechercher une personne;
Search for a worker;;no;yes;no;;Search for a worker;;Rechercher un(e) employé(e);
Search for workers;;no;yes;no;;Search for workers;;Rechercher des employé(e)s;
Secondary email;;no;yes;no;;Secondary email;;Email secondaire;
Secondary email address;;no;yes;no;;Secondary email address;;Adresse email secondaire;
Secondary hierarchy;;no;yes;no;;Secondary hierarchy;;Hiérarchie secondaire;
Section header;;no;yes;no;;Section header;;En-tête de section;
Security;;no;yes;no;;Security;;Sécurité;
Security group;;no;yes;no;;Security group;;Groupe de sécurité;
See all;;no;yes;no;;See all;;Voir tout;
Select;;no;yes;no;;Select;;Sélectionner;
Select all;;no;yes;no;;Select all;;Sélectionner tout;
Select an option;;no;yes;no;;Select an option;;Sélectionnez une option;
Select communication round;;no;yes;no;;Select communication round;;Sélectionner le cycle de communication;
Select data model;;no;yes;no;;Select data model;;Sélectionner le modèle de données;
Select entity;;no;yes;no;;Select entity;;Sélectionner une entité;
Select filters;;no;yes;no;;Select filters;;Sélectionner des filtres;
Select goal;;no;yes;no;;Select goal;;Sélectionnez un objectif;
Select owners;;no;yes;no;;Select owners;;Sélectionner des titulaires;
Select population;;no;yes;no;;Select population;;Sélectionner la population;
Select the compensation element;;no;yes;no;;Select the compensation element;;Sélectionnez l'élément de rémunération;
Select type;;no;yes;no;;Select type;;Sélectionnez le type;
Selected;;no;yes;no;;Selected;;Sélectionné;
Selected column;;no;yes;no;;Selected column;;Colonne sélectionnée;
Selected fields;;no;yes;no;;Selected fields;;Champs sélectionnés;
Selected items;;no;yes;no;;Selected items;;Éléments sélectionnés;
Selected population;;no;yes;no;;Selected population;;Population sélectionnée;
Self;;no;yes;no;;Self;;Moi;
Self-assessment;;no;yes;no;;Self-assessment;;Auto-évaluation;
Self-review;;no;yes;no;;Self-review;;Bilan individuel;
Send;;no;yes;no;;Send;;Envoyer;
Send feedback;;no;yes;no;;Send feedback;;Envoyer le feedback;
Send to Documents;;no;yes;no;;Send to Documents;;Envoyer vers Documents;
Sender;;no;yes;no;;Sender;;Expéditeur;
Sensitive Content;;no;yes;no;;Sensitive Content;;Contenu sensible;
Sent;;no;yes;no;;Sent;;Envoyé;
Sent behaviors;;no;yes;no;;Sent behaviors;;Comportements envoyés;
Sent feedback;;no;yes;no;;Sent feedback;;Feedback envoyé;
Sent to;;no;yes;no;;Sent to;;Envoyé à;
Separator;;no;yes;no;;Separator;;Séparateur;
Session timeout;;no;yes;no;;Session timeout;;Délai d'expiration de la session;
Settings;;no;yes;no;;Settings;;Paramètres;
Setup;;no;yes;no;;Setup;;Configuration;
Share;;no;yes;no;;Share;;Partager;
Share feedback;;no;yes;no;;Share feedback;;Partager le feedback;
Share this feedback;;no;yes;no;;Share this feedback;;Partager ce feedback;
Share with;;no;yes;no;;Share with;;Partager avec;
Share your insights;;no;yes;no;;Share your insights;;Partagez vos opinions;
Share your thoughts;;no;yes;no;;Share your thoughts;;Partagez vos réflexions;
Shared;;no;yes;no;;Shared;;Partagé;
Shared feedback;;no;yes;no;;Shared feedback;;Feedback partagé;
Shared goals;;no;yes;no;;Shared goals;;Objectifs partagés;
Shared with;;no;yes;no;;Shared with;;Partagé avec;
Shared with me;;no;yes;no;;Shared with me;;Partagés avec moi;
Sharing;;no;yes;no;;Sharing;;Partage;
Short;;no;yes;no;;Short;;Etroite;
Show;;no;yes;no;;Show;;Afficher;
Show all;;no;yes;no;;Show all;;Afficher tout;
Since request;;no;yes;no;;Since request;;Depuis la demande;
Skill & Competency Groups;;no;yes;no;;Skill & Competency Groups;;Groupes de compétences & d'aptitudes;
Skill & competency groups;;no;yes;no;;Skill & competency groups;;Groupes de compétences & d'aptitudes;
Skills;;no;yes;no;;Skills;;Compétences;
Skills & competency groups;;no;yes;no;;Skills & competency groups;;Groupes de compétences & d'aptitudes;
Snapshot;;no;yes;no;;Snapshot;;Image figée;
Snapshot Manager;;no;yes;no;;Snapshot Manager;;Manager d'instantané;
Snapshot details;;no;yes;no;;Snapshot details;;Détails de l'instantané;
Snapshots;;no;yes;no;;Snapshots;;Images figées;
Stage;;no;yes;no;;Stage;;Etape;
Start;;no;yes;no;;Start;;Démarrer;
Start date;;no;yes;no;;Start date;;Date de début;
Start date in company;;no;yes;no;;Start date in company;;Date d'entrée dans l'entreprise;
Start time;;no;yes;no;;Start time;;Heure de début;
State;;no;yes;no;;State;;État;
Statement generation;;no;yes;no;;Statement generation;;Génération de relevé;
Statements;;no;yes;no;;Statements;;Déclarations;
Status;;no;yes;no;;Status;;Statut;
Status by org. level;;no;yes;no;;Status by org. level;;Statut par niveau org.;
Step curve;;no;yes;no;;Step curve;;Courbe en escalier;
Step end date;;no;yes;no;;Step end date;;Date de fin de l'étape;
Stock;;no;yes;no;;Stock;;Actions;
Street address;;no;yes;no;;Street address;;Adresse postale;
Subgroups;;no;yes;no;;Subgroups;;Sous-groupes;
Subject;;no;yes;no;;Subject;;Objet;
Submit;;no;yes;no;;Submit;;Soumettre;
Submit to manager;;no;yes;no;;Submit to manager;;Soumettre au manager;
Submitted;;no;yes;no;;Submitted;;Soumission;
Success;;no;yes;no;;Success;;Réussie;
Suggested agenda;;no;yes;no;;Suggested agenda;;Ordre du jour suggéré;
Sum;;no;yes;no;;Sum;;Somme;
Summary;;no;yes;no;;Summary;;Résumé;
System;;no;yes;no;;System;;Système;
System populations;;no;yes;no;;System populations;;Populations du système;
Tag;;no;yes;no;;Tag;;Etiquette;
Tag library;;no;yes;no;;Tag library;;Bibliothèque d'étiquettes;
Tags;;no;yes;no;;Tags;;Etiquettes;
Talent Review;;no;yes;no;;Talent Review;;Bilan des talents;
Target;;no;yes;no;;Target;;Cible;
Target bonus;;no;yes;no;;Target bonus;;Bonus cible;
Target budget;;no;yes;no;;Target budget;;Budget cible;
Team;;no;yes;no;;Team;;Equipe;
Team planner view;;no;yes;no;;Team planner view;;Vue planificateur d'équipe;
Team requests;;no;yes;no;;Team requests;;Demandes d'équipe;
Template;;no;yes;no;;Template;;Modèle;
Template document;;no;yes;no;;Template document;;Document modèle;
Template widget settings;;no;yes;no;;Template widget settings;;Paramètres des widgets du modèle;
Templates;;no;yes;no;;Templates;;Modèles;
Text;;no;yes;no;;Text;;Texte;
Text field;;no;yes;no;;Text field;;Champ de texte;
Thanks;;no;yes;no;;Thanks;;Merci;
Then;;no;yes;no;;Then;;Avant;
Time in role;;no;yes;no;;Time in role;;Temps dans le poste;
Time zone;;no;yes;no;;Time zone;;Fuseau horaire;
Timeline;;no;yes;no;;Timeline;;Chronologie;
Title;;no;yes;no;;Title;;Titre;
Today;;no;yes;no;;Today;;Aujourd'hui;
Toggle;;no;yes;no;;Toggle;;Basculer;
Total behaviors;;no;yes;no;;Total behaviors;;Total des comportements;
Total compensation;;no;yes;no;;Total compensation;;Compensation totale;
Total entities;;no;yes;no;;Total entities;;Total des entités;
Total goals;;no;yes;no;;Total goals;;Total des objectifs;
Total reviews;;no;yes;no;;Total reviews;;Total des bilans;
Total score;;no;yes;no;;Total score;;Score total;
Total workers;;no;yes;no;;Total workers;;Total des employé(e)s;
Tracking;;no;yes;no;;Tracking;;Suivi;
Tracking status;;no;yes;no;;Tracking status;;Suivi de progression;
Training data;;no;yes;no;;Training data;;Données d'entraînement;
Trend;;no;yes;no;;Trend;;Tendance;
True;;no;yes;no;;True;;Vrai;
Trust;;no;yes;no;;Trust;;Confiance;
Try again;;no;yes;no;;Try again;;Réessayer;
Type part of a name;;no;yes;no;;Type part of a name;;Saisissez une partie d'un nom;
Type weight;;no;yes;no;;Type weight;;Type de pondération;
Type your message here;;no;yes;no;;Type your message here;;Saisissez votre message ici;
Unavailable;;no;yes;no;;Unavailable;;Indisponible;
Unclear;;no;yes;no;;Unclear;;Ambigu;
Under review;;no;yes;no;;Under review;;En cours de validation;
Unexpected error;;no;yes;no;;Unexpected error;;Erreur inattendue;
Unhelpful;;no;yes;no;;Unhelpful;;Inutile;
Unique logins;;no;yes;no;;Unique logins;;Connexions uniques;
Unit;;no;yes;no;;Unit;;Unité;
Unrated;;no;yes;no;;Unrated;;Non noté;
Unrelease;;no;yes;no;;Unrelease;;Retirer;
Unreleased;;no;yes;no;;Unreleased;;Mise à disposition annulée;
Unsaved changes;;no;yes;no;;Unsaved changes;;Modifications non enregistrées;
Unselect all;;no;yes;no;;Unselect all;;Désélectionner tout;
Upcoming;;no;yes;no;;Upcoming;;À venir;
Upcoming check-ins;;no;yes;no;;Upcoming check-ins;;Check-ins à venir;
Update;;no;yes;no;;Update;;Mettre à jour;
Updated;;no;yes;no;;Updated;;Mis à jour;
Updated by;;no;yes;no;;Updated by;;Mis à jour par;
Upload;;no;yes;no;;Upload;;Charger;
Upload behavior;;no;yes;no;;Upload behavior;;Comportement de téléchargement;
Upload file;;no;yes;no;;Upload file;;Charger un fichier;
Upload the completed file;;no;yes;no;;Upload the completed file;;Télécharger le fichier complété;
Upload the modified Excel file;;no;yes;no;;Upload the modified Excel file;;Chargez le fichier Excel modifié;
Uploaded by;;no;yes;no;;Uploaded by;;Téléchargé par;
Uploaded files;;no;yes;no;;Uploaded files;;Fichiers chargés;
Uploading;;no;yes;no;;Uploading;;Téléversement;
Usage;;no;yes;no;;Usage;;Utilisation;
Usage details;;no;yes;no;;Usage details;;Détails d'utilisation;
Used;;no;yes;no;;Used;;Utilisé;
Used in;;no;yes;no;;Used in;;Utilisé dans;
Useful information;;no;yes;no;;Useful information;;Informations utiles;
User;;no;yes;no;;User;;Utilisateur;
User Security;;no;yes;no;;User Security;;Sécurité utilisateur;
User local time;;no;yes;no;;User local time;;Heure locale de l'utilisateur;
Username;;no;yes;no;;Username;;Nom d'utilisateur;
Users;;no;yes;no;;Users;;Utilisateurs;
Users who sent feedback;;no;yes;no;;Users who sent feedback;;Utilisateurs ayant envoyé du feedback;
Users with no goals;;no;yes;no;;Users with no goals;;Utilisateurs sans objectifs;
Validate;;no;yes;no;;Validate;;Valider;
Value;;no;yes;no;;Value;;Valeur;
Values;;no;yes;no;;Values;;Valeurs;
View;;no;yes;no;;View;;Vue;
View all;;no;yes;no;;View all;;Afficher tout;
View my received feedback;;no;yes;no;;View my received feedback;;Consulter les feedbacks reçus;
View review;;no;yes;no;;View review;;Afficher le bilan;
Visibility;;no;yes;no;;Visibility;;Visibilité;
Weight;;no;yes;no;;Weight;;Pondération;
Weighted score;;no;yes;no;;Weighted score;;Score pondéré;
Widget settings;;no;yes;no;;Widget settings;;Paramètres des widgets;
Work country;;no;yes;no;;Work country;;Pays de travail;
Worker;;no;yes;no;;Worker;;Employé(e);
Worker & manager;;no;yes;no;;Worker & manager;;Employé(e) & manager;
Worker ID;;no;yes;no;;Worker ID;;ID de l'employé(e);
Worker category;;no;yes;no;;Worker category;;Catégorie d'employé(e);
Worker details;;no;yes;no;;Worker details;;Détails de l'employé(e);
Worker name;;no;yes;no;;Worker name;;Nom de l'employé(e);
Worker self-assessment;;no;yes;no;;Worker self-assessment;;Auto-évaluation de l'employé(e);
Worker sign-off;;no;yes;no;;Worker sign-off;;Validation de l'employé(e);
Worker submission;;no;yes;no;;Worker submission;;Soumission de l'employé(e);
Workers;;no;yes;no;;Workers;;Employé(e)s;
Workflow section;;no;yes;no;;Workflow section;;Section de workflow;
Workflow status;;no;yes;no;;Workflow status;;Statut du workflow;
Workflow step;;no;yes;no;;Workflow step;;Étape du workflow;
Workflow steps;;no;yes;no;;Workflow steps;;Étapes du flux de travail;
Workflow type;;no;yes;no;;Workflow type;;Type de workflow;
Write;;no;yes;no;;Write;;Écrire;
Year;;no;yes;no;;Year;;Année;
Years;;no;yes;no;;Years;;Années;
Your comment;;no;yes;no;;Your comment;;Votre commentaire;
Your documents;;no;yes;no;;Your documents;;Vos documents;
Your email;;no;yes;no;;Your email;;Votre email;
Your observations;;no;yes;no;;Your observations;;Vos observations;
Your view;;no;yes;no;;Your view;;Votre vue;
