term;description;casesensitive;translatable;forbidden;tags;en-US;en-US_description;de-DE;de-DE_description
About;;no;yes;no;;About;;Info;
About my team;;no;yes;no;;About my team;;Über mein Team;
Absence;;no;yes;no;;Absence;;Abwesenheit;
Accept;;no;yes;no;;Accept;;Akzeptieren;
Accepted;;no;yes;no;;Accepted;;Akzeptiert;
Account;;no;yes;no;;Account;;Konto;
Achievement;;no;yes;no;;Achievement;;Leistung;
Achievement summary;;no;yes;no;;Achievement summary;;Zusammenfassung der Leistungen;
Action;;no;yes;no;;Action;;Aktion;
Action required;;no;yes;no;;Action required;;Aktion erforderlich;
Actions;;no;yes;no;;Actions;;Aktionen;
Actions required;;no;yes;no;;Actions required;;Erforderliche Maßnahmen;
Activate;;no;yes;no;;Activate;;Aktivieren;
Active;;no;yes;no;;Active;;Aktiv;
Active users;;no;yes;no;;Active users;;Aktive Benutzer;
Actor;;no;yes;no;;Actor;;Akteur;
Add;;no;yes;no;;Add;;Hinzufügen;
Add all;;no;yes;no;;Add all;;Alle hinzufügen;
Add all company;;no;yes;no;;Add all company;;Gesamtes Unternehmen hinzufügen;
Add all organizational units;;no;yes;no;;Add all organizational units;;Alle Organisationseinheiten hinzufügen;
Add condition;;no;yes;no;;Add condition;;Bedingung hinzufügen;
Add feedback note;;no;yes;no;;Add feedback note;;Feedback-Notiz hinzufügen;
Add field;;no;yes;no;;Add field;;Feld hinzufügen;
Add mapping;;no;yes;no;;Add mapping;;Zuordnung hinzufügen;
Add note;;no;yes;no;;Add note;;Notiz hinzufügen;
Add question;;no;yes;no;;Add question;;Frage hinzufügen;
Add skills;;no;yes;no;;Add skills;;Fähigkeiten hinzufügen;
Add step;;no;yes;no;;Add step;;Schritt hinzufügen;
Additional Managers;;no;yes;no;;Additional Managers;;Zusätzliche Führungskräfte;
Additional goal description;;no;yes;no;;Additional goal description;;Zusätzliche Zielbeschreibung;
Additional information;;no;yes;no;;Additional information;;Zusätzliche Informationen;
Additional manager;;no;yes;no;;Additional manager;;Zusätzliche Führungskraft;
Additional managers;;no;yes;no;;Additional managers;;Zusätzliche Führungskräfte;
Additional review;;no;yes;no;;Additional review;;Zusätzliche Beurteilung;
Advanced;;no;yes;no;;Advanced;;Erweitert;
After;;no;yes;no;;After;;Nach;
Alert;;no;yes;no;;Alert;;Warnung;
Alerts;;no;yes;no;;Alerts;;Benachrichtigungen;
Aligned with goal;;no;yes;no;;Aligned with goal;;Mit dem Ziel abgestimmt;
Alignment;;no;yes;no;;Alignment;;Ausrichtung;
All company;;no;yes;no;;All company;;Gesamtes Unternehmen;
All criteria;;no;yes;no;;All criteria;;Alle Kriterien;
All locations;;no;yes;no;;All locations;;Alle Standorte;
All organizational units;;no;yes;no;;All organizational units;;Alle Organisationseinheiten;
All participants;;no;yes;no;;All participants;;Alle Teilnehmer:innen;
All results;;no;yes;no;;All results;;Alle Ergebnisse;
All roles;;no;yes;no;;All roles;;Alle Rollen;
All updates;;no;yes;no;;All updates;;Alle Aktualisierungen;
Analyses;;no;yes;no;;Analyses;;Analysen;
Analysis;;no;yes;no;;Analysis;;Analyse;
Analytics;;no;yes;no;;Analytics;;Analysen;
Anonymization;;no;yes;no;;Anonymization;;Anonymisierung;
Answer type;;no;yes;no;;Answer type;;Antworttyp;
Anyone;;no;yes;no;;Anyone;;Jeder;
Anyone in the company;;no;yes;no;;Anyone in the company;;Jeder im Unternehmen;
Appearance;;no;yes;no;;Appearance;;Darstellung;
Apply;;no;yes;no;;Apply;;Anwenden;
Apply filters;;no;yes;no;;Apply filters;;Filter anwenden;
Approve;;no;yes;no;;Approve;;Genehmigen;
Approved;;no;yes;no;;Approved;;Genehmigt;
Archived;;no;yes;no;;Archived;;Archiviert;
Assign;;no;yes;no;;Assign;;Zuweisen;
Assign to;;no;yes;no;;Assign to;;Zuweisen an;
Assigned;;no;yes;no;;Assigned;;Zugewiesen;
Assigned reviews;;no;yes;no;;Assigned reviews;;Zugewiesene Beurteilungen;
Assigned to;;no;yes;no;;Assigned to;;Zugewiesen an;
Assignment;;no;yes;no;;Assignment;;Zuordnung;
Assignment permissions;;no;yes;no;;Assignment permissions;;Zuweisungsberechtigungen;
At least one number;;no;yes;no;;At least one number;;Mindestens eine Zahl;
At risk;;no;yes;no;;At risk;;Kritisch;
Attached document;;no;yes;no;;Attached document;;Angehängtes Dokument;
Attachments;;no;yes;no;;Attachments;;Anhänge;
Audit;;no;yes;no;;Audit;;Prüfung;
Audit trail;;no;yes;no;;Audit trail;;Prüfprotokoll;
Auto-suggestion;;no;yes;no;;Auto-suggestion;;Automatische Vorschläge;
Available;;no;yes;no;;Available;;Verfügbar;
Average score;;no;yes;no;;Average score;;Durchschnittliche Bewertung;
Average total score;;no;yes;no;;Average total score;;Durchschnittliche Gesamtpunktzahl;
Avg. word count;;no;yes;no;;Avg. word count;;Durchschn. Wortanzahl;
Back;;no;yes;no;;Back;;Zurück;
Basic Information;;no;yes;no;;Basic Information;;Grundlegende Informationen;
Basic information;;no;yes;no;;Basic information;;Grundlegende Informationen;
Before;;no;yes;no;;Before;;Vor;
Behavior;;no;yes;no;;Behavior;;Verhalten;
Behavior libraries;;no;yes;no;;Behavior libraries;;Verhaltensbibliotheken;
Behavior library;;no;yes;no;;Behavior library;;Verhaltensbibliothek;
Behavior profile;;no;yes;no;;Behavior profile;;Verhaltensprofil;
Behavior wheel;;no;yes;no;;Behavior wheel;;Verhaltensdiagramm;
Behaviors;;no;yes;no;;Behaviors;;Verhalten;
Behaviors sent;;no;yes;no;;Behaviors sent;;Gesendete Verhaltensweisen;
Blank values;;no;yes;no;;Blank values;;Leere Werte;
Blocked;;no;yes;no;;Blocked;;Blockiert;
Bonus Plans;;no;yes;no;;Bonus Plans;;Bonuspläne;
Bonus amount;;no;yes;no;;Bonus amount;;Bonusbetrag;
Bonus calculation equation;;no;yes;no;;Bonus calculation equation;;Bonusberechnungsformel;
Bonus calculation formula;;no;yes;no;;Bonus calculation formula;;Formel zur Berechnung des Bonus;
Bonus plan;;no;yes;no;;Bonus plan;;Bonusplan;
Bonus plans;;no;yes;no;;Bonus plans;;Bonuspläne;
Boolean;;no;yes;no;;Boolean;;Boolesch;
Budget rule;;no;yes;no;;Budget rule;;Haushaltsregel;
Builder;;no;yes;no;;Builder;;Generator;
Business;;no;yes;no;;Business;;Geschäft;
Calculated;;no;yes;no;;Calculated;;Berechnet;
Calculated bonus;;no;yes;no;;Calculated bonus;;Berechneter Bonus;
Calculated column;;no;yes;no;;Calculated column;;Berechnete Spalte;
Calculation;;no;yes;no;;Calculation;;Berechnung;
Calculation workspace;;no;yes;no;;Calculation workspace;;Berechnungsarbeitsbereich;
Calibration;;no;yes;no;;Calibration;;Kalibrierung;
Can edit;;no;yes;no;;Can edit;;Kann bearbeiten;
Can view;;no;yes;no;;Can view;;Kann anzeigen;
Cancel;;no;yes;no;;Cancel;;Abbrechen;
Canceled;;no;yes;no;;Canceled;;Storniert;
Career Development;;no;yes;no;;Career Development;;Karriereentwicklung;
Career Development Plans;;no;yes;no;;Career Development Plans;;Karriereentwicklungspläne;
Career Development Settings;;no;yes;no;;Career Development Settings;;Einstellungen zur beruflichen Entwicklung;
Career development;;no;yes;no;;Career development;;Langfristige Entwicklungsplanung;
Career development plan;;no;yes;no;;Career development plan;;Karriereentwicklungsplan;
Career development plans;;no;yes;no;;Career development plans;;Karriereentwicklungspläne;
Career development settings;;no;yes;no;;Career development settings;;Einstellungen zur Karriereentwicklung;
Career plan questionnaire;;no;yes;no;;Career plan questionnaire;;Fragebogen zur Karriereplanung;
Career plans;;no;yes;no;;Career plans;;Karrierepläne;
Categories;;no;yes;no;;Categories;;Kategorien;
Category;;no;yes;no;;Category;;Kategorie;
Challenge process;;no;yes;no;;Challenge process;;Anfechtungsprozess;
Challenge review;;no;yes;no;;Challenge review;;Beurteilung anfechten;
Challenged;;no;yes;no;;Challenged;;Angefochten;
Change;;no;yes;no;;Change;;Ändern;
Change workflow step;;no;yes;no;;Change workflow step;;Workflow-Schritt ändern;
Check-in Details;;no;yes;no;;Check-in Details;;Check-in-Details;
Check-in Status;;no;yes;no;;Check-in Status;;Check-in-Status;
Check-in date;;no;yes;no;;Check-in date;;Check-in-Datum;
Check-in with;;no;yes;no;;Check-in with;;Check-in mit;
Check-ins created;;no;yes;no;;Check-ins created;;Check-ins erstellt;
Choose one;;no;yes;no;;Choose one;;Wählen Sie eine Option;
City;;no;yes;no;;City;;Stadt;
Clear;;no;yes;no;;Clear;;Löschen;
Clear all;;no;yes;no;;Clear all;;Alles löschen;
Clear all filters;;no;yes;no;;Clear all filters;;Alle Filter löschen;
Clear all filters & search;;no;yes;no;;Clear all filters & search;;Alle Filter und Suche zurücksetzen;
Clear all filters and search;;no;yes;no;;Clear all filters and search;;Alle Filter löschen und suchen;
Clear filters;;no;yes;no;;Clear filters;;Filter löschen;
Clear search;;no;yes;no;;Clear search;;Suche löschen;
Close;;no;yes;no;;Close;;Schließen;
Closed;;no;yes;no;;Closed;;Geschlossen;
Closed without document;;no;yes;no;;Closed without document;;Ohne Dokument geschlossen;
Collaborative;;no;yes;no;;Collaborative;;Kollaborativ;
Collapse;;no;yes;no;;Collapse;;Ausblenden;
Color;;no;yes;no;;Color;;Farbe;
Column name;;no;yes;no;;Column name;;Spaltenname;
Columns;;no;yes;no;;Columns;;Spalten;
Coming soon;;no;yes;no;;Coming soon;;Demnächst verfügbar;
Comm manager;;no;yes;no;;Comm manager;;Kommunikationsmanager:in;
Comm round;;no;yes;no;;Comm round;;Vergütungsrunde;
Comment;;no;yes;no;;Comment;;Kommentar;
Comments;;no;yes;no;;Comments;;Kommentare;
Communication;;no;yes;no;;Communication;;Kommunikation;
Communication Rounds;;no;yes;no;;Communication Rounds;;Kommunikationsrunden;
Communication manager;;no;yes;no;;Communication manager;;Kommunikationsmanager;
Communication manager name;;no;yes;no;;Communication manager name;;Name des Kommunikationsmanagers;
Communication round;;no;yes;no;;Communication round;;Kommunikationsrunde;
Communication rounds;;no;yes;no;;Communication rounds;;Kommunikationsrunden;
Comp Rounds;;no;yes;no;;Comp Rounds;;Vergütungsrunden;
Comp element;;no;yes;no;;Comp element;;Vergütungselement;
Comp elements;;no;yes;no;;Comp elements;;Vergütungselemente;
Comp manager;;no;yes;no;;Comp manager;;Vergütungsmanager;
Comp managers;;no;yes;no;;Comp managers;;Vergütungsmanager;
Comp round;;no;yes;no;;Comp round;;Vergütungsrunde;
Comp round currency;;no;yes;no;;Comp round currency;;Währung der Vergütungsrunde;
Comp rounds;;no;yes;no;;Comp rounds;;Vergütungsrunden;
Comp tree;;no;yes;no;;Comp tree;;Vergütungsplaner;
Company;;no;yes;no;;Company;;Unternehmen;
Company logo;;no;yes;no;;Company logo;;Firmenlogo;
Company name;;no;yes;no;;Company name;;Firmenname;
Compare;;no;yes;no;;Compare;;Vergleichen;
Compensation;;no;yes;no;;Compensation;;Vergütung;
Compensation Element;;no;yes;no;;Compensation Element;;Vergütungselement;
Compensation History;;no;yes;no;;Compensation History;;Vergütungsverlauf;
Compensation Management;;no;yes;no;;Compensation Management;;Vergütungsmanagement;
Compensation Rounds;;no;yes;no;;Compensation Rounds;;Vergütungsrunden;
Compensation element;;no;yes;no;;Compensation element;;Vergütungselement;
Compensation elements;;no;yes;no;;Compensation elements;;Vergütungselemente;
Compensation field;;no;yes;no;;Compensation field;;Vergütungsfeld;
Compensation framework;;no;yes;no;;Compensation framework;;Vergütungsrahmen;
Compensation history;;no;yes;no;;Compensation history;;Vergütungsverlauf;
Compensation manager;;no;yes;no;;Compensation manager;;Vergütungsmanager;
Compensation philosophy;;no;yes;no;;Compensation philosophy;;Vergütungsphilosophie;
Compensation rounds;;no;yes;no;;Compensation rounds;;Vergütungsrunden;
Competency Scales;;no;yes;no;;Competency Scales;;Kompetenzskalen;
Competency scale;;no;yes;no;;Competency scale;;Kompetenzskala;
Complete;;no;yes;no;;Complete;;Abgeschlossen;
Completed;;no;yes;no;;Completed;;Abgeschlossen;
Completion;;no;yes;no;;Completion;;Abschluss;
Completion rate;;no;yes;no;;Completion rate;;Abschlussquote;
Concatenated fields;;no;yes;no;;Concatenated fields;;Verkettete Felder;
Condition;;no;yes;no;;Condition;;Bedingung;
Conditional;;no;yes;no;;Conditional;;Bedingt;
Conditional formatting;;no;yes;no;;Conditional formatting;;Bedingte Formatierung;
Config;;no;yes;no;;Config;;Konfiguration;
Configuration;;no;yes;no;;Configuration;;Konfiguration;
Configurations;;no;yes;no;;Configurations;;Konfigurationen;
Confirm;;no;yes;no;;Confirm;;Bestätigen;
Confirm deletion;;no;yes;no;;Confirm deletion;;Löschung bestätigen;
Confirmation;;no;yes;no;;Confirmation;;Bestätigung;
Connection name;;no;yes;no;;Connection name;;Verbindungsname;
Constructive;;no;yes;no;;Constructive;;Konstruktiv;
Contains;;no;yes;no;;Contains;;Enthält;
Continue;;no;yes;no;;Continue;;Weiter;
Continue editing;;no;yes;no;;Continue editing;;Weiter bearbeiten;
Contract type;;no;yes;no;;Contract type;;Vertragsart;
Conversation & publication;;no;yes;no;;Conversation & publication;;Gespräch und Veröffentlichung;
Copy;;no;yes;no;;Copy;;Kopieren;
Cost Center;;no;yes;no;;Cost Center;;Kostenstelle;
Cost center;;no;yes;no;;Cost center;;Kostenstelle;
Count;;no;yes;no;;Count;;Anzahl;
Country;;no;yes;no;;Country;;Land;
Create;;no;yes;no;;Create;;Erstellen;
Create check-in;;no;yes;no;;Create check-in;;Check-in erstellen;
Create communication round;;no;yes;no;;Create communication round;;Kommunikationsrunde erstellen;
Create document;;no;yes;no;;Create document;;Dokument erstellen;
Create goal;;no;yes;no;;Create goal;;Ziel erstellen;
Create goal plan;;no;yes;no;;Create goal plan;;Zielplan erstellen;
Create goal type;;no;yes;no;;Create goal type;;Zieltyp erstellen;
Create model;;no;yes;no;;Create model;;Modell erstellen;
Create performance review;;no;yes;no;;Create performance review;;Leistungsbeurteilung erstellen;
Create rule;;no;yes;no;;Create rule;;Regel erstellen;
Created;;no;yes;no;;Created;;Erstellt;
Created by;;no;yes;no;;Created by;;Erstellt von;
Created date;;no;yes;no;;Created date;;Erstellungsdatum;
Created on;;no;yes;no;;Created on;;Erstellt am;
Creation date;;no;yes;no;;Creation date;;Erstellungsdatum;
Creator;;no;yes;no;;Creator;;Erstellt von;
Criteria;;no;yes;no;;Criteria;;Kriterien;
Criteria blocks;;no;yes;no;;Criteria blocks;;Kriterienblöcke;
Criterion;;no;yes;no;;Criterion;;Kriterium;
Currency;;no;yes;no;;Currency;;Währung;
Currency Settings;;no;yes;no;;Currency Settings;;Währungseinstellungen;
Currency field;;no;yes;no;;Currency field;;Währungsfeld;
Currency source;;no;yes;no;;Currency source;;Währungsquelle;
Current;;no;yes;no;;Current;;Aktuell;
Current manager;;no;yes;no;;Current manager;;Aktueller Vorgesetzter;
Custom;;no;yes;no;;Custom;;Benutzerdefiniert;
Custom Entities;;no;yes;no;;Custom Entities;;Benutzerdefinierte Entitäten;
Custom Fields;;no;yes;no;;Custom Fields;;Benutzerdefinierte Felder;
Custom column;;no;yes;no;;Custom column;;Benutzerdefinierte Spalte;
Custom criteria;;no;yes;no;;Custom criteria;;Benutzerdefinierte Kriterien;
Custom entities;;no;yes;no;;Custom entities;;Benutzerdefinierte Entitäten;
Custom fields;;no;yes;no;;Custom fields;;Benutzerdefinierte Felder;
Custom section;;no;yes;no;;Custom section;;Benutzerdefinierter Abschnitt;
Custom widget;;no;yes;no;;Custom widget;;Benutzerdefiniertes Widget;
Data Entities & Sources;;no;yes;no;;Data Entities & Sources;;Datenentitäten & Quellen;
Data Foundation;;no;yes;no;;Data Foundation;;Datenbasis;
Data Management;;no;yes;no;;Data Management;;Datenverwaltung;
Data Privacy;;no;yes;no;;Data Privacy;;Datenschutz;
Data Retention;;no;yes;no;;Data Retention;;Datenaufbewahrung;
Data Upload;;no;yes;no;;Data Upload;;Daten-Upload;
Data entities & sources;;no;yes;no;;Data entities & sources;;Datenentitäten & Quellen;
Data foundation;;no;yes;no;;Data foundation;;Datenbasis;
Data management;;no;yes;no;;Data management;;Datenverwaltung;
Data model;;no;yes;no;;Data model;;Datenmodell;
Data privacy;;no;yes;no;;Data privacy;;Datenschutz;
Data privacy statement;;no;yes;no;;Data privacy statement;;Datenschutzerklärung;
Data retention period;;no;yes;no;;Data retention period;;Dauer der Datenaufbewahrung;
Data scope;;no;yes;no;;Data scope;;Datenumfang;
Data source;;no;yes;no;;Data source;;Datenquelle;
Dataset;;no;yes;no;;Dataset;;Datensatz;
Date;;no;yes;no;;Date;;Datum;
Date & Time;;no;yes;no;;Date & Time;;Datum und Uhrzeit;
Date & time;;no;yes;no;;Date & time;;Datum und Uhrzeit;
Date to;;no;yes;no;;Date to;;Datum bis;
Days;;no;yes;no;;Days;;Tage;
Deactivate;;no;yes;no;;Deactivate;;Deaktivieren;
Deactivated;;no;yes;no;;Deactivated;;Deaktiviert;
Deactivated user;;no;yes;no;;Deactivated user;;Deaktivierte:r Benutzer:in;
Deactivation;;no;yes;no;;Deactivation;;Deaktivierung;
Deadline status;;no;yes;no;;Deadline status;;Fristenstatus;
Decimal;;no;yes;no;;Decimal;;Dezimalzahl;
Decimal precision;;no;yes;no;;Decimal precision;;Dezimalgenauigkeit;
Default;;no;yes;no;;Default;;Standard;
Default beqom logo;;no;yes;no;;Default beqom logo;;beqom-Standardlogo;
Default value;;no;yes;no;;Default value;;Standardwert;
Delete;;no;yes;no;;Delete;;Löschen;
Delete all;;no;yes;no;;Delete all;;Alle löschen;
Delete comment;;no;yes;no;;Delete comment;;Kommentar löschen;
Delete goal;;no;yes;no;;Delete goal;;Ziel löschen;
Delete note;;no;yes;no;;Delete note;;Notiz löschen;
Delete rule;;no;yes;no;;Delete rule;;Regel löschen;
Delete selected;;no;yes;no;;Delete selected;;Ausgewählte löschen;
Deleted;;no;yes;no;;Deleted;;Gelöscht;
Deleted by;;no;yes;no;;Deleted by;;Gelöscht von;
Deletion;;no;yes;no;;Deletion;;Löschung;
Deliverable;;no;yes;no;;Deliverable;;Arbeitsergebnis;
Deliverables;;no;yes;no;;Deliverables;;Arbeitsergebnisse;
Demographic;;no;yes;no;;Demographic;;Demografie;
Demographics;;no;yes;no;;Demographics;;Demografie;
Department;;no;yes;no;;Department;;Abteilung;
Description;;no;yes;no;;Description;;Beschreibung;
Development;;no;yes;no;;Development;;Entwicklung;
Development plans;;no;yes;no;;Development plans;;Entwicklungspläne;
Digital reward statement;;no;yes;no;;Digital reward statement;;Digitale Prämienabrechnung;
Direct Reports;;no;yes;no;;Direct Reports;;Direkt unterstellte Mitarbeiter:innen;
Direct report;;no;yes;no;;Direct report;;Direkt unterstellte:r Mitarbeiter:in;
Direct reports;;no;yes;no;;Direct reports;;Direkte:r Mitarbeiter:innen;
Direction;;no;yes;no;;Direction;;Richtung;
Disable;;no;yes;no;;Disable;;Deaktivieren;
Disabled;;no;yes;no;;Disabled;;Deaktiviert;
Discard;;no;yes;no;;Discard;;Verwerfen;
Discussion;;no;yes;no;;Discussion;;Besprechung;
Discussion outcome;;no;yes;no;;Discussion outcome;;Diskussionsergebnis;
Discussion point;;no;yes;no;;Discussion point;;Diskussionspunkt;
Discussion points;;no;yes;no;;Discussion points;;Diskussionspunkte;
Display name;;no;yes;no;;Display name;;Anzeigename;
Distribution;;no;yes;no;;Distribution;;Verteilung;
Distribution guidelines;;no;yes;no;;Distribution guidelines;;Verteilungsrichtlinien;
Document;;no;yes;no;;Document;;Dokument;
Document Settings;;no;yes;no;;Document Settings;;Dokumenteinstellungen;
Document Templates;;no;yes;no;;Document Templates;;Dokumentvorlagen;
Document generation;;no;yes;no;;Document generation;;Dokumentenerstellung;
Document name;;no;yes;no;;Document name;;Dokumentname;
Document preview;;no;yes;no;;Document preview;;Dokumentvorschau;
Document review;;no;yes;no;;Document review;;Überprüfung des Dokuments;
Document settings;;no;yes;no;;Document settings;;Dokumenteinstellungen;
Document status;;no;yes;no;;Document status;;Dokumentstatus;
Document template;;no;yes;no;;Document template;;Dokumentvorlage;
Documents;;no;yes;no;;Documents;;Dokumente;
Done;;no;yes;no;;Done;;Abgeschlossen;
Download;;no;yes;no;;Download;;Herunterladen;
Download CSV;;no;yes;no;;Download CSV;;CSV herunterladen;
Download log file;;no;yes;no;;Download log file;;Protokolldatei herunterladen;
Download template;;no;yes;no;;Download template;;Vorlage herunterladen;
Download the template;;no;yes;no;;Download the template;;Laden Sie die Vorlage herunter;
Draft;;no;yes;no;;Draft;;Entwurf;
Drop-down list;;no;yes;no;;Drop-down list;;Dropdown-Liste;
Due date;;no;yes;no;;Due date;;Fälligkeitsdatum;
Duplicate;;no;yes;no;;Duplicate;;Duplikat;
Duplication successful;;no;yes;no;;Duplication successful;;Duplizierung erfolgreich;
Edit;;no;yes;no;;Edit;;Bearbeiten;
Edit goal;;no;yes;no;;Edit goal;;Ziel bearbeiten;
Edit model;;no;yes;no;;Edit model;;Modell bearbeiten;
Edit note;;no;yes;no;;Edit note;;Notiz bearbeiten;
Edited;;no;yes;no;;Edited;;Bearbeitet;
Education;;no;yes;no;;Education;;Ausbildung;
Effective date;;no;yes;no;;Effective date;;Gültigkeitsdatum;
Eligibility;;no;yes;no;;Eligibility;;Berechtigung;
Eligible;;no;yes;no;;Eligible;;Berechtigt;
Eligible workers;;no;yes;no;;Eligible workers;;Anspruchsberechtigte Mitarbeiter:innen;
Else;;no;yes;no;;Else;;Sonstiges;
Email;;no;yes;no;;Email;;E-Mail;
Email Notifications;;no;yes;no;;Email Notifications;;E-Mail-Benachrichtigungen;
Email address;;no;yes;no;;Email address;;E-Mail-Adresse;
Email notification;;no;yes;no;;Email notification;;E-Mail-Benachrichtigung;
Email notifications;;no;yes;no;;Email notifications;;E-Mail-Benachrichtigungen;
Email subject;;no;yes;no;;Email subject;;E-Mail-Betreff;
Employment;;no;yes;no;;Employment;;Anstellung;
Empty;;no;yes;no;;Empty;;Leer;
Enable;;no;yes;no;;Enable;;Aktivieren;
Enable Feedback;;no;yes;no;;Enable Feedback;;Feedback aktivieren;
Enabled;;no;yes;no;;Enabled;;Aktiviert;
End date;;no;yes;no;;End date;;Enddatum;
Endorsed;;no;yes;no;;Endorsed;;Bestätigt;
Enter;;no;yes;no;;Enter;;Eingeben;
Enter a name;;no;yes;no;;Enter a name;;Geben Sie einen Namen ein;
Enter text;;no;yes;no;;Enter text;;Text eingeben;
Entities;;no;yes;no;;Entities;;Entitäten;
Entities & fields;;no;yes;no;;Entities & fields;;Entitäten & Felder;
Entity;;no;yes;no;;Entity;;Entität;
Entity details;;no;yes;no;;Entity details;;Entitätsdetails;
Entity enum;;no;yes;no;;Entity enum;;Entitätsaufzählung;
Entity name;;no;yes;no;;Entity name;;Entitätsname;
Equal to;;no;yes;no;;Equal to;;Gleich;
Equity;;no;yes;no;;Equity;;Aktienkapital;
Error;;no;yes;no;;Error;;Fehler;
Errors;;no;yes;no;;Errors;;Fehler;
Evaluation section;;no;yes;no;;Evaluation section;;Bewertungsabschnitt;
Examples;;no;yes;no;;Examples;;Beispiele;
Exchange Rates;;no;yes;no;;Exchange Rates;;Wechselkurse;
Exchange rate;;no;yes;no;;Exchange rate;;Wechselkurs;
Exchange rate type;;no;yes;no;;Exchange rate type;;Wechselkursart;
Exchange rates;;no;yes;no;;Exchange rates;;Wechselkurse;
Exclude;;no;yes;no;;Exclude;;Ausschließen;
Exclude individuals;;no;yes;no;;Exclude individuals;;Personen ausschließen;
Excluded;;no;yes;no;;Excluded;;Ausgeschlossen;
Exit;;no;yes;no;;Exit;;Beenden;
Exit without saving;;no;yes;no;;Exit without saving;;Ohne Speichern beenden;
Expand;;no;yes;no;;Expand;;Erweitern;
Experience;;no;yes;no;;Experience;;Erfahrung;
Expression;;no;yes;no;;Expression;;Ausdruck;
Expression formula;;no;yes;no;;Expression formula;;Ausdrucksformel;
External;;no;yes;no;;External;;Extern;
Failed;;no;yes;no;;Failed;;Fehlgeschlagen;
Favorite;;no;yes;no;;Favorite;;Favorit;
Favorite feedback;;no;yes;no;;Favorite feedback;;Lieblingsfeedback;
Favorites;;no;yes;no;;Favorites;;Favoriten;
Feature;;no;yes;no;;Feature;;Merkmal;
Feature Enablement;;no;yes;no;;Feature Enablement;;Funktionsaktivierung;
Feature enablement;;no;yes;no;;Feature enablement;;Funktionsaktivierung;
Features;;no;yes;no;;Features;;Merkmale;
Feedback Ratings;;no;yes;no;;Feedback Ratings;;Feedback-Bewertungen;
Feedback from;;no;yes;no;;Feedback from;;Feedback von;
Feedback insights;;no;yes;no;;Feedback insights;;Feedback-Einblicke;
Feedback note;;no;yes;no;;Feedback note;;Feedback-Notiz;
Feedback notes;;no;yes;no;;Feedback notes;;Feedback-Notizen;
Feedback rating;;no;yes;no;;Feedback rating;;Feedback-Bewertung;
Feedback received;;no;yes;no;;Feedback received;;Erhaltenes Feedback;
Feedback request;;no;yes;no;;Feedback request;;Feedback-Anfrage;
Feedback requested;;no;yes;no;;Feedback requested;;Feedback angefordert;
Feedback requests;;no;yes;no;;Feedback requests;;Feedback-Anfragen;
Feedback sent;;no;yes;no;;Feedback sent;;Feedback gesendet;
Feedback sent to;;no;yes;no;;Feedback sent to;;Feedback gesendet an;
Female;;no;yes;no;;Female;;Weiblich;
Field;;no;yes;no;;Field;;Feld;
Field name;;no;yes;no;;Field name;;Feldname;
Fields;;no;yes;no;;Fields;;Felder;
Fields used;;no;yes;no;;Fields used;;Verwendete Felder;
File name;;no;yes;no;;File name;;Dateiname;
File upload;;no;yes;no;;File upload;;Datei-Upload;
Fill in the necessary details;;no;yes;no;;Fill in the necessary details;;Tragen Sie die erforderlichen Angaben ein;
Filters;;no;yes;no;;Filters;;Filter;
Final Validation;;no;yes;no;;Final Validation;;Endgültige Validierung;
Final validation;;no;yes;no;;Final validation;;Endgültige Validierung;
Fixed;;no;yes;no;;Fixed;;Fest;
For managers;;no;yes;no;;For managers;;Für Führungskräfte;
For workers;;no;yes;no;;For workers;;Für Mitarbeiter:innen;
Formatting;;no;yes;no;;Formatting;;Formatierung;
Forms;;no;yes;no;;Forms;;Formulare;
Formula;;no;yes;no;;Formula;;Formel;
From;;no;yes;no;;From;;Von;
Full name;;no;yes;no;;Full name;;Vollständiger Name;
Functions;;no;yes;no;;Functions;;Funktionen;
Gender;;no;yes;no;;Gender;;Geschlecht;
General;;no;yes;no;;General;;Allgemein;
General information;;no;yes;no;;General information;;Allgemeine Informationen;
Generate;;no;yes;no;;Generate;;Erstellen;
Generate PDF;;no;yes;no;;Generate PDF;;PDF erstellen;
Generated;;no;yes;no;;Generated;;Erstellt;
Generation date;;no;yes;no;;Generation date;;Erstellungsdatum;
Get started by creating one;;no;yes;no;;Get started by creating one;;Jetzt erstellen;
Give;;no;yes;no;;Give;;Geben;
Give feedback;;no;yes;no;;Give feedback;;Feedback geben;
Global currency;;no;yes;no;;Global currency;;Weltwährung;
Global worker category;;no;yes;no;;Global worker category;;Globale Mitarbeiter:innenkategorie;
Go to feedback;;no;yes;no;;Go to feedback;;Zum Feedback gehen;
Goal;;no;yes;no;;Goal;;Ziel;
Goal Achievement;;no;yes;no;;Goal Achievement;;Zielerreichung;
Goal Alignment;;no;yes;no;;Goal Alignment;;Zielausrichtung;
Goal Details;;no;yes;no;;Goal Details;;Zieldetails;
Goal ID;;no;yes;no;;Goal ID;;Ziel-ID;
Goal Overview;;no;yes;no;;Goal Overview;;Zielübersicht;
Goal Plan;;no;yes;no;;Goal Plan;;Zielplan;
Goal Plans;;no;yes;no;;Goal Plans;;Zielpläne;
Goal Status;;no;yes;no;;Goal Status;;Zielstatus;
Goal Tag Libraries;;no;yes;no;;Goal Tag Libraries;;Ziel-Tag-Bibliotheken;
Goal Types;;no;yes;no;;Goal Types;;Zieltypen;
Goal achievement;;no;yes;no;;Goal achievement;;Zielerreichung;
Goal alignment;;no;yes;no;;Goal alignment;;Zielausrichtung;
Goal creator;;no;yes;no;;Goal creator;;Zielersteller:in;
Goal details;;no;yes;no;;Goal details;;Details;
Goal name;;no;yes;no;;Goal name;;Zielname;
Goal overview;;no;yes;no;;Goal overview;;Zielübersicht;
Goal owner;;no;yes;no;;Goal owner;;Ziel-Eigentümer:in;
Goal owner worker ID;;no;yes;no;;Goal owner worker ID;;Mitarbeiter:innen-ID der Zieleigentümer:in;
Goal period;;no;yes;no;;Goal period;;Zielzeitraum;
Goal plan;;no;yes;no;;Goal plan;;Zielplan;
Goal plans;;no;yes;no;;Goal plans;;Zielpläne;
Goal priority;;no;yes;no;;Goal priority;;Zielpriorität;
Goal progress;;no;yes;no;;Goal progress;;Zielfortschritt;
Goal status;;no;yes;no;;Goal status;;Zielstatus;
Goal tags;;no;yes;no;;Goal tags;;Ziel-Tags;
Goal title;;no;yes;no;;Goal title;;Zieltitel;
Goal tracking status;;no;yes;no;;Goal tracking status;;Zielverfolgungsstatus;
Goal type;;no;yes;no;;Goal type;;Zieltyp;
Goal type weight;;no;yes;no;;Goal type weight;;Zieltyp-Gewichtung;
Goal types;;no;yes;no;;Goal types;;Zieltypen;
Goal weight;;no;yes;no;;Goal weight;;Zielgewicht;
Goal workflow;;no;yes;no;;Goal workflow;;Ziel-Workflow;
Goals;;no;yes;no;;Goals;;Ziele;
Goals aligned with this goal;;no;yes;no;;Goals aligned with this goal;;Ziele, die mit diesem Ziel abgestimmt sind;
Grade;;no;yes;no;;Grade;;Note;
Grant date;;no;yes;no;;Grant date;;Bewilligungsdatum;
Grant proxy access;;no;yes;no;;Grant proxy access;;Zugriffsvollmacht erteilen;
Grants;;no;yes;no;;Grants;;Zuwendungen;
Greater than;;no;yes;no;;Greater than;;Größer als;
Greater than or equal to;;no;yes;no;;Greater than or equal to;;Größer als oder gleich;
Group name;;no;yes;no;;Group name;;Gruppenname;
Groups;;no;yes;no;;Groups;;Gruppen;
Guaranteed amount;;no;yes;no;;Guaranteed amount;;Garantierter Betrag;
Guaranteed amount rule;;no;yes;no;;Guaranteed amount rule;;Regel zum garantierten Betrag;
Guaranteed amounts;;no;yes;no;;Guaranteed amounts;;Garantierte Beträge;
Guideline;;no;yes;no;;Guideline;;Richtlinie;
Guidelines;;no;yes;no;;Guidelines;;Richtlinien;
HRBP approval;;no;yes;no;;HRBP approval;;HRBP-Genehmigung;
HRBP review;;no;yes;no;;HRBP review;;HRBP-Bewertung;
Help;;no;yes;no;;Help;;Hilfe;
Help tip;;no;yes;no;;Help tip;;Hilfetipp;
Helpful;;no;yes;no;;Helpful;;Hilfreich;
Hide;;no;yes;no;;Hide;;Ausblenden;
Hierarchy;;no;yes;no;;Hierarchy;;Hierarchie;
High;;no;yes;no;;High;;Hoch;
Historical Reviews;;no;yes;no;;Historical Reviews;;Frühere Beurteilungen;
Historical compensation;;no;yes;no;;Historical compensation;;Historische Entschädigung;
Home;;no;yes;no;;Home;;Startseite;
Identifier;;no;yes;no;;Identifier;;Bezeichner;
Image;;no;yes;no;;Image;;Bild;
In progress;;no;yes;no;;In progress;;In Bearbeitung;
In use;;no;yes;no;;In use;;In Verwendung;
Inactive;;no;yes;no;;Inactive;;Inaktiv;
Include;;no;yes;no;;Include;;Einbeziehen;
Included;;no;yes;no;;Included;;Einbezogen;
Individual;;no;yes;no;;Individual;;Individuell;
Individual goal;;no;yes;no;;Individual goal;;Individuelles Ziel;
Individual goals;;no;yes;no;;Individual goals;;Individuelle Ziele;
Individual view;;no;yes;no;;Individual view;;Individuelle Ansicht;
Individual workers;;no;yes;no;;Individual workers;;Einzelne Mitarbeiter:innen;
Individuals;;no;yes;no;;Individuals;;Einzelpersonen;
Ingestion;;no;yes;no;;Ingestion;;Datenaufnahme;
Input;;no;yes;no;;Input;;Eingabe;
Insightful;;no;yes;no;;Insightful;;Aufschlussreich;
Insights;;no;yes;no;;Insights;;Einblicke;
Inspiring;;no;yes;no;;Inspiring;;Inspirierend;
Instant messaging address;;no;yes;no;;Instant messaging address;;Instant-Messaging-Adresse;
Integer;;no;yes;no;;Integer;;Ganze Zahl;
Interface;;no;yes;no;;Interface;;Benutzeroberfläche;
Is PII;;no;yes;no;;Is PII;;Ist PII;
Is completed;;no;yes;no;;Is completed;;Ist abgeschlossen;
Is enabled;;no;yes;no;;Is enabled;;Ist aktiviert;
Is read;;no;yes;no;;Is read;;Ist gelesen;
Is required;;no;yes;no;;Is required;;Feldverhalten;
Job code;;no;yes;no;;Job code;;Stellencode;
Job level;;no;yes;no;;Job level;;Jobebene;
Job title;;no;yes;no;;Job title;;Berufsbezeichnung;
Key dates;;no;yes;no;;Key dates;;Wichtige Termine;
Key deliverables;;no;yes;no;;Key deliverables;;Wichtige Ergebnisse;
Label;;no;yes;no;;Label;;Beschriftung;
Language;;no;yes;no;;Language;;Sprache;
Language code;;no;yes;no;;Language code;;Sprachcode;
Languages;;no;yes;no;;Languages;;Sprachen;
Last edited;;no;yes;no;;Last edited;;Zuletzt bearbeitet;
Last update;;no;yes;no;;Last update;;Letzte Aktualisierung;
Last updated;;no;yes;no;;Last updated;;Zuletzt aktualisiert;
Learning;;no;yes;no;;Learning;;Lernen;
Leave of absence;;no;yes;no;;Leave of absence;;Beurlaubung;
Legal Entity;;no;yes;no;;Legal Entity;;Juristische Person;
Legal entity;;no;yes;no;;Legal entity;;Juristische Person;
Less than;;no;yes;no;;Less than;;Weniger als;
Less than or equal to;;no;yes;no;;Less than or equal to;;Kleiner als oder gleich;
Let's meet;;no;yes;no;;Let's meet;;Treffen wir uns;
Level;;no;yes;no;;Level;;Niveau;
Library details;;no;yes;no;;Library details;;Bibliotheksdetails;
Library name;;no;yes;no;;Library name;;Bibliotheksname;
Line manager;;no;yes;no;;Line manager;;Direkte Führungskraft;
Linear curve;;no;yes;no;;Linear curve;;Lineare Kurve;
Local time;;no;yes;no;;Local time;;Ortszeit;
Local worker category;;no;yes;no;;Local worker category;;Lokale Mitarbeiter:innengruppe;
Localization;;no;yes;no;;Localization;;Lokalisierung;
Location;;no;yes;no;;Location;;Standort;
Locations;;no;yes;no;;Locations;;Standorte;
Logins;;no;yes;no;;Logins;;Anmeldungen;
Logins over time;;no;yes;no;;Logins over time;;Anmeldungen im Zeitverlauf;
Logout;;no;yes;no;;Logout;;Abmelden;
Low;;no;yes;no;;Low;;Niedrig;
Main;;no;yes;no;;Main;;Haupt;
Main currency;;no;yes;no;;Main currency;;Hauptwährung;
Main group;;no;yes;no;;Main group;;Hauptgruppe;
Male;;no;yes;no;;Male;;Männlich;
Manage;;no;yes;no;;Manage;;Verwalten;
Manage users;;no;yes;no;;Manage users;;Benutzer verwalten;
Manager;;no;yes;no;;Manager;;Führungskraft;
Manager + 1;;no;yes;no;;Manager + 1;;Manager:in + 1;
Manager ID;;no;yes;no;;Manager ID;;Führungskraft-ID;
Manager feedback;;no;yes;no;;Manager feedback;;Feedback des Managers;
Manager name;;no;yes;no;;Manager name;;Name der Führungskraft;
Manager proposal;;no;yes;no;;Manager proposal;;Vorschlag des Managers;
Manager review;;no;yes;no;;Manager review;;Führungskraftbeurteilung;
Managers;;no;yes;no;;Managers;;Manager:innen;
Mandatory;;no;yes;no;;Mandatory;;Pflichtfeld;
Manually;;no;yes;no;;Manually;;Manuell;
Mapping configuration;;no;yes;no;;Mapping configuration;;Zuordnungskonfiguration;
Max target;;no;yes;no;;Max target;;Maximalziel;
Max. score;;no;yes;no;;Max. score;;Max. Punktzahl;
Maximum outcome;;no;yes;no;;Maximum outcome;;Maximales Ergebnis;
Maximum payout;;no;yes;no;;Maximum payout;;Maximale Auszahlung;
Measurement;;no;yes;no;;Measurement;;Messung;
Measurement criteria;;no;yes;no;;Measurement criteria;;Messkriterien;
Medium;;no;yes;no;;Medium;;Mittel;
Menu;;no;yes;no;;Menu;;Menü;
Message;;no;yes;no;;Message;;Nachricht;
Min target;;no;yes;no;;Min target;;Mindestziel;
Minimum outcome;;no;yes;no;;Minimum outcome;;Minimales Ergebnis;
Model;;no;yes;no;;Model;;Modell;
Model description;;no;yes;no;;Model description;;Modellbeschreibung;
Model details;;no;yes;no;;Model details;;Modellinformationen;
Model features;;no;yes;no;;Model features;;Modellmerkmale;
Model name;;no;yes;no;;Model name;;Modellname;
Model type;;no;yes;no;;Model type;;Modelltyp;
Models;;no;yes;no;;Models;;Modelle;
Moderation stage;;no;yes;no;;Moderation stage;;Moderationsphase;
Month;;no;yes;no;;Month;;Monat;
Months;;no;yes;no;;Months;;Monate;
More;;no;yes;no;;More;;Mehr;
More details;;no;yes;no;;More details;;Mehr Details;
Move reviews;;no;yes;no;;Move reviews;;Beurteilungen verschieben;
Multiple;;no;yes;no;;Multiple;;Mehrere;
My behavior profile;;no;yes;no;;My behavior profile;;Mein Verhaltensprofil;
My feedback;;no;yes;no;;My feedback;;Mein Feedback;
My goal;;no;yes;no;;My goal;;Mein Ziel;
My goals;;no;yes;no;;My goals;;Meine Ziele;
My note;;no;yes;no;;My note;;Meine Notiz;
My review;;no;yes;no;;My review;;Meine Beurteilung;
My reviews;;no;yes;no;;My reviews;;Meine Beurteilungen;
New manager;;no;yes;no;;New manager;;Neue Führungskraft;
New password;;no;yes;no;;New password;;Neues Passwort;
Next;;no;yes;no;;Next;;Weiter;
Next step;;no;yes;no;;Next step;;Nächster Schritt;
Nickname;;no;yes;no;;Nickname;;Spitzname;
No career development plans;;no;yes;no;;No career development plans;;Keine Karriereentwicklungspläne;
No check-ins;;no;yes;no;;No check-ins;;Keine Check-ins;
No comments yet;;no;yes;no;;No comments yet;;Noch keine Kommentare;
No compensation rounds;;no;yes;no;;No compensation rounds;;Keine Vergütungsrunden;
No data;;no;yes;no;;No data;;Keine Daten;
No description;;no;yes;no;;No description;;Keine Beschreibung;
No documents;;no;yes;no;;No documents;;Keine Dokumente;
No feedback;;no;yes;no;;No feedback;;Kein Feedback;
No goals;;no;yes;no;;No goals;;Keine Ziele;
No goals yet;;no;yes;no;;No goals yet;;Noch keine Ziele;
No messages yet;;no;yes;no;;No messages yet;;Noch keine Nachrichten;
No notes;;no;yes;no;;No notes;;Keine Notizen;
No populations;;no;yes;no;;No populations;;Keine Populationen;
No populations yet;;no;yes;no;;No populations yet;;Noch keine Zielgruppen;
No priority;;no;yes;no;;No priority;;Keine Priorität;
No questions;;no;yes;no;;No questions;;Keine Fragen;
No results;;no;yes;no;;No results;;Keine Ergebnisse;
No results found;;no;yes;no;;No results found;;Keine Ergebnisse gefunden;
No value;;no;yes;no;;No value;;Kein Wert;
Non-conditional;;no;yes;no;;Non-conditional;;Nicht-bedingt;
None;;no;yes;no;;None;;Keine;
Not completed;;no;yes;no;;Not completed;;Nicht abgeschlossen;
Not empty;;no;yes;no;;Not empty;;Nicht leer;
Not released;;no;yes;no;;Not released;;Nicht veröffentlicht;
Not selected;;no;yes;no;;Not selected;;Nicht ausgewählt;
Not started;;no;yes;no;;Not started;;Nicht gestartet;
Not submitted;;no;yes;no;;Not submitted;;Nicht eingereicht;
Note;;no;yes;no;;Note;;Notiz;
Notes;;no;yes;no;;Notes;;Notizen;
Notification bell;;no;yes;no;;Notification bell;;Benachrichtigungsglocke;
Notifications;;no;yes;no;;Notifications;;Benachrichtigungen;
Nudge;;no;yes;no;;Nudge;;Anstoß;
Number;;no;yes;no;;Number;;Zahl;
Number of days;;no;yes;no;;Number of days;;Anzahl der Tage;
Number of years;;no;yes;no;;Number of years;;Anzahl der Jahre;
Numeric;;no;yes;no;;Numeric;;Numerisch;
Observations;;no;yes;no;;Observations;;Beobachtungen;
On track;;no;yes;no;;On track;;Auf Kurs;
Open;;no;yes;no;;Open;;Öffnen;
Organization;;no;yes;no;;Organization;;Organisation;
Organization external ID;;no;yes;no;;Organization external ID;;Externe ID der Organisation;
Organizational;;no;yes;no;;Organizational;;Organisatorisch;
Organizational Units;;no;yes;no;;Organizational Units;;Organisationseinheiten;
Organizational goal;;no;yes;no;;Organizational goal;;Organisatorisches Ziel;
Organizational unit;;no;yes;no;;Organizational unit;;Organisationseinheit;
Other;;no;yes;no;;Other;;Andere;
Outcome;;no;yes;no;;Outcome;;Ergebnis;
Outlook;;no;yes;no;;Outlook;;Ausblick;
Overall behavior rating;;no;yes;no;;Overall behavior rating;;Gesamtverhaltensbewertung;
Overall performance;;no;yes;no;;Overall performance;;Gesamtleistung;
Overall performance rating;;no;yes;no;;Overall performance rating;;Gesamtleistungsbewertung;
Overall progress;;no;yes;no;;Overall progress;;Fortschritt insgesamt;
Overdue;;no;yes;no;;Overdue;;Überfällig;
Overview;;no;yes;no;;Overview;;Übersicht;
Owner;;no;yes;no;;Owner;;Zuständig;
Owners;;no;yes;no;;Owners;;Eigentümer:innen;
Participant;;no;yes;no;;Participant;;Teilnehmende;
Participants;;no;yes;no;;Participants;;Teilnehmende;
Password;;no;yes;no;;Password;;Passwort;
Past;;no;yes;no;;Past;;Bisherige;
Pay Analysis;;no;yes;no;;Pay Analysis;;Vergütungsanalyse;
Pay Information;;no;yes;no;;Pay Information;;Gehaltsinformationen;
Pay Transparency;;no;yes;no;;Pay Transparency;;Gehaltstransparenz;
Pay analysis;;no;yes;no;;Pay analysis;;Vergütungsanalyse;
Pay information;;no;yes;no;;Pay information;;Gehaltsinformationen;
Pay information requests;;no;yes;no;;Pay information requests;;Anfragen zu Vergütungsinformationen;
Pay range;;no;yes;no;;Pay range;;Gehaltsspanne;
Payout;;no;yes;no;;Payout;;Auszahlung;
Payout Curves;;no;yes;no;;Payout Curves;;Auszahlungskurven;
Payout curve;;no;yes;no;;Payout curve;;Auszahlungskurve;
Payout curves;;no;yes;no;;Payout curves;;Gewinnkurven;
Payroll;;no;yes;no;;Payroll;;Lohnabrechnung;
Payroll data drop;;no;yes;no;;Payroll data drop;;Lohnabrechnungsdatenübertragung;
Peers;;no;yes;no;;Peers;;Kolleg:innen;
Pending;;no;yes;no;;Pending;;Ausstehend;
Pending approval;;no;yes;no;;Pending approval;;Genehmigung ausstehend;
Pending confirmation;;no;yes;no;;Pending confirmation;;Bestätigung ausstehend;
Pending draft;;no;yes;no;;Pending draft;;Entwurf ausstehend;
Pending publishing;;no;yes;no;;Pending publishing;;Veröffentlichung ausstehend;
Pending sign-off;;no;yes;no;;Pending sign-off;;Ausstehende Freigabe;
People;;no;yes;no;;People;;Personen;
Percentage;;no;yes;no;;Percentage;;Prozentsatz;
Performance;;no;yes;no;;Performance;;Leistung;
Performance Management;;no;yes;no;;Performance Management;;Leistungsverwaltung;
Performance Reviews;;no;yes;no;;Performance Reviews;;Leistungsbeurteilungen;
Performance check-ins;;no;yes;no;;Performance check-ins;;Leistungs-Check-ins;
Performance rating;;no;yes;no;;Performance rating;;Leistungsbewertung;
Performance review;;no;yes;no;;Performance review;;Leistungsbeurteilung;
Performance review details;;no;yes;no;;Performance review details;;Details zur Leistungsbeurteilung;
Performance review templates;;no;yes;no;;Performance review templates;;Vorlagen für Leistungsbeurteilungen;
Period;;no;yes;no;;Period;;Zeitraum;
Period start date;;no;yes;no;;Period start date;;Beginn des Zeitraums;
Personal;;no;yes;no;;Personal;;Persönlich;
Personally identifiable information;;no;yes;no;;Personally identifiable information;;Personenbezogene Daten;
Phone number;;no;yes;no;;Phone number;;Telefonnummer;
Plan details;;no;yes;no;;Plan details;;Plandetails;
Plan name;;no;yes;no;;Plan name;;Planname;
Plan stage;;no;yes;no;;Plan stage;;Planungsphase;
Plan transmission;;no;yes;no;;Plan transmission;;Planübertragung;
Planner;;no;yes;no;;Planner;;Planer;
Plans;;no;yes;no;;Plans;;Pläne;
Population criteria;;no;yes;no;;Population criteria;;Populationskriterien;
Populations;;no;yes;no;;Populations;;Populationen;
Position in pay range;;no;yes;no;;Position in pay range;;Position im Gehaltsband;
Preview;;no;yes;no;;Preview;;Vorschau;
Preview document;;no;yes;no;;Preview document;;Dokumentvorschau;
Previous;;no;yes;no;;Previous;;Zurück;
Priority;;no;yes;no;;Priority;;Priorität;
Privacy;;no;yes;no;;Privacy;;Datenschutz;
Privacy settings;;no;yes;no;;Privacy settings;;Datenschutzeinstellungen;
Privacy statement text;;no;yes;no;;Privacy statement text;;Text der Datenschutzerklärung;
Private;;no;yes;no;;Private;;Privat (deine Führungskraft sieht die Ziele);
Proceed;;no;yes;no;;Proceed;;Fortfahren;
Processing;;no;yes;no;;Processing;;Wird verarbeitet;
Professional;;no;yes;no;;Professional;;Professionell;
Progress;;no;yes;no;;Progress;;Fortschritt;
Progress tracking;;no;yes;no;;Progress tracking;;Fortschrittsverfolgung;
Properties;;no;yes;no;;Properties;;Eigenschaften;
Proposal management;;no;yes;no;;Proposal management;;Vorschlagsverwaltung;
Prorated target bonus;;no;yes;no;;Prorated target bonus;;Zeitanteiliges Zielbonus;
Proxy;;no;yes;no;;Proxy;;Stellvertreter:in;
Proxy access list;;no;yes;no;;Proxy access list;;Proxy-Zugriffsliste;
Proxy permission;;no;yes;no;;Proxy permission;;Vertretungsberechtigung;
Public;;no;yes;no;;Public;;Öffentlich;
Public feedback;;no;yes;no;;Public feedback;;Öffentliches Feedback;
Publish;;no;yes;no;;Publish;;Veröffentlichen;
Published;;no;yes;no;;Published;;Veröffentlicht;
Published date;;no;yes;no;;Published date;;Veröffentlichungsdatum;
Publishing;;no;yes;no;;Publishing;;Veröffentlichung;
Purpose;;no;yes;no;;Purpose;;Zweck;
Question;;no;yes;no;;Question;;Frage;
Questions;;no;yes;no;;Questions;;Fragen;
RTI request status;;no;yes;no;;RTI request status;;Status der RTI-Anforderung;
Range;;no;yes;no;;Range;;Bereich;
Rate this feedback;;no;yes;no;;Rate this feedback;;Dieses Feedback bewerten;
Rating;;no;yes;no;;Rating;;Bewertung;
Rating changed;;no;yes;no;;Rating changed;;Bewertung geändert;
Rating distribution;;no;yes;no;;Rating distribution;;Bewertungsverteilung;
Rating scale;;no;yes;no;;Rating scale;;Bewertungsskala;
Rating scales;;no;yes;no;;Rating scales;;Bewertungsskalen;
Read;;no;yes;no;;Read;;Gelesen;
Read only;;no;yes;no;;Read only;;Nur Lesezugriff;
Read status;;no;yes;no;;Read status;;Dokumentstatus;
Read-only;;no;yes;no;;Read-only;;Schreibgeschützt;
Ready;;no;yes;no;;Ready;;Bereit;
Reassign;;no;yes;no;;Reassign;;Neu zuweisen;
Reassign manager;;no;yes;no;;Reassign manager;;Manager neu zuweisen;
Reassigned;;no;yes;no;;Reassigned;;Neu zugewiesen;
Received;;no;yes;no;;Received;;Erhalten;
Received behaviors;;no;yes;no;;Received behaviors;;Erhaltenes Verhalten;
Received feedback;;no;yes;no;;Received feedback;;Erhaltenes Feedback;
Recipient;;no;yes;no;;Recipient;;Empfänger:in;
Recipients;;no;yes;no;;Recipients;;Empfänger:innen;
Recognition;;no;yes;no;;Recognition;;Anerkennung;
Recognized behaviors;;no;yes;no;;Recognized behaviors;;Anerkanntes Verhalten;
Recommended;;no;yes;no;;Recommended;;Empfohlen;
Recurrence;;no;yes;no;;Recurrence;;Wiederholung;
Recurring;;no;yes;no;;Recurring;;Wiederkehrend;
Reference;;no;yes;no;;Reference;;Referenz;
Reference number;;no;yes;no;;Reference number;;Referenznummer;
Refresh;;no;yes;no;;Refresh;;Aktualisieren;
Regular;;no;yes;no;;Regular;;Regelmäßig;
Regular check-ins;;no;yes;no;;Regular check-ins;;Regelmäßige Check-ins;
Reject;;no;yes;no;;Reject;;Ablehnen;
Rejected;;no;yes;no;;Rejected;;Abgelehnt;
Relation;;no;yes;no;;Relation;;Beziehung;
Release;;no;yes;no;;Release;;Freigeben;
Release status;;no;yes;no;;Release status;;Freigabestatus;
Released;;no;yes;no;;Released;;Freigegeben;
Remaining;;no;yes;no;;Remaining;;Verbleibend;
Reminder name;;no;yes;no;;Reminder name;;Name der Erinnerung;
Reminders;;no;yes;no;;Reminders;;Erinnerungen;
Remove;;no;yes;no;;Remove;;Entfernen;
Remove all;;no;yes;no;;Remove all;;Alle entfernen;
Rename;;no;yes;no;;Rename;;Umbenennen;
Reopen;;no;yes;no;;Reopen;;Erneut öffnen;
Reopen reviews;;no;yes;no;;Reopen reviews;;Beurteilungen erneut öffnen;
Reopened;;no;yes;no;;Reopened;;Wiedereröffnet;
Reply rate;;no;yes;no;;Reply rate;;Antwortquote;
Reports;;no;yes;no;;Reports;;Berichte;
Republish;;no;yes;no;;Republish;;Erneut veröffentlichen;
Republished round;;no;yes;no;;Republished round;;Neu veröffentlichte Runde;
Request;;no;yes;no;;Request;;Anfrage;
Request ID;;no;yes;no;;Request ID;;Anfrage-ID;
Request date;;no;yes;no;;Request date;;Antragsdatum;
Request details;;no;yes;no;;Request details;;Anfragedetails;
Request feedback;;no;yes;no;;Request feedback;;Feedback anfragen;
Request feedback from;;no;yes;no;;Request feedback from;;Feedback anfragen von;
Request feedback now;;no;yes;no;;Request feedback now;;Jetzt Feedback anfragen;
Request feedback on;;no;yes;no;;Request feedback on;;Feedback anfragen zu;
Request pay information;;no;yes;no;;Request pay information;;Gehaltsinformationen anfordern;
Request status;;no;yes;no;;Request status;;Antragsstatus;
Requested;;no;yes;no;;Requested;;Angefordert;
Requested feedback;;no;yes;no;;Requested feedback;;Angefordertes Feedback;
Requests;;no;yes;no;;Requests;;Anfragen;
Requests about my team;;no;yes;no;;Requests about my team;;Anfragen zu meinem Team;
Required;;no;yes;no;;Required;;Erforderlich;
Resources;;no;yes;no;;Resources;;Ressourcen;
Response permission;;no;yes;no;;Response permission;;Antwortberechtigung;
Resubmit;;no;yes;no;;Resubmit;;Erneut einreichen;
Result;;no;yes;no;;Result;;Ergebnis;
Review;;no;yes;no;;Review;;Beurteilung;
Review Details;;no;yes;no;;Review Details;;Beurteilungsdetails;
Review Status;;no;yes;no;;Review Status;;Beurteilungsstatus;
Review about;;no;yes;no;;Review about;;Beurteilung zu;
Review challenge;;no;yes;no;;Review challenge;;Herausforderung der Beurteilung;
Review name;;no;yes;no;;Review name;;Beurteilungsname;
Review rating;;no;yes;no;;Review rating;;Beurteilungsbewertung;
Review rating distribution;;no;yes;no;;Review rating distribution;;Verteilung der Beurteilungsbewertungen;
Review settings;;no;yes;no;;Review settings;;Einstellungen zur Leistungsbeurteilung;
Review stage;;no;yes;no;;Review stage;;Beurteilungsphase;
Review stages;;no;yes;no;;Review stages;;Beurteilungsphasen;
Review status;;no;yes;no;;Review status;;Beurteilungsstatus;
Review type;;no;yes;no;;Review type;;Beurteilungstyp;
Reviews;;no;yes;no;;Reviews;;Beurteilungen;
Role;;no;yes;no;;Role;;Rolle;
Roles;;no;yes;no;;Roles;;Rollen;
Round;;no;yes;no;;Round;;Runde;
Round code;;no;yes;no;;Round code;;Rundencode;
Round details;;no;yes;no;;Round details;;Rundendetails;
Round reminders;;no;yes;no;;Round reminders;;Rundenerinnerungen;
Round republished;;no;yes;no;;Round republished;;Runde erneut veröffentlicht;
Round type;;no;yes;no;;Round type;;Rundentyp;
Round visibility;;no;yes;no;;Round visibility;;Rundensichtbarkeit;
Rule configuration;;no;yes;no;;Rule configuration;;Regelkonfiguration;
Rule details;;no;yes;no;;Rule details;;Regeldetails;
Rule name;;no;yes;no;;Rule name;;Regelname;
Rules;;no;yes;no;;Rules;;Regeln;
Salary;;no;yes;no;;Salary;;Gehalt;
Salary configuration;;no;yes;no;;Salary configuration;;Gehaltskonfiguration;
Save;;no;yes;no;;Save;;Speichern;
Save & exit;;no;yes;no;;Save & exit;;Speichern & beenden;
Scale;;no;yes;no;;Scale;;Skala;
Search;;no;yes;no;;Search;;Suchen;
Search by name;;no;yes;no;;Search by name;;Nach Name suchen;
Search by name or code;;no;yes;no;;Search by name or code;;Nach Name oder Code suchen;
Search for a person;;no;yes;no;;Search for a person;;Nach einer Person suchen;
Search for a worker;;no;yes;no;;Search for a worker;;Nach Mitarbeiter:in suchen;
Search for workers;;no;yes;no;;Search for workers;;Nach Mitarbeiter:innen suchen;
Secondary email;;no;yes;no;;Secondary email;;Sekundäre E-Mail;
Secondary email address;;no;yes;no;;Secondary email address;;Sekundäre E-Mail-Adresse;
Secondary hierarchy;;no;yes;no;;Secondary hierarchy;;Sekundäre Hierarchie;
Section header;;no;yes;no;;Section header;;Abschnittsüberschrift;
Security;;no;yes;no;;Security;;Sicherheit;
Security group;;no;yes;no;;Security group;;Sicherheitsgruppe;
See all;;no;yes;no;;See all;;Alle anzeigen;
Select;;no;yes;no;;Select;;Auswählen;
Select all;;no;yes;no;;Select all;;Alle auswählen;
Select an option;;no;yes;no;;Select an option;;Wählen Sie eine Option;
Select communication round;;no;yes;no;;Select communication round;;Kommunikationsrunde auswählen;
Select data model;;no;yes;no;;Select data model;;Datenmodell auswählen;
Select entity;;no;yes;no;;Select entity;;Entität auswählen;
Select filters;;no;yes;no;;Select filters;;Filter auswählen;
Select goal;;no;yes;no;;Select goal;;Ziel auswählen;
Select owners;;no;yes;no;;Select owners;;Eigentümer:innen auswählen;
Select population;;no;yes;no;;Select population;;Population auswählen;
Select the compensation element;;no;yes;no;;Select the compensation element;;Wählen Sie das Vergütungselement aus;
Select type;;no;yes;no;;Select type;;Typ auswählen;
Selected;;no;yes;no;;Selected;;Ausgewählt;
Selected column;;no;yes;no;;Selected column;;Ausgewählte Spalte;
Selected fields;;no;yes;no;;Selected fields;;Ausgewählte Felder;
Selected items;;no;yes;no;;Selected items;;Ausgewählte Elemente;
Selected population;;no;yes;no;;Selected population;;Ausgewählte Population;
Self;;no;yes;no;;Self;;Selbst;
Self-assessment;;no;yes;no;;Self-assessment;;Selbsteinschätzung;
Self-review;;no;yes;no;;Self-review;;Selbsteinschätzung;
Send;;no;yes;no;;Send;;Senden;
Send feedback;;no;yes;no;;Send feedback;;Feedback senden;
Send to Documents;;no;yes;no;;Send to Documents;;An Dokumente senden;
Sender;;no;yes;no;;Sender;;Absender;
Sensitive Content;;no;yes;no;;Sensitive Content;;Sensible Inhalte;
Sent;;no;yes;no;;Sent;;Gesendet;
Sent behaviors;;no;yes;no;;Sent behaviors;;Gesendete Verhaltensweisen;
Sent feedback;;no;yes;no;;Sent feedback;;Feedback gesendet;
Sent to;;no;yes;no;;Sent to;;Gesendet an;
Separator;;no;yes;no;;Separator;;Trennzeichen;
Session timeout;;no;yes;no;;Session timeout;;Sitzungs-Timeout;
Settings;;no;yes;no;;Settings;;Einstellungen;
Setup;;no;yes;no;;Setup;;Einrichtung;
Share;;no;yes;no;;Share;;Teilen;
Share feedback;;no;yes;no;;Share feedback;;Feedback teilen;
Share this feedback;;no;yes;no;;Share this feedback;;Dieses Feedback teilen;
Share with;;no;yes;no;;Share with;;Teilen mit;
Share your insights;;no;yes;no;;Share your insights;;Ihre Einblicke teilen;
Share your thoughts;;no;yes;no;;Share your thoughts;;Teile hier deine Gedanken mit;
Shared;;no;yes;no;;Shared;;Freigegeben;
Shared feedback;;no;yes;no;;Shared feedback;;Geteiltes Feedback;
Shared goals;;no;yes;no;;Shared goals;;Gemeinsame Ziele;
Shared with;;no;yes;no;;Shared with;;Geteilt mit;
Shared with me;;no;yes;no;;Shared with me;;Mit mir geteilt;
Sharing;;no;yes;no;;Sharing;;Teilen;
Short;;no;yes;no;;Short;;Kurz;
Show;;no;yes;no;;Show;;Anzeigen;
Show all;;no;yes;no;;Show all;;Alle anzeigen;
Since request;;no;yes;no;;Since request;;Seit der Anforderung;
Situations;;no;yes;no;;Situations;;Situationen;
Skill & Competency Groups;;no;yes;no;;Skill & Competency Groups;;Fähigkeiten & Kompetenzgruppen;
Skill & competency groups;;no;yes;no;;Skill & competency groups;;Fähigkeiten & Kompetenzgruppen;
Skills;;no;yes;no;;Skills;;Fähigkeiten;
Skills & competency groups;;no;yes;no;;Skills & competency groups;;Fähigkeiten & Kompetenzgruppen;
Snapshot;;no;yes;no;;Snapshot;;Schnappschuss;
Snapshot Manager;;no;yes;no;;Snapshot Manager;;Snapshot-Manager;
Snapshot details;;no;yes;no;;Snapshot details;;Schnappschussdetails;
Snapshots;;no;yes;no;;Snapshots;;Schnappschüsse;
Source;;no;yes;no;;Source;;Quelle;
Stage;;no;yes;no;;Stage;;Phase;
Start date;;no;yes;no;;Start date;;Startdatum;
Start date in company;;no;yes;no;;Start date in company;;Eintrittsdatum im Unternehmen;
Start time;;no;yes;no;;Start time;;Startzeit;
State;;no;yes;no;;State;;Bundesland;
Statement generation;;no;yes;no;;Statement generation;;Erstellung von Erklärungen;
Statements;;no;yes;no;;Statements;;Belege;
Status by org. level;;no;yes;no;;Status by org. level;;Status nach Organisationsebene;
Step curve;;no;yes;no;;Step curve;;Stufenkurve;
Step end date;;no;yes;no;;Step end date;;Schrittenddatum;
Stock;;no;yes;no;;Stock;;Aktie;
Street address;;no;yes;no;;Street address;;Straße und Hausnummer;
Subgroups;;no;yes;no;;Subgroups;;Untergruppen;
Subject;;no;yes;no;;Subject;;Betreff;
Submit;;no;yes;no;;Submit;;Einreichen;
Submit to manager;;no;yes;no;;Submit to manager;;An Führungskraft übermitteln;
Submitted;;no;yes;no;;Submitted;;Eingereicht;
Success;;no;yes;no;;Success;;Erfolg;
Suggested agenda;;no;yes;no;;Suggested agenda;;Vorgeschlagene Tagesordnung;
Sum;;no;yes;no;;Sum;;Summe;
Summary;;no;yes;no;;Summary;;Zusammenfassung;
System populations;;no;yes;no;;System populations;;Systempopulationen;
TOTAL;;no;yes;no;;TOTAL;;GESAMT;
Tag library;;no;yes;no;;Tag library;;Tag-Bibliothek;
Talent Review;;no;yes;no;;Talent Review;;Talentbeurteilung;
Target;;no;yes;no;;Target;;Ziel;
Target bonus;;no;yes;no;;Target bonus;;Zielprämie;
Target budget;;no;yes;no;;Target budget;;Zielbudget;
Team planner view;;no;yes;no;;Team planner view;;Teamplaner-Ansicht;
Team requests;;no;yes;no;;Team requests;;Team-Anfragen;
Template;;no;yes;no;;Template;;Vorlage;
Template document;;no;yes;no;;Template document;;Vorlagendokument;
Template widget settings;;no;yes;no;;Template widget settings;;Einstellungen für Vorlagen-Widget;
Templates;;no;yes;no;;Templates;;Vorlagen;
Text field;;no;yes;no;;Text field;;Textfeld;
Thanks;;no;yes;no;;Thanks;;Danke;
Then;;no;yes;no;;Then;;Dann;
Time in role;;no;yes;no;;Time in role;;Zeit in der Rolle;
Time zone;;no;yes;no;;Time zone;;Zeitzone;
Timeline;;no;yes;no;;Timeline;;Zeitleiste;
Title;;no;yes;no;;Title;;Titel;
Today;;no;yes;no;;Today;;Heute;
Toggle;;no;yes;no;;Toggle;;Umschalten;
Total;;no;yes;no;;Total;;Gesamt;
Total behaviors;;no;yes;no;;Total behaviors;;Gesamtanzahl Verhaltensweisen;
Total compensation;;no;yes;no;;Total compensation;;Gesamtvergütung;
Total entities;;no;yes;no;;Total entities;;Gesamtanzahl Entitäten;
Total goals;;no;yes;no;;Total goals;;Gesamtziele;
Total reviews;;no;yes;no;;Total reviews;;Gesamtanzahl der Beurteilungen;
Total score;;no;yes;no;;Total score;;Gesamtpunktzahl;
Total workers;;no;yes;no;;Total workers;;Mitarbeiter:innen insgesamt;
Tracking;;no;yes;no;;Tracking;;Verfolgung;
Tracking status;;no;yes;no;;Tracking status;;Verfolgungsstatus;
Training data;;no;yes;no;;Training data;;Trainingsdaten;
True;;no;yes;no;;True;;Wahr;
Trust;;no;yes;no;;Trust;;Vertrauen;
Try again;;no;yes;no;;Try again;;Erneut versuchen;
Type;;no;yes;no;;Type;;Typ;
Type part of a name;;no;yes;no;;Type part of a name;;Geben Sie einen Teil eines Namens ein;
Type weight;;no;yes;no;;Type weight;;Gewichtstyp;
Type your message here;;no;yes;no;;Type your message here;;Geben Sie hier Ihre Nachricht ein;
Types;;no;yes;no;;Types;;Typen;
Unavailable;;no;yes;no;;Unavailable;;Nicht verfügbar;
Unclear;;no;yes;no;;Unclear;;Unklar;
Under review;;no;yes;no;;Under review;;Wird geprüft;
Unexpected error;;no;yes;no;;Unexpected error;;Unerwarteter Fehler;
Unhelpful;;no;yes;no;;Unhelpful;;Nicht hilfreich;
Unique logins;;no;yes;no;;Unique logins;;Eindeutige Anmeldungen;
Unit;;no;yes;no;;Unit;;Einheit;
Unrated;;no;yes;no;;Unrated;;Nicht bewertet;
Unrelease;;no;yes;no;;Unrelease;;Freigabe zurückziehen;
Unreleased;;no;yes;no;;Unreleased;;Unveröffentlicht;
Unsaved changes;;no;yes;no;;Unsaved changes;;Nicht gespeicherte Änderungen;
Unselect all;;no;yes;no;;Unselect all;;Alle abwählen;
Upcoming;;no;yes;no;;Upcoming;;Bevorstehend;
Upcoming check-ins;;no;yes;no;;Upcoming check-ins;;Bevorstehende Check-ins;
Update;;no;yes;no;;Update;;Aktualisieren;
Updated;;no;yes;no;;Updated;;Aktualisiert;
Updated by;;no;yes;no;;Updated by;;Aktualisiert von;
Upload;;no;yes;no;;Upload;;Hochladen;
Upload behavior;;no;yes;no;;Upload behavior;;Upload-Verhalten;
Upload file;;no;yes;no;;Upload file;;Datei hochladen;
Upload the completed file;;no;yes;no;;Upload the completed file;;Laden Sie die ausgefüllte Datei hoch;
Upload the modified Excel file;;no;yes;no;;Upload the modified Excel file;;Laden Sie die geänderte Excel-Datei hoch;
Uploaded by;;no;yes;no;;Uploaded by;;Hochgeladen von;
Uploaded files;;no;yes;no;;Uploaded files;;Hochgeladene Dateien;
Uploading;;no;yes;no;;Uploading;;Wird hochgeladen;
Usage;;no;yes;no;;Usage;;Verwendung;
Usage details;;no;yes;no;;Usage details;;Nutzungsdetails;
Used;;no;yes;no;;Used;;Verwendet;
Used in;;no;yes;no;;Used in;;Verwendet in;
Useful information;;no;yes;no;;Useful information;;Nützliche Informationen;
User;;no;yes;no;;User;;Benutzer;
User Security;;no;yes;no;;User Security;;Benutzersicherheit;
User local time;;no;yes;no;;User local time;;Lokale Zeit des/der Benutzer:in;
Username;;no;yes;no;;Username;;Benutzername;
Users;;no;yes;no;;Users;;Benutzer:innen;
Users who sent feedback;;no;yes;no;;Users who sent feedback;;Benutzer:innen, die Feedback gesendet haben;
Users with no goals;;no;yes;no;;Users with no goals;;Benutzer:innen ohne Ziele;
Validate;;no;yes;no;;Validate;;Validieren;
Validation;;no;yes;no;;Validation;;Validierung;
Value;;no;yes;no;;Value;;Wert;
Value type;;no;yes;no;;Value type;;Werttyp;
Values;;no;yes;no;;Values;;Werte;
View;;no;yes;no;;View;;Anzeigen;
View all;;no;yes;no;;View all;;Alle anzeigen;
View my received feedback;;no;yes;no;;View my received feedback;;Erhaltenes Feedback anzeigen;
View review;;no;yes;no;;View review;;Beurteilung anzeigen;
Visibility;;no;yes;no;;Visibility;;Sichtbarkeit;
Weight;;no;yes;no;;Weight;;Gewicht;
Weighted score;;no;yes;no;;Weighted score;;Gewichtete Punktzahl;
Widget settings;;no;yes;no;;Widget settings;;Widget-Einstellungen;
Work country;;no;yes;no;;Work country;;Arbeitsland;
Worker;;no;yes;no;;Worker;;Mitarbeiter:in;
Worker & manager;;no;yes;no;;Worker & manager;;Mitarbeiter:in & Manager:in;
Worker ID;;no;yes;no;;Worker ID;;Mitarbeiter:in-ID;
Worker category;;no;yes;no;;Worker category;;Mitarbeiter:in-Kategorie;
Worker details;;no;yes;no;;Worker details;;Mitarbeiter:innen-Details;
Worker name;;no;yes;no;;Worker name;;Name der:s Mitarbeiter:in;
Worker self-assessment;;no;yes;no;;Worker self-assessment;;Selbsteinschätzung des/der Mitarbeiter:in;
Worker sign-off;;no;yes;no;;Worker sign-off;;Bestätigung durch Mitarbeiter:in;
Worker submission;;no;yes;no;;Worker submission;;Einreichung von Mitarbeiter:in;
Workers;;no;yes;no;;Workers;;Mitarbeiter:innen;
Workflow section;;no;yes;no;;Workflow section;;Workflow-Abschnitt;
Workflow status;;no;yes;no;;Workflow status;;Workflow-Status;
Workflow step;;no;yes;no;;Workflow step;;Workflow-Schritt;
Workflow steps;;no;yes;no;;Workflow steps;;Workflow-Schritte;
Workflow type;;no;yes;no;;Workflow type;;Workflow-Typ;
Write;;no;yes;no;;Write;;Schreiben;
Year;;no;yes;no;;Year;;Jahr;
Years;;no;yes;no;;Years;;Jahre;
Your comment;;no;yes;no;;Your comment;;Ihr Kommentar;
Your documents;;no;yes;no;;Your documents;;Ihre Dokumente;
Your email;;no;yes;no;;Your email;;Ihre E-Mail;
Your observations;;no;yes;no;;Your observations;;Ihre Beobachtungen;
Your view;;no;yes;no;;Your view;;Ihre Ansicht;
