term;description;casesensitive;translatable;forbidden;tags;en-US;en-US_description;ja-JP;ja-JP_description
About;;no;yes;no;;About;;以下について：;
About my team;;no;yes;no;;About my team;;私のチームについて;
Absence;;no;yes;no;;Absence;;欠勤;
Accept;;no;yes;no;;Accept;;承諾;
Accepted;;no;yes;no;;Accepted;;承諾済み;
Account;;no;yes;no;;Account;;アカウント;
Achievement;;no;yes;no;;Achievement;;実績;
Achievement summary;;no;yes;no;;Achievement summary;;達成概要;
Action;;no;yes;no;;Action;;アクション;
Action required;;no;yes;no;;Action required;;アクションが必要;
Actions;;no;yes;no;;Actions;;アクション;
Actions required;;no;yes;no;;Actions required;;必要なアクション;
Activate;;no;yes;no;;Activate;;有効化;
Active;;no;yes;no;;Active;;アクティブ;
Active users;;no;yes;no;;Active users;;アクティブユーザー;
Actor;;no;yes;no;;Actor;;アクター;
Add;;no;yes;no;;Add;;追加;
Add all;;no;yes;no;;Add all;;すべて追加;
Add all company;;no;yes;no;;Add all company;;全社を追加;
Add all organizational units;;no;yes;no;;Add all organizational units;;すべての組織単位を追加;
Add condition;;no;yes;no;;Add condition;;条件を追加;
Add feedback note;;no;yes;no;;Add feedback note;;フィードバックメモを追加;
Add field;;no;yes;no;;Add field;;フィールドを追加;
Add mapping;;no;yes;no;;Add mapping;;マッピングを追加;
Add note;;no;yes;no;;Add note;;メモを追加;
Add question;;no;yes;no;;Add question;;質問を追加;
Add skills;;no;yes;no;;Add skills;;スキルを追加;
Add step;;no;yes;no;;Add step;;ステップを追加;
Addition;;no;yes;no;;Addition;;追加;
Additional Managers;;no;yes;no;;Additional Managers;;追加マネージャ;
Additional goal description;;no;yes;no;;Additional goal description;;目標の追加説明;
Additional information;;no;yes;no;;Additional information;;追加情報;
Additional manager;;no;yes;no;;Additional manager;;追加マネージャー;
Additional managers;;no;yes;no;;Additional managers;;追加マネージャ;
Additional review;;no;yes;no;;Additional review;;追加レビュー;
Administration;;no;yes;no;;Administration;;管理;
Advanced;;no;yes;no;;Advanced;;詳細;
After;;no;yes;no;;After;;これより後：;
Agenda;;no;yes;no;;Agenda;;議題;
Alert;;no;yes;no;;Alert;;アラート;
Alerts;;no;yes;no;;Alerts;;アラート;
Aligned with goal;;no;yes;no;;Aligned with goal;;目標に沿った;
Alignment;;no;yes;no;;Alignment;;調整;
All company;;no;yes;no;;All company;;全社;
All criteria;;no;yes;no;;All criteria;;すべての条件;
All locations;;no;yes;no;;All locations;;すべての場所;
All organizational units;;no;yes;no;;All organizational units;;すべての組織単位;
All participants;;no;yes;no;;All participants;;すべての参加者;
All results;;no;yes;no;;All results;;すべての結果;
All roles;;no;yes;no;;All roles;;すべての役割;
All updates;;no;yes;no;;All updates;;すべての更新;
Analyses;;no;yes;no;;Analyses;;分析;
Analysis;;no;yes;no;;Analysis;;分析;
Analytics;;no;yes;no;;Analytics;;分析;
Anonymization;;no;yes;no;;Anonymization;;匿名化;
Answer type;;no;yes;no;;Answer type;;回答タイプ;
Anyone;;no;yes;no;;Anyone;;任意の人員;
Anyone in the company;;no;yes;no;;Anyone in the company;;社内の任意の人員;
Appearance;;no;yes;no;;Appearance;;外観;
Apply;;no;yes;no;;Apply;;適用;
Apply filters;;no;yes;no;;Apply filters;;フィルタを適用;
Approve;;no;yes;no;;Approve;;承認;
Approved;;no;yes;no;;Approved;;承認済み;
Archived;;no;yes;no;;Archived;;アーカイブ済み;
Assign;;no;yes;no;;Assign;;割り当て;
Assign to;;no;yes;no;;Assign to;;割り当て先;
Assigned;;no;yes;no;;Assigned;;割り当て済み;
Assigned reviews;;no;yes;no;;Assigned reviews;;割り当てられたレビュー;
Assigned to;;no;yes;no;;Assigned to;;割り当て先：;
Assignment;;no;yes;no;;Assignment;;割り当て;
Assignment permissions;;no;yes;no;;Assignment permissions;;割り当てのアクセス許可;
At least one number;;no;yes;no;;At least one number;;少なくとも1つの数字が必要;
At risk;;no;yes;no;;At risk;;要注意;
Attached document;;no;yes;no;;Attached document;;添付文書;
Attachments;;no;yes;no;;Attachments;;添付ファイル;
Audit;;no;yes;no;;Audit;;監査;
Audit trail;;no;yes;no;;Audit trail;;監査証跡;
Auto-suggestion;;no;yes;no;;Auto-suggestion;;自動提案;
Available;;no;yes;no;;Available;;使用可能;
Average score;;no;yes;no;;Average score;;平均スコア;
Average total score;;no;yes;no;;Average total score;;平均合計スコア;
Avg. word count;;no;yes;no;;Avg. word count;;平均単語数;
Back;;no;yes;no;;Back;;戻る;
Basic Information;;no;yes;no;;Basic Information;;基本情報;
Basic information;;no;yes;no;;Basic information;;基本情報;
Before;;no;yes;no;;Before;;これより前：;
Behavior;;no;yes;no;;Behavior;;行動;
Behavior libraries;;no;yes;no;;Behavior libraries;;行動ライブラリ;
Behavior library;;no;yes;no;;Behavior library;;行動ライブラリ;
Behavior profile;;no;yes;no;;Behavior profile;;行動プロファイル;
Behavior wheel;;no;yes;no;;Behavior wheel;;行動ホイール;
Behaviors;;no;yes;no;;Behaviors;;行動;
Behaviors sent;;no;yes;no;;Behaviors sent;;送信された行動;
Benchmarking;;no;yes;no;;Benchmarking;;ベンチマーキング;
Blank values;;no;yes;no;;Blank values;;空白の値;
Blocked;;no;yes;no;;Blocked;;ブロック済み;
Bonus;;no;yes;no;;Bonus;;ボーナス;
Bonus Plans;;no;yes;no;;Bonus Plans;;ボーナス計画;
Bonus amount;;no;yes;no;;Bonus amount;;ボーナス額;
Bonus calculation equation;;no;yes;no;;Bonus calculation equation;;ボーナス計算式;
Bonus calculation formula;;no;yes;no;;Bonus calculation formula;;ボーナス計算式;
Bonus plan;;no;yes;no;;Bonus plan;;ボーナスプラン;
Bonus plans;;no;yes;no;;Bonus plans;;ボーナスプラン;
Boolean;;no;yes;no;;Boolean;;ブール;
Budget;;no;yes;no;;Budget;;予算;
Budget rule;;no;yes;no;;Budget rule;;予算ルール;
Builder;;no;yes;no;;Builder;;ビルダー;
Business;;no;yes;no;;Business;;ビジネス;
Calculated;;no;yes;no;;Calculated;;計算済み;
Calculated bonus;;no;yes;no;;Calculated bonus;;計算されたボーナス;
Calculated column;;no;yes;no;;Calculated column;;計算列;
Calculation;;no;yes;no;;Calculation;;計算;
Calculation workspace;;no;yes;no;;Calculation workspace;;計算ワークスペース;
Calibration;;no;yes;no;;Calibration;;キャリブレーション;
Can edit;;no;yes;no;;Can edit;;編集可能;
Can view;;no;yes;no;;Can view;;表示ができます;
Cancel;;no;yes;no;;Cancel;;キャンセル;
Canceled;;no;yes;no;;Canceled;;キャンセル済み;
Career Development;;no;yes;no;;Career Development;;キャリア開発;
Career Development Plans;;no;yes;no;;Career Development Plans;;キャリア開発計画;
Career Development Settings;;no;yes;no;;Career Development Settings;;キャリア開発設定;
Career development;;no;yes;no;;Career development;;キャリア開発;
Career development plan;;no;yes;no;;Career development plan;;キャリア開発計画;
Career development plans;;no;yes;no;;Career development plans;;キャリア開発計画;
Career development settings;;no;yes;no;;Career development settings;;キャリア開発設定;
Career plan questionnaire;;no;yes;no;;Career plan questionnaire;;キャリア計画質問票;
Career plans;;no;yes;no;;Career plans;;キャリアプラン;
Categories;;no;yes;no;;Categories;;カテゴリ;
Category;;no;yes;no;;Category;;カテゴリ;
Challenge process;;no;yes;no;;Challenge process;;異議申し立てプロセス;
Challenge review;;no;yes;no;;Challenge review;;異議申し立てレビュー;
Challenged;;no;yes;no;;Challenged;;異議申し立て済み;
Change;;no;yes;no;;Change;;変更;
Change workflow step;;no;yes;no;;Change workflow step;;ワークフローステップを変更;
Chat;;no;yes;no;;Chat;;チャット;
Check-Ins;;no;yes;no;;Check-Ins;;チェックイン;
Check-in;;no;yes;no;;Check-in;;チェックイン;
Check-in Details;;no;yes;no;;Check-in Details;;チェックインの詳細;
Check-in Status;;no;yes;no;;Check-in Status;;チェックインのステータス;
Check-in date;;no;yes;no;;Check-in date;;チェックイン日;
Check-in with;;no;yes;no;;Check-in with;;以下とのチェックイン：;
Check-ins;;no;yes;no;;Check-ins;;チェックイン;
Check-ins created;;no;yes;no;;Check-ins created;;チェックインが作成されました;
Choose one;;no;yes;no;;Choose one;;1つ選択してください;
City;;no;yes;no;;City;;市区町村;
Clear;;no;yes;no;;Clear;;クリア;
Clear all;;no;yes;no;;Clear all;;すべてクリア;
Clear all filters;;no;yes;no;;Clear all filters;;すべてのフィルターをクリア;
Clear all filters & search;;no;yes;no;;Clear all filters & search;;すべてのフィルターと検索をクリア;
Clear all filters and search;;no;yes;no;;Clear all filters and search;;すべてのフィルタと検索をクリア;
Clear filters;;no;yes;no;;Clear filters;;フィルタをクリア;
Clear search;;no;yes;no;;Clear search;;検索をクリア;
Close;;no;yes;no;;Close;;閉じる;
Closed;;no;yes;no;;Closed;;クローズ;
Closed without document;;no;yes;no;;Closed without document;;ドキュメントなしでクローズ;
Code;;no;yes;no;;Code;;コード;
Collaborative;;no;yes;no;;Collaborative;;協働的;
Collapse;;no;yes;no;;Collapse;;折りたたむ;
Color;;no;yes;no;;Color;;色;
Column name;;no;yes;no;;Column name;;列名;
Columns;;no;yes;no;;Columns;;列;
Coming soon;;no;yes;no;;Coming soon;;近日提供;
Comm manager;;no;yes;no;;Comm manager;;コミュニケーションマネージャー;
Comm round;;no;yes;no;;Comm round;;コミュニケーションラウンド;
Comment;;no;yes;no;;Comment;;コメント;
Comments;;no;yes;no;;Comments;;コメント;
Communication;;no;yes;no;;Communication;;通信;
Communication Rounds;;no;yes;no;;Communication Rounds;;通信ラウンド;
Communication manager;;no;yes;no;;Communication manager;;通信マネージャ;
Communication manager name;;no;yes;no;;Communication manager name;;通信マネージャ名;
Communication round;;no;yes;no;;Communication round;;コミュニケーションラウンド;
Communication rounds;;no;yes;no;;Communication rounds;;通信ラウンド;
Comp Rounds;;no;yes;no;;Comp Rounds;;報酬ラウンド;
Comp element;;no;yes;no;;Comp element;;報酬要素;
Comp elements;;no;yes;no;;Comp elements;;報酬要素;
Comp manager;;no;yes;no;;Comp manager;;コンプマネージャー;
Comp managers;;no;yes;no;;Comp managers;;報酬マネージャー;
Comp round;;no;yes;no;;Comp round;;報酬ラウンド;
Comp round currency;;no;yes;no;;Comp round currency;;報酬ラウンド通貨;
Comp rounds;;no;yes;no;;Comp rounds;;報酬ラウンド;
Comp tree;;no;yes;no;;Comp tree;;報酬ツリー;
Company;;no;yes;no;;Company;;会社;
Company logo;;no;yes;no;;Company logo;;会社のロゴ;
Company name;;no;yes;no;;Company name;;会社名;
Compare;;no;yes;no;;Compare;;比較;
Compensation;;no;yes;no;;Compensation;;報酬;
Compensation Element;;no;yes;no;;Compensation Element;;報酬要素;
Compensation History;;no;yes;no;;Compensation History;;報酬履歴;
Compensation Management;;no;yes;no;;Compensation Management;;報酬管理;
Compensation Rounds;;no;yes;no;;Compensation Rounds;;報酬ラウンド;
Compensation element;;no;yes;no;;Compensation element;;報酬要素;
Compensation elements;;no;yes;no;;Compensation elements;;報酬要素;
Compensation field;;no;yes;no;;Compensation field;;報酬フィールド;
Compensation framework;;no;yes;no;;Compensation framework;;報酬フレームワーク;
Compensation history;;no;yes;no;;Compensation history;;報酬履歴;
Compensation manager;;no;yes;no;;Compensation manager;;報酬マネージャ;
Compensation philosophy;;no;yes;no;;Compensation philosophy;;報酬方針;
Compensation rounds;;no;yes;no;;Compensation rounds;;補償ラウンド;
Competency Scales;;no;yes;no;;Competency Scales;;能力尺度;
Competency scale;;no;yes;no;;Competency scale;;能力尺度;
Complete;;no;yes;no;;Complete;;完了する;
Completed;;no;yes;no;;Completed;;完了済み;
Completion;;no;yes;no;;Completion;;完了;
Completion rate;;no;yes;no;;Completion rate;;完了率;
Concatenated fields;;no;yes;no;;Concatenated fields;;連結フィールド;
Conditional;;no;yes;no;;Conditional;;条件付き;
Conditional formatting;;no;yes;no;;Conditional formatting;;条件付き書式;
Config;;no;yes;no;;Config;;設定;
Configuration;;no;yes;no;;Configuration;;設定;
Configurations;;no;yes;no;;Configurations;;設定;
Confirm;;no;yes;no;;Confirm;;確認;
Confirm deletion;;no;yes;no;;Confirm deletion;;削除の確認;
Confirmation;;no;yes;no;;Confirmation;;確認;
Connection name;;no;yes;no;;Connection name;;接続名;
Constructive;;no;yes;no;;Constructive;;建設的;
Contains;;no;yes;no;;Contains;;次の文字を含む：;
Continue;;no;yes;no;;Continue;;続行;
Continue editing;;no;yes;no;;Continue editing;;編集を続行;
Contract type;;no;yes;no;;Contract type;;契約種別;
Conversation & publication;;no;yes;no;;Conversation & publication;;会話と公開;
Copy;;no;yes;no;;Copy;;コピー;
Cost Center;;no;yes;no;;Cost Center;;コストセンター;
Cost center;;no;yes;no;;Cost center;;コストセンター;
Count;;no;yes;no;;Count;;件数;
Country;;no;yes;no;;Country;;国;
Create;;no;yes;no;;Create;;作成;
Create check-in;;no;yes;no;;Create check-in;;チェックインを作成;
Create communication round;;no;yes;no;;Create communication round;;通信ラウンドを作成;
Create document;;no;yes;no;;Create document;;ドキュメントを作成;
Create goal;;no;yes;no;;Create goal;;目標を作成;
Create goal plan;;no;yes;no;;Create goal plan;;目標計画を作成;
Create goal type;;no;yes;no;;Create goal type;;目標タイプを作成;
Create model;;no;yes;no;;Create model;;モデルを作成;
Create performance review;;no;yes;no;;Create performance review;;業績レビューを作成;
Create rule;;no;yes;no;;Create rule;;ルールを作成;
Created;;no;yes;no;;Created;;作成済み;
Created by;;no;yes;no;;Created by;;作成者;
Created date;;no;yes;no;;Created date;;作成日;
Created on;;no;yes;no;;Created on;;作成日：;
Creation date;;no;yes;no;;Creation date;;作成日;
Creator;;no;yes;no;;Creator;;作成者;
Criteria;;no;yes;no;;Criteria;;基準;
Criteria blocks;;no;yes;no;;Criteria blocks;;基準ブロック;
Criterion;;no;yes;no;;Criterion;;基準;
Currency;;no;yes;no;;Currency;;通貨;
Currency Settings;;no;yes;no;;Currency Settings;;通貨設定;
Currency field;;no;yes;no;;Currency field;;通貨フィールド;
Currency source;;no;yes;no;;Currency source;;通貨のソース;
Current;;no;yes;no;;Current;;現在;
Current manager;;no;yes;no;;Current manager;;現在のマネージャー;
Custom;;no;yes;no;;Custom;;カスタム;
Custom Entities;;no;yes;no;;Custom Entities;;カスタムエンティティ;
Custom Fields;;no;yes;no;;Custom Fields;;カスタムフィールド;
Custom column;;no;yes;no;;Custom column;;カスタム列;
Custom criteria;;no;yes;no;;Custom criteria;;カスタム条件;
Custom entities;;no;yes;no;;Custom entities;;カスタムエンティティ;
Custom fields;;no;yes;no;;Custom fields;;カスタムフィールド;
Custom section;;no;yes;no;;Custom section;;カスタムセクション;
Custom widget;;no;yes;no;;Custom widget;;カスタムウィジェット;
Data Entities & Sources;;no;yes;no;;Data Entities & Sources;;データエンティティとソース;
Data Management;;no;yes;no;;Data Management;;データ管理;
Data Privacy;;no;yes;no;;Data Privacy;;データプライバシー;
Data Retention;;no;yes;no;;Data Retention;;データ保持;
Data Upload;;no;yes;no;;Data Upload;;データのアップロード;
Data entities & sources;;no;yes;no;;Data entities & sources;;データエンティティとソース;
Data management;;no;yes;no;;Data management;;データ管理;
Data model;;no;yes;no;;Data model;;データモデル;
Data privacy;;no;yes;no;;Data privacy;;データプライバシー;
Data privacy statement;;no;yes;no;;Data privacy statement;;データプライバシー声明;
Data retention period;;no;yes;no;;Data retention period;;データ保持期間;
Data scope;;no;yes;no;;Data scope;;データ範囲;
Data source;;no;yes;no;;Data source;;データソース;
Dataset;;no;yes;no;;Dataset;;データセット;
Date;;no;yes;no;;Date;;日付;
Date & Time;;no;yes;no;;Date & Time;;日時;
Date & time;;no;yes;no;;Date & time;;日時;
Date to;;no;yes;no;;Date to;;日付（終点）;
Days;;no;yes;no;;Days;;日数;
Deactivate;;no;yes;no;;Deactivate;;無効化;
Deactivated;;no;yes;no;;Deactivated;;無効化済み;
Deactivated user;;no;yes;no;;Deactivated user;;無効化されたユーザー;
Deactivation;;no;yes;no;;Deactivation;;無効化;
Deadline status;;no;yes;no;;Deadline status;;期限ステータス;
Decimal;;no;yes;no;;Decimal;;小数;
Decimal precision;;no;yes;no;;Decimal precision;;小数精度;
Default;;no;yes;no;;Default;;デフォルト;
Default beqom logo;;no;yes;no;;Default beqom logo;;デフォルトのbeqomロゴ;
Default value;;no;yes;no;;Default value;;デフォルト値;
Delete;;no;yes;no;;Delete;;削除;
Delete all;;no;yes;no;;Delete all;;すべて削除;
Delete comment;;no;yes;no;;Delete comment;;コメントを削除;
Delete goal;;no;yes;no;;Delete goal;;目標を削除;
Delete note;;no;yes;no;;Delete note;;メモを削除;
Delete rule;;no;yes;no;;Delete rule;;ルールを削除;
Delete selected;;no;yes;no;;Delete selected;;選択したアイテムを削除;
Deleted;;no;yes;no;;Deleted;;削除済み;
Deleted by;;no;yes;no;;Deleted by;;削除者;
Deletion;;no;yes;no;;Deletion;;削除;
Deliverable;;no;yes;no;;Deliverable;;成果;
Deliverables;;no;yes;no;;Deliverables;;成果;
Demographic;;no;yes;no;;Demographic;;人口統計;
Demographics;;no;yes;no;;Demographics;;人口統計分類;
Department;;no;yes;no;;Department;;部門;
Description;;no;yes;no;;Description;;説明;
Desktop;;no;yes;no;;Desktop;;デスクトップ;
Details;;no;yes;no;;Details;;詳細;
Development;;no;yes;no;;Development;;能力開発;
Development plans;;no;yes;no;;Development plans;;開発計画;
Digital reward statement;;no;yes;no;;Digital reward statement;;デジタル報酬明細書;
Direct Reports;;no;yes;no;;Direct Reports;;直属の部下;
Direct report;;no;yes;no;;Direct report;;直属の部下;
Direct reports;;no;yes;no;;Direct reports;;直属の部下;
Direction;;no;yes;no;;Direction;;方向;
Disable;;no;yes;no;;Disable;;無効にする;
Disabled;;no;yes;no;;Disabled;;無効;
Discard;;no;yes;no;;Discard;;破棄;
Discussion;;no;yes;no;;Discussion;;ディスカッション;
Discussion outcome;;no;yes;no;;Discussion outcome;;ディスカッションの結果;
Discussion point;;no;yes;no;;Discussion point;;ディスカッションポイント;
Discussion points;;no;yes;no;;Discussion points;;ディスカッションポイント;
Display name;;no;yes;no;;Display name;;表示名;
Distribution;;no;yes;no;;Distribution;;分配;
Distribution guidelines;;no;yes;no;;Distribution guidelines;;分配ガイドライン;
Document;;no;yes;no;;Document;;ドキュメント;
Document Settings;;no;yes;no;;Document Settings;;ドキュメント設定;
Document Templates;;no;yes;no;;Document Templates;;ドキュメントテンプレート;
Document generation;;no;yes;no;;Document generation;;ドキュメント生成;
Document name;;no;yes;no;;Document name;;ドキュメント名;
Document preview;;no;yes;no;;Document preview;;ドキュメントのプレビュー;
Document review;;no;yes;no;;Document review;;ドキュメントレビュー;
Document settings;;no;yes;no;;Document settings;;ドキュメント設定;
Document status;;no;yes;no;;Document status;;ドキュメントステータス;
Document template;;no;yes;no;;Document template;;ドキュメントテンプレート;
Documents;;no;yes;no;;Documents;;ドキュメント;
Done;;no;yes;no;;Done;;終了済み;
Download;;no;yes;no;;Download;;ダウンロード;
Download CSV;;no;yes;no;;Download CSV;;CSVをダウンロード;
Download log file;;no;yes;no;;Download log file;;ログファイルをダウンロード;
Download template;;no;yes;no;;Download template;;テンプレートをダウンロード;
Download the template;;no;yes;no;;Download the template;;テンプレートをダウンロード;
Draft;;no;yes;no;;Draft;;ドラフト;
Drop-down list;;no;yes;no;;Drop-down list;;ドロップダウンリスト;
Due date;;no;yes;no;;Due date;;期日;
Duplicate;;no;yes;no;;Duplicate;;重複;
Duplication successful;;no;yes;no;;Duplication successful;;複製に成功しました;
Edit;;no;yes;no;;Edit;;編集;
Edit goal;;no;yes;no;;Edit goal;;目標を編集;
Edit model;;no;yes;no;;Edit model;;モデルを編集;
Edit note;;no;yes;no;;Edit note;;メモを編集;
Edited;;no;yes;no;;Edited;;編集済み;
Editor;;no;yes;no;;Editor;;編集者;
Education;;no;yes;no;;Education;;教育;
Effective date;;no;yes;no;;Effective date;;発効日;
Eligibility;;no;yes;no;;Eligibility;;適格性;
Eligible;;no;yes;no;;Eligible;;適格;
Eligible workers;;no;yes;no;;Eligible workers;;適格な従業員;
Else;;no;yes;no;;Else;;その他;
Email;;no;yes;no;;Email;;メール;
Email Notifications;;no;yes;no;;Email Notifications;;電子メール通知;
Email address;;no;yes;no;;Email address;;電子メールアドレス;
Email notification;;no;yes;no;;Email notification;;メール通知;
Email notifications;;no;yes;no;;Email notifications;;電子メール通知;
Email subject;;no;yes;no;;Email subject;;メール件名;
Employment;;no;yes;no;;Employment;;雇用;
Empty;;no;yes;no;;Empty;;空;
Enable;;no;yes;no;;Enable;;有効にする;
Enable Feedback;;no;yes;no;;Enable Feedback;;［フィードバック］機能を有効化;
Enabled;;no;yes;no;;Enabled;;有効;
End date;;no;yes;no;;End date;;終了日;
Endorsed;;no;yes;no;;Endorsed;;賛同済み;
Enter;;no;yes;no;;Enter;;入力;
Enter a name;;no;yes;no;;Enter a name;;名前を入力;
Enter text;;no;yes;no;;Enter text;;テキストを入力してください;
Entities;;no;yes;no;;Entities;;エンティティ;
Entities & fields;;no;yes;no;;Entities & fields;;エンティティとフィールド;
Entity;;no;yes;no;;Entity;;エンティティ;
Entity details;;no;yes;no;;Entity details;;エンティティの詳細;
Entity enum;;no;yes;no;;Entity enum;;エンティティ列挙;
Entity name;;no;yes;no;;Entity name;;エンティティ名;
Enum;;no;yes;no;;Enum;;列挙型;
Equal to;;no;yes;no;;Equal to;;次の値に等しい：;
Equity;;no;yes;no;;Equity;;株式;
Error;;no;yes;no;;Error;;エラー;
Errors;;no;yes;no;;Errors;;エラー;
Evaluation section;;no;yes;no;;Evaluation section;;評価セクション;
Examples;;no;yes;no;;Examples;;例;
Exchange Rates;;no;yes;no;;Exchange Rates;;為替レート;
Exchange rate;;no;yes;no;;Exchange rate;;為替レート;
Exchange rate type;;no;yes;no;;Exchange rate type;;為替レートの種類;
Exchange rates;;no;yes;no;;Exchange rates;;為替レート;
Exclude;;no;yes;no;;Exclude;;除外;
Exclude individuals;;no;yes;no;;Exclude individuals;;個人を除外;
Excluded;;no;yes;no;;Excluded;;除外;
Exit;;no;yes;no;;Exit;;終了;
Exit without saving;;no;yes;no;;Exit without saving;;保存せずに終了;
Expand;;no;yes;no;;Expand;;展開;
Experience;;no;yes;no;;Experience;;経験;
Export;;no;yes;no;;Export;;エクスポート;
Expression;;no;yes;no;;Expression;;式;
Expression formula;;no;yes;no;;Expression formula;;式;
External;;no;yes;no;;External;;外部;
Failed;;no;yes;no;;Failed;;失敗しました;
Favorite;;no;yes;no;;Favorite;;お気に入り;
Favorite feedback;;no;yes;no;;Favorite feedback;;お気に入りのフィードバック;
Favorites;;no;yes;no;;Favorites;;お気に入り;
Feature;;no;yes;no;;Feature;;機能;
Feature Enablement;;no;yes;no;;Feature Enablement;;機能の有効化;
Feature enablement;;no;yes;no;;Feature enablement;;機能の有効化;
Features;;no;yes;no;;Features;;機能;
Feedback;;no;yes;no;;Feedback;;フィードバック;
Feedback Ratings;;no;yes;no;;Feedback Ratings;;フィードバック評価;
Feedback from;;no;yes;no;;Feedback from;;以下からのフィードバック：;
Feedback insights;;no;yes;no;;Feedback insights;;フィードバックの洞察;
Feedback note;;no;yes;no;;Feedback note;;フィードバックメモ;
Feedback notes;;no;yes;no;;Feedback notes;;フィードバックノート;
Feedback rating;;no;yes;no;;Feedback rating;;フィードバック評価;
Feedback received;;no;yes;no;;Feedback received;;受信したフィードバック;
Feedback request;;no;yes;no;;Feedback request;;フィードバックリクエスト;
Feedback requested;;no;yes;no;;Feedback requested;;フィードバックがリクエストされました;
Feedback requests;;no;yes;no;;Feedback requests;;フィードバックリクエスト;
Feedback sent;;no;yes;no;;Feedback sent;;フィードバックが送信されました;
Feedback sent to;;no;yes;no;;Feedback sent to;;フィードバック送信先：;
Female;;no;yes;no;;Female;;女性;
Field;;no;yes;no;;Field;;フィールド;
Field name;;no;yes;no;;Field name;;フィールド名;
Fields;;no;yes;no;;Fields;;フィールド;
Fields used;;no;yes;no;;Fields used;;使用されているフィールド;
File name;;no;yes;no;;File name;;ファイル名;
File upload;;no;yes;no;;File upload;;ファイルのアップロード;
Fill in the necessary details;;no;yes;no;;Fill in the necessary details;;必要な詳細を入力してください;
Filter;;no;yes;no;;Filter;;フィルター;
Filters;;no;yes;no;;Filters;;フィルター;
Final;;no;yes;no;;Final;;最終;
Final Validation;;no;yes;no;;Final Validation;;最終検証;
Final validation;;no;yes;no;;Final validation;;最終検証;
Fixed;;no;yes;no;;Fixed;;固定;
For managers;;no;yes;no;;For managers;;マネージャ向け;
For workers;;no;yes;no;;For workers;;従業員向け;
Formatting;;no;yes;no;;Formatting;;書式設定;
Forms;;no;yes;no;;Forms;;フォーム;
Formula;;no;yes;no;;Formula;;数式;
From;;no;yes;no;;From;;送信元;
Full name;;no;yes;no;;Full name;;フルネーム;
Functions;;no;yes;no;;Functions;;機能;
Gender;;no;yes;no;;Gender;;性別;
General;;no;yes;no;;General;;一般;
General information;;no;yes;no;;General information;;一般情報;
Generate;;no;yes;no;;Generate;;生成;
Generate PDF;;no;yes;no;;Generate PDF;;PDFを生成;
Generated;;no;yes;no;;Generated;;生成済み;
Generation date;;no;yes;no;;Generation date;;生成日;
Get started by creating one;;no;yes;no;;Get started by creating one;;最初の1つを作成;
Give;;no;yes;no;;Give;;提供;
Give feedback;;no;yes;no;;Give feedback;;フィードバックを提供;
Global;;no;yes;no;;Global;;グローバル;
Global currency;;no;yes;no;;Global currency;;グローバル通貨;
Global worker category;;no;yes;no;;Global worker category;;グローバル社員カテゴリー;
Go to feedback;;no;yes;no;;Go to feedback;;フィードバックに移動;
Goal;;no;yes;no;;Goal;;目標;
Goal Achievement;;no;yes;no;;Goal Achievement;;目標達成率;
Goal Alignment;;no;yes;no;;Goal Alignment;;目標の整合性;
Goal Details;;no;yes;no;;Goal Details;;目標の詳細;
Goal ID;;no;yes;no;;Goal ID;;目標ID;
Goal Overview;;no;yes;no;;Goal Overview;;目標の概要;
Goal Plan;;no;yes;no;;Goal Plan;;目標計画;
Goal Plans;;no;yes;no;;Goal Plans;;目標計画;
Goal Status;;no;yes;no;;Goal Status;;目標のステータス;
Goal Tag Libraries;;no;yes;no;;Goal Tag Libraries;;目標タグライブラリ;
Goal Types;;no;yes;no;;Goal Types;;目標タイプ;
Goal achievement;;no;yes;no;;Goal achievement;;目標達成率;
Goal alignment;;no;yes;no;;Goal alignment;;目標のすり合わせ;
Goal creator;;no;yes;no;;Goal creator;;目標作成者;
Goal details;;no;yes;no;;Goal details;;目標の詳細;
Goal name;;no;yes;no;;Goal name;;目標名;
Goal overview;;no;yes;no;;Goal overview;;目標の概要;
Goal owner;;no;yes;no;;Goal owner;;目標オーナー;
Goal owner worker ID;;no;yes;no;;Goal owner worker ID;;目標所有者の社員ID;
Goal period;;no;yes;no;;Goal period;;目標期間;
Goal plan;;no;yes;no;;Goal plan;;目標計画;
Goal plans;;no;yes;no;;Goal plans;;目標プラン;
Goal priority;;no;yes;no;;Goal priority;;目標の優先度;
Goal progress;;no;yes;no;;Goal progress;;目標の進捗;
Goal status;;no;yes;no;;Goal status;;目標ステータス;
Goal tags;;no;yes;no;;Goal tags;;目標タグ;
Goal title;;no;yes;no;;Goal title;;目標タイトル;
Goal tracking status;;no;yes;no;;Goal tracking status;;目標の追跡ステータス;
Goal type;;no;yes;no;;Goal type;;目標タイプ;
Goal type weight;;no;yes;no;;Goal type weight;;目標タイプの重み;
Goal types;;no;yes;no;;Goal types;;目標タイプ;
Goal weight;;no;yes;no;;Goal weight;;目標体重;
Goal workflow;;no;yes;no;;Goal workflow;;目標ワークフロー;
Goals;;no;yes;no;;Goals;;目標;
Goals aligned with this goal;;no;yes;no;;Goals aligned with this goal;;この目標に紐づく目標;
Grade;;no;yes;no;;Grade;;成績;
Grant date;;no;yes;no;;Grant date;;付与日;
Grant proxy access;;no;yes;no;;Grant proxy access;;代理アクセスを付与;
Grants;;no;yes;no;;Grants;;補助金;
Greater than;;no;yes;no;;Greater than;;次の値より大きい：;
Greater than or equal to;;no;yes;no;;Greater than or equal to;;次の値以上：;
Group name;;no;yes;no;;Group name;;グループ名;
Groups;;no;yes;no;;Groups;;グループ;
Guaranteed amount;;no;yes;no;;Guaranteed amount;;保証額;
Guaranteed amount rule;;no;yes;no;;Guaranteed amount rule;;保証金額ルール;
Guaranteed amounts;;no;yes;no;;Guaranteed amounts;;保証された金額;
Guideline;;no;yes;no;;Guideline;;ガイドライン;
Guidelines;;no;yes;no;;Guidelines;;ガイドライン;
HRBP approval;;no;yes;no;;HRBP approval;;HRBPの承認;
HRBP review;;no;yes;no;;HRBP review;;HRBPレビュー;
Help;;no;yes;no;;Help;;ヘルプ;
Help tip;;no;yes;no;;Help tip;;役立つヒント;
Helpful;;no;yes;no;;Helpful;;有益;
Hide;;no;yes;no;;Hide;;非表示;
Hierarchy;;no;yes;no;;Hierarchy;;階層;
High;;no;yes;no;;High;;高;
Historical Reviews;;no;yes;no;;Historical Reviews;;過去のレビュー;
Historical compensation;;no;yes;no;;Historical compensation;;歴史的な補償;
Home;;no;yes;no;;Home;;ホーム;
Identifier;;no;yes;no;;Identifier;;識別子;
Image;;no;yes;no;;Image;;画像;
Import;;no;yes;no;;Import;;インポート;
In progress;;no;yes;no;;In progress;;進行中;
In use;;no;yes;no;;In use;;使用中;
Inactive;;no;yes;no;;Inactive;;非アクティブ;
Include;;no;yes;no;;Include;;含める;
Included;;no;yes;no;;Included;;含まれる;
Individual;;no;yes;no;;Individual;;個人;
Individual goal;;no;yes;no;;Individual goal;;個人の目標;
Individual goals;;no;yes;no;;Individual goals;;個人の目標;
Individual view;;no;yes;no;;Individual view;;個人ビュー;
Individual workers;;no;yes;no;;Individual workers;;個々の従業員;
Individuals;;no;yes;no;;Individuals;;個人;
Ingestion;;no;yes;no;;Ingestion;;取り込み;
Input;;no;yes;no;;Input;;入力;
Insightful;;no;yes;no;;Insightful;;鋭い;
Insights;;no;yes;no;;Insights;;洞察;
Inspiring;;no;yes;no;;Inspiring;;刺激になる;
Instant messaging address;;no;yes;no;;Instant messaging address;;インスタントメッセージアドレス;
Integer;;no;yes;no;;Integer;;整数;
Interface;;no;yes;no;;Interface;;インターフェース;
Is PII;;no;yes;no;;Is PII;;PIIである;
Is completed;;no;yes;no;;Is completed;;完了済み;
Is enabled;;no;yes;no;;Is enabled;;有効になっています;
Is read;;no;yes;no;;Is read;;既読;
Is required;;no;yes;no;;Is required;;必須です;
Job code;;no;yes;no;;Job code;;職務コード;
Job level;;no;yes;no;;Job level;;職位レベル;
Job title;;no;yes;no;;Job title;;職種;
Key dates;;no;yes;no;;Key dates;;重要な日付;
Key deliverables;;no;yes;no;;Key deliverables;;主な成果;
Label;;no;yes;no;;Label;;ラベル;
Language;;no;yes;no;;Language;;言語;
Language code;;no;yes;no;;Language code;;言語コード;
Languages;;no;yes;no;;Languages;;言語;
Last edited;;no;yes;no;;Last edited;;最終編集;
Last update;;no;yes;no;;Last update;;最終更新;
Last updated;;no;yes;no;;Last updated;;最終更新;
Learning;;no;yes;no;;Learning;;学習;
Leave of absence;;no;yes;no;;Leave of absence;;休職;
Legal Entity;;no;yes;no;;Legal Entity;;法人;
Legal entity;;no;yes;no;;Legal entity;;法人;
Less than;;no;yes;no;;Less than;;次の値より小さい：;
Less than or equal to;;no;yes;no;;Less than or equal to;;次の値以下：;
Let's meet;;no;yes;no;;Let's meet;;面談予定;
Level;;no;yes;no;;Level;;レベル;
Library details;;no;yes;no;;Library details;;ライブラリの詳細;
Library name;;no;yes;no;;Library name;;ライブラリ名;
Limit;;no;yes;no;;Limit;;制限;
Line manager;;no;yes;no;;Line manager;;ラインマネージャー;
Linear curve;;no;yes;no;;Linear curve;;線形曲線;
Link;;no;yes;no;;Link;;リンク;
Local time;;no;yes;no;;Local time;;現地時刻;
Local worker category;;no;yes;no;;Local worker category;;ローカル社員カテゴリー;
Localization;;no;yes;no;;Localization;;ローカリゼーション;
Location;;no;yes;no;;Location;;場所;
Locations;;no;yes;no;;Locations;;場所;
Logins;;no;yes;no;;Logins;;ログイン;
Logins over time;;no;yes;no;;Logins over time;;期間別ログイン数;
Logout;;no;yes;no;;Logout;;ログアウト;
Low;;no;yes;no;;Low;;低;
Main;;no;yes;no;;Main;;メイン;
Main currency;;no;yes;no;;Main currency;;主要通貨;
Main group;;no;yes;no;;Main group;;メイングループ;
Male;;no;yes;no;;Male;;男性;
Manage;;no;yes;no;;Manage;;管理;
Manage users;;no;yes;no;;Manage users;;ユーザーを管理する;
Manager;;no;yes;no;;Manager;;マネージャ;
Manager + 1;;no;yes;no;;Manager + 1;;マネージャー + 1;
Manager ID;;no;yes;no;;Manager ID;;マネージャID;
Manager feedback;;no;yes;no;;Manager feedback;;マネージャーからのフィードバック;
Manager name;;no;yes;no;;Manager name;;マネージャー名;
Manager proposal;;no;yes;no;;Manager proposal;;マネージャー提案;
Manager review;;no;yes;no;;Manager review;;マネージャレビュー;
Manager+1;;no;yes;no;;Manager+1;;マネージャー+1;
Managers;;no;yes;no;;Managers;;管理者;
Mandatory;;no;yes;no;;Mandatory;;必須;
Manually;;no;yes;no;;Manually;;手動;
Mapping configuration;;no;yes;no;;Mapping configuration;;マッピング設定;
Max target;;no;yes;no;;Max target;;最大ターゲット;
Max. score;;no;yes;no;;Max. score;;最高スコア;
Maximum;;no;yes;no;;Maximum;;最大;
Maximum outcome;;no;yes;no;;Maximum outcome;;最大結果;
Maximum payout;;no;yes;no;;Maximum payout;;最大支払額;
Measurement;;no;yes;no;;Measurement;;測定;
Measurement criteria;;no;yes;no;;Measurement criteria;;測定基準;
Medium;;no;yes;no;;Medium;;中;
Menu;;no;yes;no;;Menu;;メニュー;
Message;;no;yes;no;;Message;;メッセージ;
Min target;;no;yes;no;;Min target;;最小ターゲット;
Minimum;;no;yes;no;;Minimum;;最小;
Minimum outcome;;no;yes;no;;Minimum outcome;;最小結果;
Model;;no;yes;no;;Model;;モデル;
Model description;;no;yes;no;;Model description;;モデルの説明;
Model details;;no;yes;no;;Model details;;モデルの詳細;
Model features;;no;yes;no;;Model features;;モデルの機能;
Model name;;no;yes;no;;Model name;;モデル名;
Model type;;no;yes;no;;Model type;;モデルの種類;
Models;;no;yes;no;;Models;;モデル;
Moderation;;no;yes;no;;Moderation;;モデレーション;
Moderation stage;;no;yes;no;;Moderation stage;;モデレーションステージ;
Month;;no;yes;no;;Month;;月;
Months;;no;yes;no;;Months;;月数;
More;;no;yes;no;;More;;詳細;
More details;;no;yes;no;;More details;;詳細情報;
Move reviews;;no;yes;no;;Move reviews;;レビューを移動;
Multiple;;no;yes;no;;Multiple;;複数;
My behavior profile;;no;yes;no;;My behavior profile;;私の行動プロファイル;
My feedback;;no;yes;no;;My feedback;;私のフィードバック;
My goal;;no;yes;no;;My goal;;私の目標;
My goals;;no;yes;no;;My goals;;私の目標;
My note;;no;yes;no;;My note;;私のメモ;
My review;;no;yes;no;;My review;;私のレビュー;
My reviews;;no;yes;no;;My reviews;;私のレビュー;
Name;;no;yes;no;;Name;;名前;
New manager;;no;yes;no;;New manager;;新しいマネージャー;
New password;;no;yes;no;;New password;;新しいパスワード;
Next;;no;yes;no;;Next;;次へ;
Next step;;no;yes;no;;Next step;;次のステップ;
Nickname;;no;yes;no;;Nickname;;ニックネーム;
No career development plans;;no;yes;no;;No career development plans;;キャリア開発計画がありません;
No check-ins;;no;yes;no;;No check-ins;;チェックインなし;
No comments yet;;no;yes;no;;No comments yet;;コメントはまだありません;
No compensation rounds;;no;yes;no;;No compensation rounds;;補償ラウンドなし;
No data;;no;yes;no;;No data;;データなし;
No description;;no;yes;no;;No description;;説明なし;
No documents;;no;yes;no;;No documents;;ドキュメントなし;
No feedback;;no;yes;no;;No feedback;;フィードバックなし;
No goals;;no;yes;no;;No goals;;目標なし;
No goals yet;;no;yes;no;;No goals yet;;まだ目標がありません;
No messages yet;;no;yes;no;;No messages yet;;まだメッセージがありません;
No notes;;no;yes;no;;No notes;;メモなし;
No populations;;no;yes;no;;No populations;;母集団なし;
No populations yet;;no;yes;no;;No populations yet;;まだ母集団がありません;
No priority;;no;yes;no;;No priority;;優先度なし;
No questions;;no;yes;no;;No questions;;質問なし;
No results;;no;yes;no;;No results;;結果なし;
No results found;;no;yes;no;;No results found;;結果が見つかりませんでした;
No value;;no;yes;no;;No value;;値なし;
Non-conditional;;no;yes;no;;Non-conditional;;無条件;
None;;no;yes;no;;None;;なし;
Not completed;;no;yes;no;;Not completed;;未完了;
Not empty;;no;yes;no;;Not empty;;空ではありません;
Not released;;no;yes;no;;Not released;;未リリース;
Not selected;;no;yes;no;;Not selected;;未選択;
Not started;;no;yes;no;;Not started;;未着手;
Not submitted;;no;yes;no;;Not submitted;;未提出;
Note;;no;yes;no;;Note;;メモ;
Notes;;no;yes;no;;Notes;;メモ;
Notification bell;;no;yes;no;;Notification bell;;通知ベル;
Notifications;;no;yes;no;;Notifications;;通知;
Nudge;;no;yes;no;;Nudge;;ナッジ;
Number;;no;yes;no;;Number;;番号;
Number of days;;no;yes;no;;Number of days;;日数;
Number of years;;no;yes;no;;Number of years;;年数;
Numeric;;no;yes;no;;Numeric;;数値;
Observations;;no;yes;no;;Observations;;目撃情報;
On track;;no;yes;no;;On track;;順調;
Open;;no;yes;no;;Open;;開く;
Operator;;no;yes;no;;Operator;;演算子;
Optional;;no;yes;no;;Optional;;オプション;
Organization;;no;yes;no;;Organization;;組織;
Organization external ID;;no;yes;no;;Organization external ID;;組織外部ID;
Organizational;;no;yes;no;;Organizational;;組織;
Organizational Units;;no;yes;no;;Organizational Units;;組織単位;
Organizational goal;;no;yes;no;;Organizational goal;;組織の目標;
Organizational unit;;no;yes;no;;Organizational unit;;組織単位;
Other;;no;yes;no;;Other;;その他;
Outcome;;no;yes;no;;Outcome;;結果;
Outlook;;no;yes;no;;Outlook;;見通し;
Overall behavior rating;;no;yes;no;;Overall behavior rating;;総合行動評価;
Overall performance;;no;yes;no;;Overall performance;;総合業績;
Overall performance rating;;no;yes;no;;Overall performance rating;;総合パフォーマンス評価;
Overall progress;;no;yes;no;;Overall progress;;総合的な進捗;
Overdue;;no;yes;no;;Overdue;;期限超過;
Overview;;no;yes;no;;Overview;;概要;
Owner;;no;yes;no;;Owner;;オーナー;
Owners;;no;yes;no;;Owners;;オーナー;
Participant;;no;yes;no;;Participant;;参加者;
Participants;;no;yes;no;;Participants;;参加者;
Password;;no;yes;no;;Password;;パスワード;
Past;;no;yes;no;;Past;;過去;
Pay Analysis;;no;yes;no;;Pay Analysis;;報酬分析;
Pay Information;;no;yes;no;;Pay Information;;報酬情報;
Pay Intelligence;;no;yes;no;;Pay Intelligence;;給与インテリジェンス;
Pay Transparency;;no;yes;no;;Pay Transparency;;給与の透明性;
Pay analysis;;no;yes;no;;Pay analysis;;給与分析;
Pay information;;no;yes;no;;Pay information;;給与情報;
Pay information requests;;no;yes;no;;Pay information requests;;給与情報のリクエスト;
Pay range;;no;yes;no;;Pay range;;給与帯;
Payout;;no;yes;no;;Payout;;支払い;
Payout Curves;;no;yes;no;;Payout Curves;;支給カーブ;
Payout curve;;no;yes;no;;Payout curve;;ペイアウトカーブ;
Payout curves;;no;yes;no;;Payout curves;;支払い曲線;
Payroll;;no;yes;no;;Payroll;;給与計算;
Payroll data drop;;no;yes;no;;Payroll data drop;;給与データのドロップ;
Peers;;no;yes;no;;Peers;;ピア;
Pending;;no;yes;no;;Pending;;保留中;
Pending approval;;no;yes;no;;Pending approval;;承認待ち;
Pending confirmation;;no;yes;no;;Pending confirmation;;確認待ち;
Pending draft;;no;yes;no;;Pending draft;;保留中のドラフト;
Pending publishing;;no;yes;no;;Pending publishing;;公開待ち;
Pending sign-off;;no;yes;no;;Pending sign-off;;承認待ち;
People;;no;yes;no;;People;;人員;
People day;;no;yes;no;;People day;;ピープルデー;
Percentage;;no;yes;no;;Percentage;;パーセンテージ;
Performance;;no;yes;no;;Performance;;業績;
Performance Management;;no;yes;no;;Performance Management;;業績管理;
Performance Reviews;;no;yes;no;;Performance Reviews;;業績レビュー;
Performance check-ins;;no;yes;no;;Performance check-ins;;業績チェックイン;
Performance rating;;no;yes;no;;Performance rating;;業績評価;
Performance review;;no;yes;no;;Performance review;;業績レビュー;
Performance review details;;no;yes;no;;Performance review details;;業績レビューの詳細;
Performance review templates;;no;yes;no;;Performance review templates;;業績レビューテンプレート;
Period;;no;yes;no;;Period;;期間;
Period start date;;no;yes;no;;Period start date;;期間開始日;
Personal;;no;yes;no;;Personal;;個人;
Personally identifiable information;;no;yes;no;;Personally identifiable information;;個人識別情報;
Phone number;;no;yes;no;;Phone number;;電話番号;
Plan;;no;yes;no;;Plan;;計画;
Plan details;;no;yes;no;;Plan details;;計画の詳細;
Plan name;;no;yes;no;;Plan name;;プラン名;
Plan stage;;no;yes;no;;Plan stage;;プランステージ;
Plan transmission;;no;yes;no;;Plan transmission;;計画の送信;
Plans;;no;yes;no;;Plans;;計画;
Population;;no;yes;no;;Population;;母集団;
Population criteria;;no;yes;no;;Population criteria;;母集団基準;
Populations;;no;yes;no;;Populations;;母集団;
Position in pay range;;no;yes;no;;Position in pay range;;給与レンジ内の位置;
Preview;;no;yes;no;;Preview;;プレビュー;
Preview document;;no;yes;no;;Preview document;;ドキュメントをプレビュー;
Previous;;no;yes;no;;Previous;;前へ;
Priority;;no;yes;no;;Priority;;優先度;
Privacy;;no;yes;no;;Privacy;;プライバシー;
Privacy settings;;no;yes;no;;Privacy settings;;プライバシー設定;
Privacy statement text;;no;yes;no;;Privacy statement text;;プライバシー声明文;
Private;;no;yes;no;;Private;;非公開;
Proceed;;no;yes;no;;Proceed;;続行;
Processing;;no;yes;no;;Processing;;処理中;
Professional;;no;yes;no;;Professional;;プロフェッショナル;
Progress;;no;yes;no;;Progress;;進捗;
Progress tracking;;no;yes;no;;Progress tracking;;進捗追跡;
Properties;;no;yes;no;;Properties;;プロパティ;
Proposal management;;no;yes;no;;Proposal management;;提案管理;
Prorated target bonus;;no;yes;no;;Prorated target bonus;;按分された目標ボーナス;
Proxy;;no;yes;no;;Proxy;;代理;
Proxy access list;;no;yes;no;;Proxy access list;;代理アクセスリスト;
Proxy permission;;no;yes;no;;Proxy permission;;代理アクセス許可;
Public;;no;yes;no;;Public;;公開;
Public feedback;;no;yes;no;;Public feedback;;公開フィードバック;
Publish;;no;yes;no;;Publish;;公開;
Published;;no;yes;no;;Published;;公開済み;
Published date;;no;yes;no;;Published date;;公開日;
Publishing;;no;yes;no;;Publishing;;公開;
Purpose;;no;yes;no;;Purpose;;目的;
Question;;no;yes;no;;Question;;質問;
Questions;;no;yes;no;;Questions;;質問;
RTI request status;;no;yes;no;;RTI request status;;RTIリクエストステータス;
Range;;no;yes;no;;Range;;範囲;
Rate this feedback;;no;yes;no;;Rate this feedback;;このフィードバックを評価;
Rating;;no;yes;no;;Rating;;評価;
Rating changed;;no;yes;no;;Rating changed;;評価変更済み;
Rating distribution;;no;yes;no;;Rating distribution;;評価の分布;
Rating scale;;no;yes;no;;Rating scale;;評価尺度;
Rating scales;;no;yes;no;;Rating scales;;評価尺度;
Read;;no;yes;no;;Read;;読み取り;
Read only;;no;yes;no;;Read only;;読み取り専用;
Read status;;no;yes;no;;Read status;;既読ステータス;
Read-only;;no;yes;no;;Read-only;;読み取り専用;
Ready;;no;yes;no;;Ready;;準備完了;
Reassign;;no;yes;no;;Reassign;;再割り当て;
Reassign manager;;no;yes;no;;Reassign manager;;マネージャーを再割り当て;
Reassigned;;no;yes;no;;Reassigned;;再割り当て済み;
Received;;no;yes;no;;Received;;受信済み;
Received behaviors;;no;yes;no;;Received behaviors;;受信した行動;
Received feedback;;no;yes;no;;Received feedback;;受信したフィードバック;
Recipient;;no;yes;no;;Recipient;;受信者;
Recipients;;no;yes;no;;Recipients;;受信者;
Recognition;;no;yes;no;;Recognition;;高評価;
Recognized behaviors;;no;yes;no;;Recognized behaviors;;高評価された行動;
Recommended;;no;yes;no;;Recommended;;推奨;
Recurrence;;no;yes;no;;Recurrence;;反復;
Recurring;;no;yes;no;;Recurring;;反復;
Reference;;no;yes;no;;Reference;;参照;
Reference number;;no;yes;no;;Reference number;;参照番号;
Refresh;;no;yes;no;;Refresh;;更新;
Region;;no;yes;no;;Region;;地域;
Regular;;no;yes;no;;Regular;;定期;
Regular check-ins;;no;yes;no;;Regular check-ins;;定期チェックイン;
Reject;;no;yes;no;;Reject;;拒否;
Rejected;;no;yes;no;;Rejected;;拒否済み;
Relation;;no;yes;no;;Relation;;関係;
Release;;no;yes;no;;Release;;リリース;
Release status;;no;yes;no;;Release status;;リリースステータス;
Released;;no;yes;no;;Released;;リリース済み;
Remaining;;no;yes;no;;Remaining;;残り;
Reminder name;;no;yes;no;;Reminder name;;リマインダー名;
Reminders;;no;yes;no;;Reminders;;リマインダー;
Remove;;no;yes;no;;Remove;;削除;
Remove all;;no;yes;no;;Remove all;;すべて削除;
Rename;;no;yes;no;;Rename;;名前を変更;
Reopen;;no;yes;no;;Reopen;;再オープン;
Reopen reviews;;no;yes;no;;Reopen reviews;;レビューを再開する;
Reopened;;no;yes;no;;Reopened;;再開;
Reply rate;;no;yes;no;;Reply rate;;返信率;
Reports;;no;yes;no;;Reports;;レポート;
Republish;;no;yes;no;;Republish;;再公開;
Republished round;;no;yes;no;;Republished round;;再公開されたラウンド;
Request;;no;yes;no;;Request;;リクエスト;
Request ID;;no;yes;no;;Request ID;;リクエストID;
Request date;;no;yes;no;;Request date;;申請日;
Request details;;no;yes;no;;Request details;;リクエストの詳細;
Request feedback;;no;yes;no;;Request feedback;;フィードバックをリクエスト;
Request feedback from;;no;yes;no;;Request feedback from;;以下からのフィードバックをリクエスト：;
Request feedback now;;no;yes;no;;Request feedback now;;今すぐフィードバックをリクエスト;
Request feedback on;;no;yes;no;;Request feedback on;;以下に関するフィードバックをリクエスト：;
Request pay information;;no;yes;no;;Request pay information;;給与情報をリクエストする;
Request status;;no;yes;no;;Request status;;リクエストステータス;
Requested;;no;yes;no;;Requested;;リクエスト済み;
Requested feedback;;no;yes;no;;Requested feedback;;リクエストされたフィードバック;
Requests;;no;yes;no;;Requests;;リクエスト;
Requests about my team;;no;yes;no;;Requests about my team;;私のチームに関するリクエスト;
Required;;no;yes;no;;Required;;必須;
Resources;;no;yes;no;;Resources;;リソース;
Response permission;;no;yes;no;;Response permission;;応答の権限;
Resubmit;;no;yes;no;;Resubmit;;再送信;
Result;;no;yes;no;;Result;;結果;
Review;;no;yes;no;;Review;;レビュー;
Review Details;;no;yes;no;;Review Details;;レビュー詳細;
Review Status;;no;yes;no;;Review Status;;レビューのステータス;
Review about;;no;yes;no;;Review about;;以下に関するレビュー：;
Review challenge;;no;yes;no;;Review challenge;;レビューチャレンジ;
Review name;;no;yes;no;;Review name;;レビュー名;
Review rating;;no;yes;no;;Review rating;;レビュー評価;
Review rating distribution;;no;yes;no;;Review rating distribution;;レビュー評価の分布;
Review settings;;no;yes;no;;Review settings;;レビュー設定;
Review stage;;no;yes;no;;Review stage;;レビューのステージ;
Review stages;;no;yes;no;;Review stages;;レビューのステージ;
Review status;;no;yes;no;;Review status;;レビューのステータス;
Review type;;no;yes;no;;Review type;;レビュータイプ;
Reviews;;no;yes;no;;Reviews;;レビュー;
Role;;no;yes;no;;Role;;役割;
Roles;;no;yes;no;;Roles;;役割;
Round;;no;yes;no;;Round;;ラウンド;
Round code;;no;yes;no;;Round code;;ラウンドコード;
Round details;;no;yes;no;;Round details;;ラウンドの詳細;
Round reminders;;no;yes;no;;Round reminders;;ラウンドリマインダー;
Round republished;;no;yes;no;;Round republished;;ラウンドが再公開されました;
Round type;;no;yes;no;;Round type;;ラウンドタイプ;
Round visibility;;no;yes;no;;Round visibility;;ラウンドの表示/非表示;
Rule configuration;;no;yes;no;;Rule configuration;;ルールの設定;
Rule details;;no;yes;no;;Rule details;;ルールの詳細;
Rule name;;no;yes;no;;Rule name;;ルール名;
Rules;;no;yes;no;;Rules;;ルール;
Salary;;no;yes;no;;Salary;;給与;
Salary configuration;;no;yes;no;;Salary configuration;;給与設定;
Save;;no;yes;no;;Save;;保存;
Save & exit;;no;yes;no;;Save & exit;;保存して終了;
Scale;;no;yes;no;;Scale;;尺度;
Search;;no;yes;no;;Search;;検索;
Search by name;;no;yes;no;;Search by name;;名前で検索;
Search by name or code;;no;yes;no;;Search by name or code;;名前またはコードで検索;
Search for a person;;no;yes;no;;Search for a person;;人員を検索;
Search for a worker;;no;yes;no;;Search for a worker;;従業員を検索;
Search for workers;;no;yes;no;;Search for workers;;従業員を検索;
Secondary email;;no;yes;no;;Secondary email;;予備の電子メール;
Secondary email address;;no;yes;no;;Secondary email address;;予備の電子メールアドレス;
Secondary hierarchy;;no;yes;no;;Secondary hierarchy;;二次階層;
Section header;;no;yes;no;;Section header;;セクションヘッダー;
Security;;no;yes;no;;Security;;セキュリティ;
Security group;;no;yes;no;;Security group;;セキュリティグループ;
See all;;no;yes;no;;See all;;すべて表示;
Select;;no;yes;no;;Select;;選択;
Select all;;no;yes;no;;Select all;;すべて選択;
Select an option;;no;yes;no;;Select an option;;オプションを1つ選択;
Select communication round;;no;yes;no;;Select communication round;;通信ラウンドを選択してください;
Select data model;;no;yes;no;;Select data model;;データモデルを選択してください;
Select entity;;no;yes;no;;Select entity;;エンティティを選択;
Select filters;;no;yes;no;;Select filters;;フィルタを選択;
Select goal;;no;yes;no;;Select goal;;目標を選択してください;
Select owners;;no;yes;no;;Select owners;;オーナーを選択;
Select population;;no;yes;no;;Select population;;対象者を選択;
Select the compensation element;;no;yes;no;;Select the compensation element;;報酬要素を選択してください;
Select type;;no;yes;no;;Select type;;タイプを選択;
Selected;;no;yes;no;;Selected;;選択済み;
Selected column;;no;yes;no;;Selected column;;選択された列;
Selected fields;;no;yes;no;;Selected fields;;選択されたフィールド;
Selected items;;no;yes;no;;Selected items;;選択済みの項目;
Selected population;;no;yes;no;;Selected population;;選択した対象者;
Self;;no;yes;no;;Self;;自己;
Self-assessment;;no;yes;no;;Self-assessment;;自己評価;
Self-review;;no;yes;no;;Self-review;;自己レビュー;
Send;;no;yes;no;;Send;;送信;
Send feedback;;no;yes;no;;Send feedback;;フィードバックを送信;
Send to Documents;;no;yes;no;;Send to Documents;;［ドキュメント］に送信;
Sender;;no;yes;no;;Sender;;送信者;
Sensitive Content;;no;yes;no;;Sensitive Content;;センシティブなコンテンツ;
Sent;;no;yes;no;;Sent;;送信済み;
Sent behaviors;;no;yes;no;;Sent behaviors;;送信された行動;
Sent feedback;;no;yes;no;;Sent feedback;;送信したフィードバック;
Sent to;;no;yes;no;;Sent to;;送信先：;
Separator;;no;yes;no;;Separator;;セパレーター;
Session timeout;;no;yes;no;;Session timeout;;セッションタイムアウト;
Settings;;no;yes;no;;Settings;;設定;
Setup;;no;yes;no;;Setup;;設定;
Share;;no;yes;no;;Share;;共有;
Share feedback;;no;yes;no;;Share feedback;;フィードバックを共有;
Share this feedback;;no;yes;no;;Share this feedback;;このフィードバックを共有;
Share with;;no;yes;no;;Share with;;共有先：;
Share your insights;;no;yes;no;;Share your insights;;あなたの洞察を共有;
Share your thoughts;;no;yes;no;;Share your thoughts;;意見を共有;
Shared;;no;yes;no;;Shared;;共有済み;
Shared feedback;;no;yes;no;;Shared feedback;;共有されたフィードバック;
Shared goals;;no;yes;no;;Shared goals;;共有された目標;
Shared with;;no;yes;no;;Shared with;;共有先：;
Shared with me;;no;yes;no;;Shared with me;;私と共有済み;
Sharing;;no;yes;no;;Sharing;;共有;
Short;;no;yes;no;;Short;;低;
Show;;no;yes;no;;Show;;表示;
Show all;;no;yes;no;;Show all;;すべて表示;
Since request;;no;yes;no;;Since request;;リクエスト以降;
Situation;;no;yes;no;;Situation;;状況;
Situations;;no;yes;no;;Situations;;状況;
Skill & Competency Groups;;no;yes;no;;Skill & Competency Groups;;スキルおよび能力グループ;
Skill & competency groups;;no;yes;no;;Skill & competency groups;;スキルおよび能力グループ;
Skills;;no;yes;no;;Skills;;スキル;
Skills & competency groups;;no;yes;no;;Skills & competency groups;;スキルおよび能力グループ;
Snapshot;;no;yes;no;;Snapshot;;スナップショット;
Snapshot Manager;;no;yes;no;;Snapshot Manager;;スナップショットマネージャー;
Snapshot details;;no;yes;no;;Snapshot details;;スナップショットの詳細;
Snapshots;;no;yes;no;;Snapshots;;スナップショット;
Source;;no;yes;no;;Source;;ソース;
Stage;;no;yes;no;;Stage;;ステージ;
Standard;;no;yes;no;;Standard;;標準;
Start;;no;yes;no;;Start;;開始;
Start date;;no;yes;no;;Start date;;開始日;
Start date in company;;no;yes;no;;Start date in company;;会社での開始日;
Start time;;no;yes;no;;Start time;;開始時刻;
State;;no;yes;no;;State;;都道府県;
Statement generation;;no;yes;no;;Statement generation;;明細書の作成;
Statements;;no;yes;no;;Statements;;明細書;
Status;;no;yes;no;;Status;;ステータス;
Status by org. level;;no;yes;no;;Status by org. level;;組織レベル別のステータス;
Step curve;;no;yes;no;;Step curve;;ステップ曲線;
Step end date;;no;yes;no;;Step end date;;ステップ終了日;
Stock;;no;yes;no;;Stock;;株式;
Street address;;no;yes;no;;Street address;;所在地住所;
Subgroups;;no;yes;no;;Subgroups;;サブグループ;
Subject;;no;yes;no;;Subject;;件名;
Submit;;no;yes;no;;Submit;;送信;
Submit to manager;;no;yes;no;;Submit to manager;;マネージャに送信;
Submitted;;no;yes;no;;Submitted;;送信済み;
Success;;no;yes;no;;Success;;成功;
Suggested agenda;;no;yes;no;;Suggested agenda;;議題案;
Sum;;no;yes;no;;Sum;;合計;
Summary;;no;yes;no;;Summary;;要約;
System;;no;yes;no;;System;;システム;
System populations;;no;yes;no;;System populations;;システムの集団;
TOTAL;;no;yes;no;;TOTAL;;合計;
Tag;;no;yes;no;;Tag;;タグ;
Tag library;;no;yes;no;;Tag library;;タグライブラリ;
Tags;;no;yes;no;;Tags;;タグ;
Talent Review;;no;yes;no;;Talent Review;;タレントレビュー;
Target;;no;yes;no;;Target;;ターゲット;
Target bonus;;no;yes;no;;Target bonus;;目標ボーナス;
Target budget;;no;yes;no;;Target budget;;ターゲット予算;
Team;;no;yes;no;;Team;;チーム;
Team planner view;;no;yes;no;;Team planner view;;チームプランナービュー;
Team requests;;no;yes;no;;Team requests;;チームリクエスト;
Template;;no;yes;no;;Template;;テンプレート;
Template document;;no;yes;no;;Template document;;テンプレートドキュメント;
Template widget settings;;no;yes;no;;Template widget settings;;テンプレートウィジェット設定;
Templates;;no;yes;no;;Templates;;テンプレート;
Text;;no;yes;no;;Text;;テキスト;
Text field;;no;yes;no;;Text field;;テキストフィールド;
Thanks;;no;yes;no;;Thanks;;お礼;
Then;;no;yes;no;;Then;;次に;
Time in role;;no;yes;no;;Time in role;;役割の期間;
Time zone;;no;yes;no;;Time zone;;タイムゾーン;
Timeline;;no;yes;no;;Timeline;;タイムライン;
Title;;no;yes;no;;Title;;タイトル;
Today;;no;yes;no;;Today;;今日;
Toggle;;no;yes;no;;Toggle;;切り替え;
Total;;no;yes;no;;Total;;合計;
Total behaviors;;no;yes;no;;Total behaviors;;行動総数;
Total compensation;;no;yes;no;;Total compensation;;総報酬;
Total entities;;no;yes;no;;Total entities;;エンティティの合計;
Total goals;;no;yes;no;;Total goals;;合計ゴール数;
Total reviews;;no;yes;no;;Total reviews;;レビュー総数;
Total score;;no;yes;no;;Total score;;合計スコア;
Total workers;;no;yes;no;;Total workers;;社員の合計;
Tracking;;no;yes;no;;Tracking;;追跡;
Tracking status;;no;yes;no;;Tracking status;;追跡ステータス;
Training data;;no;yes;no;;Training data;;トレーニングデータ;
Trend;;no;yes;no;;Trend;;トレンド;
Trust;;no;yes;no;;Trust;;信頼;
Try again;;no;yes;no;;Try again;;もう一度お試しください;
Type;;no;yes;no;;Type;;タイプ;
Type part of a name;;no;yes;no;;Type part of a name;;名前の一部を入力;
Type weight;;no;yes;no;;Type weight;;タイプ重量;
Type your message here;;no;yes;no;;Type your message here;;ここにメッセージを入力;
Types;;no;yes;no;;Types;;タイプ;
Unavailable;;no;yes;no;;Unavailable;;利用できません;
Unclear;;no;yes;no;;Unclear;;不明確;
Under review;;no;yes;no;;Under review;;レビュー中;
Unexpected error;;no;yes;no;;Unexpected error;;予期しないエラー;
Unhelpful;;no;yes;no;;Unhelpful;;無益;
Unique logins;;no;yes;no;;Unique logins;;ユニークログイン数;
Unit;;no;yes;no;;Unit;;単位;
Unrated;;no;yes;no;;Unrated;;未評価;
Unrelease;;no;yes;no;;Unrelease;;リリースをキャンセル;
Unreleased;;no;yes;no;;Unreleased;;リリースキャンセル済み;
Unsaved changes;;no;yes;no;;Unsaved changes;;未保存の変更;
Unselect all;;no;yes;no;;Unselect all;;すべての選択を解除;
Upcoming;;no;yes;no;;Upcoming;;今後;
Upcoming check-ins;;no;yes;no;;Upcoming check-ins;;今後のチェックイン;
Update;;no;yes;no;;Update;;更新;
Updated;;no;yes;no;;Updated;;更新済み;
Updated by;;no;yes;no;;Updated by;;更新者：;
Upload;;no;yes;no;;Upload;;アップロード;
Upload behavior;;no;yes;no;;Upload behavior;;行動をアップロード;
Upload file;;no;yes;no;;Upload file;;ファイルをアップロード;
Upload the completed file;;no;yes;no;;Upload the completed file;;完成したファイルをアップロードしてください;
Upload the modified Excel file;;no;yes;no;;Upload the modified Excel file;;変更されたExcelファイルをアップロード;
Uploaded by;;no;yes;no;;Uploaded by;;アップロード者;
Uploaded files;;no;yes;no;;Uploaded files;;アップロードされたファイル;
Uploading;;no;yes;no;;Uploading;;アップロード中;
Usage;;no;yes;no;;Usage;;用途;
Usage details;;no;yes;no;;Usage details;;利用状況の詳細;
Used;;no;yes;no;;Used;;使用中;
Used in;;no;yes;no;;Used in;;以下で使用中：;
Useful information;;no;yes;no;;Useful information;;役立つ情報;
User;;no;yes;no;;User;;ユーザー;
User Security;;no;yes;no;;User Security;;ユーザーセキュリティ;
User local time;;no;yes;no;;User local time;;ユーザーの現地時刻;
Username;;no;yes;no;;Username;;ユーザー名;
Users;;no;yes;no;;Users;;ユーザー;
Users who sent feedback;;no;yes;no;;Users who sent feedback;;フィードバックを送信したユーザー;
Users with no goals;;no;yes;no;;Users with no goals;;目標のないユーザー;
Validate;;no;yes;no;;Validate;;検証する;
Validation;;no;yes;no;;Validation;;検証;
Value;;no;yes;no;;Value;;値;
Values;;no;yes;no;;Values;;価値観;
Version;;no;yes;no;;Version;;バージョン;
View;;no;yes;no;;View;;表示;
View all;;no;yes;no;;View all;;すべて表示;
View my received feedback;;no;yes;no;;View my received feedback;;受信したフィードバックを表示;
View review;;no;yes;no;;View review;;レビューを表示;
Visibility;;no;yes;no;;Visibility;;表示/非表示;
Weight;;no;yes;no;;Weight;;重み付け;
Weighted score;;no;yes;no;;Weighted score;;加重スコア;
Widget settings;;no;yes;no;;Widget settings;;ウィジェット設定;
Work country;;no;yes;no;;Work country;;勤務国;
Workbench;;no;yes;no;;Workbench;;ワークベンチ;
Worker;;no;yes;no;;Worker;;従業員;
Worker & manager;;no;yes;no;;Worker & manager;;社員とマネージャー;
Worker ID;;no;yes;no;;Worker ID;;作業者ID;
Worker category;;no;yes;no;;Worker category;;従業員カテゴリ;
Worker details;;no;yes;no;;Worker details;;社員の詳細;
Worker name;;no;yes;no;;Worker name;;社員名;
Worker self-assessment;;no;yes;no;;Worker self-assessment;;従業員自己アセスメント;
Worker sign-off;;no;yes;no;;Worker sign-off;;社員の承認;
Worker submission;;no;yes;no;;Worker submission;;従業員による送信;
Workers;;no;yes;no;;Workers;;従業員;
Workflow;;no;yes;no;;Workflow;;ワークフロー;
Workflow section;;no;yes;no;;Workflow section;;ワークフローセクション;
Workflow status;;no;yes;no;;Workflow status;;ワークフローのステータス;
Workflow step;;no;yes;no;;Workflow step;;ワークフローステップ;
Workflow steps;;no;yes;no;;Workflow steps;;ワークフローステップ;
Workflow type;;no;yes;no;;Workflow type;;ワークフロータイプ;
Write;;no;yes;no;;Write;;書き込み;
Year;;no;yes;no;;Year;;年;
Years;;no;yes;no;;Years;;年数;
Your comment;;no;yes;no;;Your comment;;あなたのコメント;
Your documents;;no;yes;no;;Your documents;;あなたのドキュメント;
Your email;;no;yes;no;;Your email;;あなたの電子メール;
Your observations;;no;yes;no;;Your observations;;あなたからの目撃情報;
Your view;;no;yes;no;;Your view;;あなたの見解;
