term;description;casesensitive;translatable;forbidden;tags;en-US;en-US_description;th-TH;th-TH_description
About;;no;yes;no;;About;;เกี่ยวกับ;
About my team;;no;yes;no;;About my team;;เกี่ยวกับทีมของฉัน;
Absence;;no;yes;no;;Absence;;การขาดงาน;
Accept;;no;yes;no;;Accept;;ยอมรับ;
Accepted;;no;yes;no;;Accepted;;ยอมรับแล้ว;
Account;;no;yes;no;;Account;;บัญชี;
Achievement;;no;yes;no;;Achievement;;ความสำเร็จ;
Achievement summary;;no;yes;no;;Achievement summary;;สรุปผลงาน;
Action;;no;yes;no;;Action;;การดำเนินการ;
Action required;;no;yes;no;;Action required;;ต้องดำเนินการ;
Actions;;no;yes;no;;Actions;;การดำเนินการ;
Actions required;;no;yes;no;;Actions required;;ต้องดำเนินการ;
Activate;;no;yes;no;;Activate;;เปิดการใช้งาน;
Active;;no;yes;no;;Active;;ใช้งานอยู่;
Active users;;no;yes;no;;Active users;;ผู้ใช้งานที่ใช้งานอยู่;
Actor;;no;yes;no;;Actor;;ผู้ปฏิบัติงาน;
Add;;no;yes;no;;Add;;เพิ่ม;
Add all;;no;yes;no;;Add all;;เพิ่มทั้งหมด;
Add all company;;no;yes;no;;Add all company;;เพิ่มบริษัททั้งหมด;
Add all organizational units;;no;yes;no;;Add all organizational units;;เพิ่มหน่วยงานทั้งหมด;
Add condition;;no;yes;no;;Add condition;;เพิ่มเงื่อนไข;
Add feedback note;;no;yes;no;;Add feedback note;;ร่างฟีดแบค;
Add field;;no;yes;no;;Add field;;เพิ่มฟิลด์;
Add mapping;;no;yes;no;;Add mapping;;เพิ่มการแม็ป;
Add note;;no;yes;no;;Add note;;เพิ่มหมายเหตุ;
Add question;;no;yes;no;;Add question;;เพิ่มคำถาม;
Add skills;;no;yes;no;;Add skills;;เพิ่มทักษะ;
Add step;;no;yes;no;;Add step;;เพิ่มขั้นตอน;
Addition;;no;yes;no;;Addition;;ส่วนเพิ่ม;
Additional Managers;;no;yes;no;;Additional Managers;;หัวหน้างานเพิ่มเติม;
Additional goal description;;no;yes;no;;Additional goal description;;คำอธิบายเป้าหมายเพิ่มเติม;
Additional information;;no;yes;no;;Additional information;;ข้อมูลเพิ่มเติม;
Additional manager;;no;yes;no;;Additional manager;;ผู้จัดการเพิ่มเติม;
Additional managers;;no;yes;no;;Additional managers;;หัวหน้างานเพิ่มเติม;
Additional review;;no;yes;no;;Additional review;;การประเมินผลงานเพิ่มเติม;
Administration;;no;yes;no;;Administration;;การบริหารจัดการ;
Advanced;;no;yes;no;;Advanced;;ขั้นสูง;
After;;no;yes;no;;After;;หลังจาก;
Agenda;;no;yes;no;;Agenda;;กำหนดการ;
Alert;;no;yes;no;;Alert;;การแจ้งเตือน;
Alerts;;no;yes;no;;Alerts;;การแจ้งเตือน;
Aligned with goal;;no;yes;no;;Aligned with goal;;สอดคล้องกับเป้าหมาย;
Alignment;;no;yes;no;;Alignment;;การปรับให้สอดคล้องกัน;
All company;;no;yes;no;;All company;;บริษัททั้งหมด;
All criteria;;no;yes;no;;All criteria;;เกณฑ์ทั้งหมด;
All locations;;no;yes;no;;All locations;;ที่ตั้งทั้งหมด;
All organizational units;;no;yes;no;;All organizational units;;หน่วยงานขององค์กรทั้งหมด;
All participants;;no;yes;no;;All participants;;ผู้เข้าร่วมทุกคน;
All results;;no;yes;no;;All results;;ผลลัพธ์ทั้งหมด;
All roles;;no;yes;no;;All roles;;บทบาททั้งหมด;
All updates;;no;yes;no;;All updates;;การอัปเดตทั้งหมด;
Analyses;;no;yes;no;;Analyses;;การวิเคราะห์;
Analysis;;no;yes;no;;Analysis;;การวิเคราะห์;
Analytics;;no;yes;no;;Analytics;;การวิเคราะห์;
Anonymization;;no;yes;no;;Anonymization;;การไม่ระบุตัวตน;
Answer type;;no;yes;no;;Answer type;;ประเภทคำตอบ;
Anyone;;no;yes;no;;Anyone;;บุคคลใดก็ได้;
Anyone in the company;;no;yes;no;;Anyone in the company;;บุคคลใดก็ได้ในบริษัท;
Appearance;;no;yes;no;;Appearance;;ลักษณะภายนอก;
Apply;;no;yes;no;;Apply;;นำมาใช้;
Apply filters;;no;yes;no;;Apply filters;;ใช้ตัวกรอง;
Approve;;no;yes;no;;Approve;;อนุมัติ;
Approved;;no;yes;no;;Approved;;อนุมัติแล้ว;
Archived;;no;yes;no;;Archived;;เก็บถาวร;
Assign;;no;yes;no;;Assign;;กำหนด;
Assign to;;no;yes;no;;Assign to;;มอบหมายให้;
Assigned;;no;yes;no;;Assigned;;มอบหมายแล้ว;
Assigned reviews;;no;yes;no;;Assigned reviews;;การตรวจสอบที่ได้รับมอบหมาย;
Assigned to;;no;yes;no;;Assigned to;;มอบหมายให้;
Assignment;;no;yes;no;;Assignment;;งานที่มอบหมาย;
Assignment permissions;;no;yes;no;;Assignment permissions;;สิทธิ์การอนุญาตการมอบหมาย;
At least one number;;no;yes;no;;At least one number;;อย่างน้อยหนึ่งหมายเลข;
At risk;;no;yes;no;;At risk;;มีความเสี่ยง;
Attached document;;no;yes;no;;Attached document;;เอกสารที่แนบมา;
Attachments;;no;yes;no;;Attachments;;สิ่งที่แนบมา;
Audit;;no;yes;no;;Audit;;การประเมินผลงาน;
Audit trail;;no;yes;no;;Audit trail;;เส้นทางการตรวจสอบ;
Auto-suggestion;;no;yes;no;;Auto-suggestion;;คำแนะนำอัตโนมัติ;
Available;;no;yes;no;;Available;;พร้อมใช้งาน;
Average score;;no;yes;no;;Average score;;คะแนนเฉลี่ย;
Average total score;;no;yes;no;;Average total score;;คะแนนรวมเฉลี่ย;
Avg. word count;;no;yes;no;;Avg. word count;;จำนวนคำเฉลี่ย;
Back;;no;yes;no;;Back;;กลับ;
Basic Information;;no;yes;no;;Basic Information;;ข้อมูลพื้นฐาน;
Basic information;;no;yes;no;;Basic information;;ข้อมูลพื้นฐาน;
Before;;no;yes;no;;Before;;ก่อน;
Behavior;;no;yes;no;;Behavior;;พฤติกรรม;
Behavior libraries;;no;yes;no;;Behavior libraries;;ไลบรารีพฤติกรรม;
Behavior library;;no;yes;no;;Behavior library;;คลังพฤติกรรม;
Behavior profile;;no;yes;no;;Behavior profile;;โปรไฟล์พฤติกรรม;
Behavior wheel;;no;yes;no;;Behavior wheel;;วงล้อพฤติกรรม;
Behaviors;;no;yes;no;;Behaviors;;พฤติกรรม;
Behaviors sent;;no;yes;no;;Behaviors sent;;พฤติกรรมที่ส่งแล้ว;
Benchmarking;;no;yes;no;;Benchmarking;;การเปรียบเทียบมาตรฐาน;
Blank values;;no;yes;no;;Blank values;;ค่าว่าง;
Blocked;;no;yes;no;;Blocked;;ถูกบล็อค;
Bonus;;no;yes;no;;Bonus;;โบนัส;
Bonus Plans;;no;yes;no;;Bonus Plans;;แผนโบนัส;
Bonus amount;;no;yes;no;;Bonus amount;;จำนวนโบนัส;
Bonus calculation equation;;no;yes;no;;Bonus calculation equation;;สมการคำนวณโบนัส;
Bonus calculation formula;;no;yes;no;;Bonus calculation formula;;สูตรการคำนวณโบนัส;
Bonus plan;;no;yes;no;;Bonus plan;;แผนโบนัส;
Bonus plans;;no;yes;no;;Bonus plans;;แผนโบนัส;
Boolean;;no;yes;no;;Boolean;;บูลีน;
Budget;;no;yes;no;;Budget;;งบประมาณ;
Budget rule;;no;yes;no;;Budget rule;;กฎงบประมาณ;
Builder;;no;yes;no;;Builder;;ตัวสร้าง;
Business;;no;yes;no;;Business;;ธุรกิจ;
Calculated;;no;yes;no;;Calculated;;คำนวณแล้ว;
Calculated bonus;;no;yes;no;;Calculated bonus;;โบนัสที่คำนวณแล้ว;
Calculated column;;no;yes;no;;Calculated column;;คอลัมน์ที่คำนวณแล้ว;
Calculation workspace;;no;yes;no;;Calculation workspace;;พื้นที่ทำงานการคำนวณ;
Calibration;;no;yes;no;;Calibration;;การสอบเทียบ;
Can edit;;no;yes;no;;Can edit;;สามารถแก้ไขได้;
Cancel;;no;yes;no;;Cancel;;ยกเลิก;
Canceled;;no;yes;no;;Canceled;;ยกเลิกแล้ว;
Career Development;;no;yes;no;;Career Development;;การพัฒนาอาชีพ;
Career Development Plans;;no;yes;no;;Career Development Plans;;แผนพัฒนาอาชีพ;
Career Development Settings;;no;yes;no;;Career Development Settings;;การตั้งค่าการพัฒนาอาชีพ;
Career development;;no;yes;no;;Career development;;แผนพัฒนาความก้าวหน้าในสายอาชีพ;
Career development plan;;no;yes;no;;Career development plan;;แผนพัฒนาสายอาชีพ;
Career development plans;;no;yes;no;;Career development plans;;แผนพัฒนาความก้าวหน้าในสายอาชีพ;
Career development settings;;no;yes;no;;Career development settings;;การตั้งค่าความก้าวหน้าในสายอาชีพ;
Career plan questionnaire;;no;yes;no;;Career plan questionnaire;;แบบสอบถามแผนอาชีพ;
Career plans;;no;yes;no;;Career plans;;แผนอาชีพ;
Categories;;no;yes;no;;Categories;;หมวดหมู่;
Category;;no;yes;no;;Category;;หมวดหมู่;
Challenge process;;no;yes;no;;Challenge process;;กระบวนการคัดค้าน;
Challenge review;;no;yes;no;;Challenge review;;คัดค้านการประเมินผลงาน;
Challenged;;no;yes;no;;Challenged;;คัดค้านแล้ว;
Change;;no;yes;no;;Change;;เปลี่ยน;
Change workflow step;;no;yes;no;;Change workflow step;;เปลี่ยนแปลงขั้นตอนเวิร์กโฟลว์;
Chat;;no;yes;no;;Chat;;แชต;
Check-Ins;;no;yes;no;;Check-Ins;;การเช็คอิน;
Check-in;;no;yes;no;;Check-in;;การเช็คอิน;
Check-in Details;;no;yes;no;;Check-in Details;;รายละเอียดการเช็กอิน;
Check-in Status;;no;yes;no;;Check-in Status;;สถานะการเช็กอิน;
Check-in date;;no;yes;no;;Check-in date;;วันที่เช็คอิน;
Check-in with;;no;yes;no;;Check-in with;;เช็คอินด้วย;
Check-ins;;no;yes;no;;Check-ins;;การเช็คอิน;
Check-ins created;;no;yes;no;;Check-ins created;;สร้างการเช็คอินแล้ว;
Choose one;;no;yes;no;;Choose one;;เลือกหนึ่งรายการ;
City;;no;yes;no;;City;;เมือง;
Clear;;no;yes;no;;Clear;;ล้าง;
Clear all;;no;yes;no;;Clear all;;ล้างทั้งหมด;
Clear all filters;;no;yes;no;;Clear all filters;;ล้างตัวกรองทั้งหมด;
Clear all filters & search;;no;yes;no;;Clear all filters & search;;ล้างตัวกรองและการค้นหาทั้งหมด;
Clear all filters and search;;no;yes;no;;Clear all filters and search;;ล้างตัวกรองทั้งหมดและค้นหา;
Clear filters;;no;yes;no;;Clear filters;;ล้างตัวกรอง;
Clear search;;no;yes;no;;Clear search;;ล้างการค้นหา;
Close;;no;yes;no;;Close;;ปิด;
Closed;;no;yes;no;;Closed;;ปิดแล้ว;
Closed without document;;no;yes;no;;Closed without document;;ปิดโดยไม่มีเอกสาร;
Code;;no;yes;no;;Code;;รหัส;
Collaborative;;no;yes;no;;Collaborative;;ร่วมมือ;
Collapse;;no;yes;no;;Collapse;;ไม่แสดง;
Color;;no;yes;no;;Color;;สี;
Column name;;no;yes;no;;Column name;;ชื่อคอลัมน์;
Columns;;no;yes;no;;Columns;;คอลัมน์;
Coming soon;;no;yes;no;;Coming soon;;เร็วๆ นี้;
Comm manager;;no;yes;no;;Comm manager;;ผู้จัดการฝ่ายสื่อสาร;
Comm round;;no;yes;no;;Comm round;;รอบการสื่อสาร;
Comment;;no;yes;no;;Comment;;ความคิดเห็น;
Comments;;no;yes;no;;Comments;;ความคิดเห็น;
Communication;;no;yes;no;;Communication;;การสื่อสาร;
Communication Rounds;;no;yes;no;;Communication Rounds;;รอบการสื่อสาร;
Communication manager;;no;yes;no;;Communication manager;;หัวหน้างานฝ่ายการสื่อสาร;
Communication manager name;;no;yes;no;;Communication manager name;;ชื่อหัวหน้างานฝ่ายการสื่อสาร;
Communication round;;no;yes;no;;Communication round;;รอบการสื่อสาร;
Communication rounds;;no;yes;no;;Communication rounds;;รอบการสื่อสาร;
Comp Rounds;;no;yes;no;;Comp Rounds;;รอบค่าตอบแทน;
Comp element;;no;yes;no;;Comp element;;องค์ประกอบผลตอบแทน;
Comp elements;;no;yes;no;;Comp elements;;องค์ประกอบผลตอบแทน;
Comp manager;;no;yes;no;;Comp manager;;ผู้จัดการค่าตอบแทน;
Comp managers;;no;yes;no;;Comp managers;;ผู้จัดการฝ่ายค่าตอบแทน;
Comp round;;no;yes;no;;Comp round;;รอบการจ่ายผลตอบแทน;
Comp round currency;;no;yes;no;;Comp round currency;;สกุลเงินสำหรับรอบการชดเชย;
Comp rounds;;no;yes;no;;Comp rounds;;รอบการจ่ายผลตอบแทน;
Comp tree;;no;yes;no;;Comp tree;;แผนภูมิผลตอบแทน;
Company;;no;yes;no;;Company;;บริษัท;
Company logo;;no;yes;no;;Company logo;;โลโก้บริษัท;
Company name;;no;yes;no;;Company name;;ชื่อบริษัท;
Compare;;no;yes;no;;Compare;;เปรียบเทียบ;
Compensation;;no;yes;no;;Compensation;;ผลตอบแทน;
Compensation Element;;no;yes;no;;Compensation Element;;องค์ประกอบผลตอบแทน;
Compensation History;;no;yes;no;;Compensation History;;ประวัติการจ่ายผลตอบแทน;
Compensation Management;;no;yes;no;;Compensation Management;;การจัดการค่าตอบแทน;
Compensation Rounds;;no;yes;no;;Compensation Rounds;;รอบการจ่ายผลตอบแทน;
Compensation element;;no;yes;no;;Compensation element;;องค์ประกอบผลตอบแทน;
Compensation elements;;no;yes;no;;Compensation elements;;องค์ประกอบค่าตอบแทน;
Compensation field;;no;yes;no;;Compensation field;;ฟิลด์ค่าตอบแทน;
Compensation framework;;no;yes;no;;Compensation framework;;กรอบงานผลตอบแทน;
Compensation history;;no;yes;no;;Compensation history;;ประวัติการจ่ายผลตอบแทน;
Compensation manager;;no;yes;no;;Compensation manager;;หัวหน้างานฝ่ายผลตอบแทน;
Compensation philosophy;;no;yes;no;;Compensation philosophy;;ปรัชญาการให้ค่าตอบแทน;
Compensation rounds;;no;yes;no;;Compensation rounds;;รอบการชดเชย;
Competency Scales;;no;yes;no;;Competency Scales;;มาตราวัดความสามารถ;
Competency scale;;no;yes;no;;Competency scale;;ระดับความสามารถ;
Complete;;no;yes;no;;Complete;;เสร็จสิ้น;
Completed;;no;yes;no;;Completed;;เสร็จสมบูรณ์;
Completion;;no;yes;no;;Completion;;เสร็จสมบูรณ์;
Completion rate;;no;yes;no;;Completion rate;;อัตราการเสร็จสมบูรณ์;
Concatenated fields;;no;yes;no;;Concatenated fields;;ฟิลด์แบบต่อเนื่องกัน;
Conditional;;no;yes;no;;Conditional;;มีเงื่อนไข;
Conditional formatting;;no;yes;no;;Conditional formatting;;การจัดรูปแบบตามเงื่อนไข;
Config;;no;yes;no;;Config;;การกำหนดค่า;
Configuration;;no;yes;no;;Configuration;;การกำหนดค่า;
Confirm;;no;yes;no;;Confirm;;ยืนยัน;
Confirm deletion;;no;yes;no;;Confirm deletion;;ยืนยันการลบ;
Confirmation;;no;yes;no;;Confirmation;;การยืนยัน;
Connection name;;no;yes;no;;Connection name;;ชื่อการเชื่อมต่อ;
Constructive;;no;yes;no;;Constructive;;สร้างสรรค์;
Contains;;no;yes;no;;Contains;;ประกอบด้วย;
Continue;;no;yes;no;;Continue;;ดำเนินการต่อ;
Continue editing;;no;yes;no;;Continue editing;;ดำเนินการแก้ไขต่อ;
Contract type;;no;yes;no;;Contract type;;ประเภทสัญญา;
Conversation & publication;;no;yes;no;;Conversation & publication;;การสนทนาและการเผยแพร่;
Copy;;no;yes;no;;Copy;;คัดลอก;
Cost Center;;no;yes;no;;Cost Center;;ศูนย์ต้นทุน;
Cost center;;no;yes;no;;Cost center;;ศูนย์ต้นทุน;
Count;;no;yes;no;;Count;;จำนวน;
Country;;no;yes;no;;Country;;ประเทศ;
Create;;no;yes;no;;Create;;สร้าง;
Create check-in;;no;yes;no;;Create check-in;;สร้างการเช็คอิน;
Create communication round;;no;yes;no;;Create communication round;;สร้างรอบการสื่อสาร;
Create document;;no;yes;no;;Create document;;สร้างเอกสาร;
Create goal;;no;yes;no;;Create goal;;สร้างเป้าหมาย;
Create goal plan;;no;yes;no;;Create goal plan;;สร้างแผนเป้าหมาย;
Create goal type;;no;yes;no;;Create goal type;;สร้างประเภทเป้าหมาย;
Create model;;no;yes;no;;Create model;;สร้างโมเดล;
Create performance review;;no;yes;no;;Create performance review;;สร้างการประเมินผลงาน;
Create rule;;no;yes;no;;Create rule;;สร้างกฎ;
Created;;no;yes;no;;Created;;สร้างแล้ว;
Created by;;no;yes;no;;Created by;;สร้างโดย;
Created date;;no;yes;no;;Created date;;วันที่สร้าง;
Created on;;no;yes;no;;Created on;;สร้างเมื่อ;
Creation date;;no;yes;no;;Creation date;;วันที่สร้าง;
Creator;;no;yes;no;;Creator;;ผู้สร้าง;
Criteria;;no;yes;no;;Criteria;;เกณฑ์;
Criteria blocks;;no;yes;no;;Criteria blocks;;บล็อกเกณฑ์;
Criterion;;no;yes;no;;Criterion;;เกณฑ์;
Currency;;no;yes;no;;Currency;;สกุลเงิน;
Currency Settings;;no;yes;no;;Currency Settings;;การตั้งค่าสกุลเงิน;
Currency field;;no;yes;no;;Currency field;;ช่องสกุลเงิน;
Currency source;;no;yes;no;;Currency source;;แหล่งที่มาของสกุลเงิน;
Current;;no;yes;no;;Current;;ปัจจุบัน;
Current manager;;no;yes;no;;Current manager;;ผู้จัดการปัจจุบัน;
Custom;;no;yes;no;;Custom;;กำหนดเอง;
Custom Entities;;no;yes;no;;Custom Entities;;เอนทิตีแบบกำหนดเอง;
Custom Fields;;no;yes;no;;Custom Fields;;ฟิลด์ที่กำหนดเอง;
Custom column;;no;yes;no;;Custom column;;คอลัมน์ที่กำหนดเอง;
Custom criteria;;no;yes;no;;Custom criteria;;เกณฑ์ที่กำหนดเอง;
Custom entities;;no;yes;no;;Custom entities;;เอนทิตีแบบกำหนดเอง;
Custom fields;;no;yes;no;;Custom fields;;ฟิลด์ที่กำหนดเอง;
Custom section;;no;yes;no;;Custom section;;ส่วนที่กำหนดเอง;
Custom widget;;no;yes;no;;Custom widget;;วิดเจ็ตกำหนดเอง;
Data Entities & Sources;;no;yes;no;;Data Entities & Sources;;เอนทิตีและแหล่งที่มาของข้อมูล;
Data Foundation;;no;yes;no;;Data Foundation;;มูลนิธิข้อมูล;
Data Management;;no;yes;no;;Data Management;;การจัดการข้อมูล;
Data Modeler;;no;yes;no;;Data Modeler;;ผู้สร้างแบบจำลองข้อมูล;
Data Privacy;;no;yes;no;;Data Privacy;;ความเป็นส่วนตัวของข้อมูล;
Data Retention;;no;yes;no;;Data Retention;;การเก็บรักษาข้อมูล;
Data Upload;;no;yes;no;;Data Upload;;อัปโหลดข้อมูล;
Data entities & sources;;no;yes;no;;Data entities & sources;;เอนทิตีข้อมูลและแหล่งข้อมูล;
Data foundation;;no;yes;no;;Data foundation;;มูลนิธิข้อมูล;
Data management;;no;yes;no;;Data management;;การจัดการข้อมูล;
Data model;;no;yes;no;;Data model;;โมเดลข้อมูล;
Data privacy;;no;yes;no;;Data privacy;;ความเป็นส่วนตัวของข้อมูล;
Data privacy statement;;no;yes;no;;Data privacy statement;;คำชี้แจงความเป็นส่วนตัวของข้อมูล;
Data retention period;;no;yes;no;;Data retention period;;ระยะเวลาเก็บรักษาข้อมูล;
Data scope;;no;yes;no;;Data scope;;ขอบเขตข้อมูล;
Data source;;no;yes;no;;Data source;;แหล่งข้อมูล;
Dataset;;no;yes;no;;Dataset;;ชุดข้อมูล;
Date;;no;yes;no;;Date;;วันที่;
Date & Time;;no;yes;no;;Date & Time;;วันที่และเวลา;
Date & time;;no;yes;no;;Date & time;;วันที่และเวลา;
Date to;;no;yes;no;;Date to;;วันที่ถึง;
Days;;no;yes;no;;Days;;วัน;
Deactivate;;no;yes;no;;Deactivate;;ปิดการใช้งาน;
Deactivated;;no;yes;no;;Deactivated;;ปิดการใช้งานแล้ว;
Deactivated user;;no;yes;no;;Deactivated user;;ผู้ใช้ที่ถูกปิดใช้งาน;
Deactivation;;no;yes;no;;Deactivation;;การปิดใช้งาน;
Deadline status;;no;yes;no;;Deadline status;;สถานะกำหนดเวลา;
Decimal;;no;yes;no;;Decimal;;ทศนิยม;
Decimal precision;;no;yes;no;;Decimal precision;;ความแม่นยำทศนิยม;
Default;;no;yes;no;;Default;;ค่าเริ่มต้น;
Default beqom logo;;no;yes;no;;Default beqom logo;;โลโก้ Beqom เริ่มต้น;
Default value;;no;yes;no;;Default value;;ค่าเริ่มต้น;
Delete;;no;yes;no;;Delete;;ลบ;
Delete all;;no;yes;no;;Delete all;;ลบทั้งหมด;
Delete comment;;no;yes;no;;Delete comment;;ลบความคิดเห็น;
Delete goal;;no;yes;no;;Delete goal;;ลบเป้าหมาย;
Delete note;;no;yes;no;;Delete note;;ลบหมายเหตุ;
Delete rule;;no;yes;no;;Delete rule;;ลบกฎ;
Delete selected;;no;yes;no;;Delete selected;;ลบรายการที่เลือก;
Deleted;;no;yes;no;;Deleted;;ลบแล้ว;
Deleted by;;no;yes;no;;Deleted by;;ลบโดย;
Deletion;;no;yes;no;;Deletion;;การลบ;
Deliverable;;no;yes;no;;Deliverable;;สิ่งที่ส่งมอบ;
Deliverables;;no;yes;no;;Deliverables;;สิ่งที่ส่งมอบ;
Demographic;;no;yes;no;;Demographic;;ข้อมูลประชากร;
Demographics;;no;yes;no;;Demographics;;ข้อมูลประชากร;
Department;;no;yes;no;;Department;;แผนก;
Description;;no;yes;no;;Description;;คำอธิบาย;
Desktop;;no;yes;no;;Desktop;;เดสก์ท็อป;
Details;;no;yes;no;;Details;;รายละเอียด;
Development;;no;yes;no;;Development;;การพัฒนา;
Development plans;;no;yes;no;;Development plans;;แผนพัฒนาการ;
Digital reward statement;;no;yes;no;;Digital reward statement;;ใบแจ้งยอดรางวัลดิจิทัล;
Direct Reports;;no;yes;no;;Direct Reports;;ผู้ใต้บังคับบัญชา;
Direct report;;no;yes;no;;Direct report;;ผู้ใต้บังคับบัญชา;
Direct reports;;no;yes;no;;Direct reports;;ผู้ใต้บังคับบัญชา;
Direction;;no;yes;no;;Direction;;ทิศทาง;
Disable;;no;yes;no;;Disable;;ปิดใช้งาน;
Disabled;;no;yes;no;;Disabled;;ปิดใช้งานแล้ว;
Discard;;no;yes;no;;Discard;;ทิ้ง;
Discussion;;no;yes;no;;Discussion;;การสนทนา;
Discussion outcome;;no;yes;no;;Discussion outcome;;ผลการหารือ;
Discussion point;;no;yes;no;;Discussion point;;ประเด็นการสนทนา;
Discussion points;;no;yes;no;;Discussion points;;หัวข้อการสนทนา;
Display name;;no;yes;no;;Display name;;ชื่อที่แสดง;
Distribution;;no;yes;no;;Distribution;;การกระจาย;
Distribution guidelines;;no;yes;no;;Distribution guidelines;;แนวทางการกระจาย;
Document Settings;;no;yes;no;;Document Settings;;การตั้งค่าเอกสาร;
Document Templates;;no;yes;no;;Document Templates;;แม่แบบเอกสาร;
Document generation;;no;yes;no;;Document generation;;การสร้างเอกสาร;
Document name;;no;yes;no;;Document name;;ชื่อเอกสาร;
Document preview;;no;yes;no;;Document preview;;แสดงตัวอย่างเอกสาร;
Document review;;no;yes;no;;Document review;;การประเมินผลงานด้วยอกสาร;
Document settings;;no;yes;no;;Document settings;;การตั้งค่าเอกสาร;
Document status;;no;yes;no;;Document status;;สถานะเอกสาร;
Document template;;no;yes;no;;Document template;;แม่แบบเอกสาร;
Documents;;no;yes;no;;Documents;;เอกสาร;
Done;;no;yes;no;;Done;;เสร็จสิ้น;
Download;;no;yes;no;;Download;;ดาวน์โหลด;
Download CSV;;no;yes;no;;Download CSV;;ดาวน์โหลด CSV;
Download log file;;no;yes;no;;Download log file;;ดาวน์โหลดไฟล์บันทึก;
Download template;;no;yes;no;;Download template;;ดาวน์โหลดเทมเพลต;
Download the template;;no;yes;no;;Download the template;;ดาวน์โหลดเทมเพลต;
Draft;;no;yes;no;;Draft;;แบบร่าง;
Drop-down list;;no;yes;no;;Drop-down list;;รายการดรอปดาวน์;
Due date;;no;yes;no;;Due date;;วันที่ครบกำหนด;
Duplicate;;no;yes;no;;Duplicate;;ทำซ้ำ;
Duplication successful;;no;yes;no;;Duplication successful;;ทำซ้ำสำเร็จ;
Edit;;no;yes;no;;Edit;;แก้ไข;
Edit goal;;no;yes;no;;Edit goal;;แก้ไขเป้าหมาย;
Edit model;;no;yes;no;;Edit model;;แก้ไขโมเดล;
Edit note;;no;yes;no;;Edit note;;แก้ไขหมายเหตุ;
Edited;;no;yes;no;;Edited;;แก้ไขแล้ว;
Editor;;no;yes;no;;Editor;;บรรณาธิการ;
Education;;no;yes;no;;Education;;การศึกษา;
Effective date;;no;yes;no;;Effective date;;วันที่มีผลบังคับใช้;
Eligibility;;no;yes;no;;Eligibility;;คุณสมบัติ;
Eligible;;no;yes;no;;Eligible;;มีสิทธิ์;
Eligible workers;;no;yes;no;;Eligible workers;;พนักงานที่มีคุณสมบัติเหมาะสม;
Else;;no;yes;no;;Else;;อื่นๆ;
Email;;no;yes;no;;Email;;อีเมล;
Email Notifications;;no;yes;no;;Email Notifications;;การแจ้งเตือนทางอีเมล;
Email address;;no;yes;no;;Email address;;ที่อยู่อีเมล;
Email notification;;no;yes;no;;Email notification;;การแจ้งเตือนทางอีเมล;
Email notifications;;no;yes;no;;Email notifications;;การแจ้งเตือนทางอีเมล;
Email subject;;no;yes;no;;Email subject;;หัวข้ออีเมล;
Employment;;no;yes;no;;Employment;;การจ้างงาน;
Empty;;no;yes;no;;Empty;;ว่างเปล่า;
Enable;;no;yes;no;;Enable;;เปิดใช้งาน;
Enable Feedback;;no;yes;no;;Enable Feedback;;เปิดใช้งานข้อเสนอแนะ;
End date;;no;yes;no;;End date;;วันที่สิ้นสุด;
Endorsed;;no;yes;no;;Endorsed;;รับรองแล้ว;
Enter;;no;yes;no;;Enter;;ป้อน;
Enter a name;;no;yes;no;;Enter a name;;ป้อนชื่อ;
Enter text;;no;yes;no;;Enter text;;กรอกข้อความ;
Entities;;no;yes;no;;Entities;;เอนทิตี;
Entities & fields;;no;yes;no;;Entities & fields;;เอนทิตีและฟิลด์;
Entity;;no;yes;no;;Entity;;เอนทิตี;
Entity details;;no;yes;no;;Entity details;;รายละเอียดเอนทิตี;
Entity enum;;no;yes;no;;Entity enum;;ค่า enum ของเอนทิตี;
Entity name;;no;yes;no;;Entity name;;ชื่อเอนทิตี;
Enum;;no;yes;no;;Enum;;เอนัม;
Equal to;;no;yes;no;;Equal to;;เท่ากับ;
Equity;;no;yes;no;;Equity;;ทุน;
Error;;no;yes;no;;Error;;ข้อผิดพลาด;
Errors;;no;yes;no;;Errors;;ข้อผิดพลาด;
Evaluation section;;no;yes;no;;Evaluation section;;ส่วนของการประเมิน;
Examples;;no;yes;no;;Examples;;ตัวอย่าง;
Exchange Rates;;no;yes;no;;Exchange Rates;;อัตราแลกเปลี่ยน;
Exchange rate;;no;yes;no;;Exchange rate;;อัตราแลกเปลี่ยน;
Exchange rate type;;no;yes;no;;Exchange rate type;;ประเภทอัตราแลกเปลี่ยน;
Exchange rates;;no;yes;no;;Exchange rates;;อัตราแลกเปลี่ยน;
Exclude;;no;yes;no;;Exclude;;ไม่รวม;
Exclude individuals;;no;yes;no;;Exclude individuals;;ยกเว้นบุคคล;
Excluded;;no;yes;no;;Excluded;;ยกเว้น;
Exit;;no;yes;no;;Exit;;ออก;
Exit without saving;;no;yes;no;;Exit without saving;;ออกโดยไม่บันทึก;
Expand;;no;yes;no;;Expand;;ขยาย;
Experience;;no;yes;no;;Experience;;ประสบการณ์;
Export;;no;yes;no;;Export;;ส่งออก;
Expression;;no;yes;no;;Expression;;การแสดงออก;
Expression formula;;no;yes;no;;Expression formula;;สูตรนิพจน์;
External;;no;yes;no;;External;;ภายนอก;
Failed;;no;yes;no;;Failed;;ล้มเหลว;
Favorite;;no;yes;no;;Favorite;;รายการโปรด;
Favorite feedback;;no;yes;no;;Favorite feedback;;ข้อเสนอแนะที่ชื่นชอบ;
Feature;;no;yes;no;;Feature;;คุณสมบัติ;
Feature Enablement;;no;yes;no;;Feature Enablement;;การเปิดใช้งานคุณสมบัติ;
Feature enablement;;no;yes;no;;Feature enablement;;การเปิดใช้งานฟีเจอร์;
Features;;no;yes;no;;Features;;คุณสมบัติ;
Feedback;;no;yes;no;;Feedback;;ฟีดแบค;
Feedback Ratings;;no;yes;no;;Feedback Ratings;;การให้คะแนนคำติชม;
Feedback from;;no;yes;no;;Feedback from;;ฟีดแบคจาก;
Feedback insights;;no;yes;no;;Feedback insights;;ข้อมูลเชิงลึกจากฟีดแบค;
Feedback note;;no;yes;no;;Feedback note;;หมายเหตุฟีดแบค;
Feedback notes;;no;yes;no;;Feedback notes;;บันทึกข้อเสนอแนะ;
Feedback rating;;no;yes;no;;Feedback rating;;คะแนนข้อเสนอแนะ;
Feedback received;;no;yes;no;;Feedback received;;ฟีดแบคที่ได้รับ;
Feedback request;;no;yes;no;;Feedback request;;คำขอฟีดแบค;
Feedback requested;;no;yes;no;;Feedback requested;;ฟีดแบคที่ขอ;
Feedback requests;;no;yes;no;;Feedback requests;;คำขอข้อเสนอแนะ;
Feedback sent;;no;yes;no;;Feedback sent;;ส่งฟีดแบคแล้ว;
Feedback sent to;;no;yes;no;;Feedback sent to;;ส่งฟีดแบคไปที่;
Field;;no;yes;no;;Field;;ฟิลด์;
Field name;;no;yes;no;;Field name;;ชื่อฟิลด์;
Fields;;no;yes;no;;Fields;;ฟิลด์;
Fields used;;no;yes;no;;Fields used;;ฟิลด์ที่ใช้;
File name;;no;yes;no;;File name;;ชื่อไฟล์;
File upload;;no;yes;no;;File upload;;อัปโหลดไฟล์;
Fill in the necessary details;;no;yes;no;;Fill in the necessary details;;กรอกข้อมูลที่จำเป็น;
Filter;;no;yes;no;;Filter;;ตัวกรอง;
Filters;;no;yes;no;;Filters;;ตัวกรอง;
Final;;no;yes;no;;Final;;สิ้นสุด;
Final Validation;;no;yes;no;;Final Validation;;การตรวจสอบความถูกต้องขั้นสุดท้าย;
Final validation;;no;yes;no;;Final validation;;การตรวจสอบความถูกต้องขั้นสุดท้าย;
Fixed;;no;yes;no;;Fixed;;คงที่;
For managers;;no;yes;no;;For managers;;สำหรับหัวหน้างาน;
For workers;;no;yes;no;;For workers;;สำหรับพนักงาน;
Formula;;no;yes;no;;Formula;;สูตร;
From;;no;yes;no;;From;;จาก;
Full name;;no;yes;no;;Full name;;ชื่อสกุล;
Functions;;no;yes;no;;Functions;;ฟังก์ชัน;
General;;no;yes;no;;General;;ทั่วไป;
General information;;no;yes;no;;General information;;ข้อมูลทั่วไป;
Generate;;no;yes;no;;Generate;;สร้าง;
Generate PDF;;no;yes;no;;Generate PDF;;สร้าง PDF;
Generated;;no;yes;no;;Generated;;สร้างขึ้น;
Generation date;;no;yes;no;;Generation date;;วันที่ผลิต;
Get started by creating one;;no;yes;no;;Get started by creating one;;เริ่มต้นด้วยการสร้างหนึ่งรายการ;
Give;;no;yes;no;;Give;;ให้;
Give feedback;;no;yes;no;;Give feedback;;ให้ฟีดแบค;
Global currency;;no;yes;no;;Global currency;;สกุลเงินสากล;
Global worker category;;no;yes;no;;Global worker category;;หมวดหมู่พนักงานระดับโลก;
Go to feedback;;no;yes;no;;Go to feedback;;ไปที่ฟีดแบค;
Goal;;no;yes;no;;Goal;;เป้าหมาย;
Goal Achievement;;no;yes;no;;Goal Achievement;;การบรรลุเป้าหมาย;
Goal Alignment;;no;yes;no;;Goal Alignment;;การปรับเป้าหมายให้สอดคล้องกัน;
Goal Details;;no;yes;no;;Goal Details;;รายละเอียดเป้าหมาย;
Goal ID;;no;yes;no;;Goal ID;;รหัสเป้าหมาย;
Goal Overview;;no;yes;no;;Goal Overview;;ภาพรวมเป้าหมาย;
Goal Plan;;no;yes;no;;Goal Plan;;แผนเป้าหมาย;
Goal Plans;;no;yes;no;;Goal Plans;;แผนเป้าหมาย;
Goal Status;;no;yes;no;;Goal Status;;สถานะเป้าหมาย;
Goal Tag Libraries;;no;yes;no;;Goal Tag Libraries;;ไลบรารีแท็กเป้าหมาย;
Goal Types;;no;yes;no;;Goal Types;;ประเภทเป้าหมาย;
Goal achievement;;no;yes;no;;Goal achievement;;การบรรลุเป้าหมาย;
Goal alignment;;no;yes;no;;Goal alignment;;การจัดตำแหน่งเป้าหมาย;
Goal creator;;no;yes;no;;Goal creator;;ผู้สร้างเป้าหมาย;
Goal details;;no;yes;no;;Goal details;;รายละเอียดเป้าหมาย;
Goal name;;no;yes;no;;Goal name;;ชื่อเป้าหมาย;
Goal overview;;no;yes;no;;Goal overview;;ภาพรวมเป้าหมาย;
Goal owner;;no;yes;no;;Goal owner;;เจ้าของเป้าหมาย;
Goal owner worker ID;;no;yes;no;;Goal owner worker ID;;รหัสพนักงานเจ้าของเป้าหมาย;
Goal period;;no;yes;no;;Goal period;;ช่วงเวลาเป้าหมาย;
Goal plan;;no;yes;no;;Goal plan;;แผนเป้าหมาย;
Goal plans;;no;yes;no;;Goal plans;;แผนเป้าหมาย;
Goal priority;;no;yes;no;;Goal priority;;ลำดับความสำคัญของเป้าหมาย;
Goal progress;;no;yes;no;;Goal progress;;ความคืบหน้าเป้าหมาย;
Goal status;;no;yes;no;;Goal status;;สถานะเป้าหมาย;
Goal tags;;no;yes;no;;Goal tags;;แท็กเป้าหมาย;
Goal title;;no;yes;no;;Goal title;;ชื่อเป้าหมาย;
Goal tracking status;;no;yes;no;;Goal tracking status;;สถานะการติดตามเป้าหมาย;
Goal type;;no;yes;no;;Goal type;;ประเภทเป้าหมาย;
Goal type weight;;no;yes;no;;Goal type weight;;ประเภทน้ำหนักของเป้าหมาย;
Goal types;;no;yes;no;;Goal types;;ประเภทเป้าหมาย;
Goal weight;;no;yes;no;;Goal weight;;น้ำหนักเป้าหมาย;
Goal workflow;;no;yes;no;;Goal workflow;;เวิร์กโฟลว์เป้าหมาย;
Goals;;no;yes;no;;Goals;;เป้าหมาย;
Goals aligned with this goal;;no;yes;no;;Goals aligned with this goal;;เป้าหมายที่สอดคล้องกับเป้าหมายนี้;
Grade;;no;yes;no;;Grade;;เกรด;
Grant date;;no;yes;no;;Grant date;;วันที่ได้รับสิทธิ์;
Grant proxy access;;no;yes;no;;Grant proxy access;;มอบสิทธิ์การเข้าถึงพร็อกซี;
Grants;;no;yes;no;;Grants;;การให้สิทธิ์;
Greater than;;no;yes;no;;Greater than;;มากกว่า;
Greater than or equal to;;no;yes;no;;Greater than or equal to;;มากกว่าหรือเท่ากับ;
Group name;;no;yes;no;;Group name;;ชื่อกลุ่ม;
Groups;;no;yes;no;;Groups;;กลุ่ม;
Guaranteed amount;;no;yes;no;;Guaranteed amount;;จำนวนที่รับประกัน;
Guaranteed amount rule;;no;yes;no;;Guaranteed amount rule;;กฎจำนวนเงินรับประกัน;
Guaranteed amounts;;no;yes;no;;Guaranteed amounts;;จำนวนที่รับประกัน;
Guideline;;no;yes;no;;Guideline;;แนวทางปฏิบัติ;
Guidelines;;no;yes;no;;Guidelines;;แนวทางปฏิบัติ;
HRBP approval;;no;yes;no;;HRBP approval;;การอนุมัติ HRBP;
HRBP review;;no;yes;no;;HRBP review;;การประเมินผลงาน HRBP;
Help;;no;yes;no;;Help;;ช่วยเหลือ;
Help tip;;no;yes;no;;Help tip;;เคล็ดลับวิธีใช้;
Helpful;;no;yes;no;;Helpful;;มีประโยชน์;
Hide;;no;yes;no;;Hide;;ซ่อน;
Hierarchy;;no;yes;no;;Hierarchy;;ลำดับชั้น;
High;;no;yes;no;;High;;สูง;
Historical Reviews;;no;yes;no;;Historical Reviews;;การประเมินผลงานในอดีต;
Historical compensation;;no;yes;no;;Historical compensation;;ค่าชดเชยย้อนหลัง;
Home;;no;yes;no;;Home;;หน้าหลัก;
Identifier;;no;yes;no;;Identifier;;ตัวระบุ;
Image;;no;yes;no;;Image;;ภาพ;
Import;;no;yes;no;;Import;;นำเข้า;
In progress;;no;yes;no;;In progress;;อยู่ระหว่างดำเนินการ;
In use;;no;yes;no;;In use;;กำลังใช้งาน;
Inactive;;no;yes;no;;Inactive;;ไม่ได้ใช้งาน;
Include;;no;yes;no;;Include;;รวม;
Included;;no;yes;no;;Included;;รวม;
Individual;;no;yes;no;;Individual;;รายบุคคล;
Individual goal;;no;yes;no;;Individual goal;;เป้าหมายรายบุคคล;
Individual goals;;no;yes;no;;Individual goals;;เป้าหมายรายบุคคล;
Individual view;;no;yes;no;;Individual view;;มุมมองรายบุคคล;
Individual workers;;no;yes;no;;Individual workers;;พนักงานรายบุคคล;
Individuals;;no;yes;no;;Individuals;;บุคคล;
Ingestion;;no;yes;no;;Ingestion;;การดึงข้อมูลเข้า;
Input;;no;yes;no;;Input;;อินพุต;
Insightful;;no;yes;no;;Insightful;;ข้อมูลเชิงลึก;
Insights;;no;yes;no;;Insights;;ข้อมูลเชิงลึก;
Inspiring;;no;yes;no;;Inspiring;;สร้างแรงบันดาลใจ;
Instant messaging address;;no;yes;no;;Instant messaging address;;ที่อยู่การส่งข้อความโต้ตอบแบบทันที;
Integer;;no;yes;no;;Integer;;จำนวนเต็ม;
Interface;;no;yes;no;;Interface;;อินเทอร์เฟซ;
Is PII;;no;yes;no;;Is PII;;คือ PII;
Is completed;;no;yes;no;;Is completed;;เสร็จสมบูรณ์แล้ว;
Is enabled;;no;yes;no;;Is enabled;;เปิดใช้งานแล้ว;
Is read;;no;yes;no;;Is read;;ถูกอ่านแล้ว;
Is required;;no;yes;no;;Is required;;จำเป็นต้องระบุ;
Job code;;no;yes;no;;Job code;;รหัสงาน;
Job level;;no;yes;no;;Job level;;ระดับงาน;
Job title;;no;yes;no;;Job title;;ชื่อตำแหน่งงาน;
Key dates;;no;yes;no;;Key dates;;วันที่สำคัญ;
Key deliverables;;no;yes;no;;Key deliverables;;สิ่งส่งมอบที่สำคัญ;
Label;;no;yes;no;;Label;;ป้ายกำกับ;
Language;;no;yes;no;;Language;;ภาษา;
Language code;;no;yes;no;;Language code;;รหัสภาษา;
Languages;;no;yes;no;;Languages;;ภาษา;
Last edited;;no;yes;no;;Last edited;;แก้ไขล่าสุด;
Last update;;no;yes;no;;Last update;;อัปเดตล่าสุด;
Last updated;;no;yes;no;;Last updated;;อัปเดตล่าสุด;
Learning;;no;yes;no;;Learning;;การเรียนรู้;
Leave of absence;;no;yes;no;;Leave of absence;;การลางาน;
Legal Entity;;no;yes;no;;Legal Entity;;นิติบุคคล;
Legal entity;;no;yes;no;;Legal entity;;นิติบุคคล;
Less than;;no;yes;no;;Less than;;น้อยกว่า;
Less than or equal to;;no;yes;no;;Less than or equal to;;น้อยกว่าหรือเท่ากับ;
Let's meet;;no;yes;no;;Let's meet;;มาพบปะกัน;
Library details;;no;yes;no;;Library details;;รายละเอียดไลบรารี;
Library name;;no;yes;no;;Library name;;ชื่อไลบรารี;
Limit;;no;yes;no;;Limit;;จำกัด;
Line manager;;no;yes;no;;Line manager;;หัวหน้างาน;
Linear curve;;no;yes;no;;Linear curve;;เส้นโค้งเชิงเส้น;
Link;;no;yes;no;;Link;;ลิงก์;
Local time;;no;yes;no;;Local time;;เวลาท้องถิ่น;
Local worker category;;no;yes;no;;Local worker category;;ประเภทพนักงานภายในประเทศ;
Localization;;no;yes;no;;Localization;;การแปลภาษา;
Location;;no;yes;no;;Location;;ที่ตั้ง;
Locations;;no;yes;no;;Locations;;สถานที่ตั้ง;
Logins;;no;yes;no;;Logins;;การเข้าสู่ระบบ;
Logins over time;;no;yes;no;;Logins over time;;การเข้าสู่ระบบตามช่วงเวลา;
Logout;;no;yes;no;;Logout;;ออกจากระบบ;
Low;;no;yes;no;;Low;;ต่ำ;
Main;;no;yes;no;;Main;;หลัก;
Main currency;;no;yes;no;;Main currency;;สกุลเงินหลัก;
Main group;;no;yes;no;;Main group;;กลุ่มหลัก;
Manage;;no;yes;no;;Manage;;จัดการ;
Manage users;;no;yes;no;;Manage users;;จัดการผู้ใช้;
Manager;;no;yes;no;;Manager;;หัวหน้างาน;
Manager + 1;;no;yes;no;;Manager + 1;;ผู้จัดการ + 1;
Manager ID;;no;yes;no;;Manager ID;;รหัสประจำตัวหัวหน้างาน;
Manager feedback;;no;yes;no;;Manager feedback;;ข้อเสนอแนะจากผู้จัดการ;
Manager name;;no;yes;no;;Manager name;;ชื่อผู้จัดการ;
Manager proposal;;no;yes;no;;Manager proposal;;ข้อเสนอของผู้จัดการ;
Manager review;;no;yes;no;;Manager review;;การประเมินโดยหัวหน้างาน;
Manager+1;;no;yes;no;;Manager+1;;ผู้จัดการ+1;
Managers;;no;yes;no;;Managers;;ผู้จัดการ;
Mandatory;;no;yes;no;;Mandatory;;บังคับ;
Manually;;no;yes;no;;Manually;;ด้วยตนเอง;
Mapping configuration;;no;yes;no;;Mapping configuration;;การกำหนดค่าการแมป;
Max target;;no;yes;no;;Max target;;เป้าหมายสูงสุด;
Max. score;;no;yes;no;;Max. score;;คะแนนสูงสุด;
Maximum;;no;yes;no;;Maximum;;สูงสุด;
Maximum outcome;;no;yes;no;;Maximum outcome;;ผลลัพธ์สูงสุด;
Maximum payout;;no;yes;no;;Maximum payout;;การจ่ายเงินสูงสุด;
Measurement;;no;yes;no;;Measurement;;การวัด;
Measurement criteria;;no;yes;no;;Measurement criteria;;เกณฑ์การวัดผล;
Medium;;no;yes;no;;Medium;;ปานกลาง;
Message;;no;yes;no;;Message;;ข้อความ;
Min target;;no;yes;no;;Min target;;เป้าหมายขั้นต่ำ;
Minimum;;no;yes;no;;Minimum;;ขั้นต่ำ;
Minimum outcome;;no;yes;no;;Minimum outcome;;ผลลัพธ์ขั้นต่ำ;
Model;;no;yes;no;;Model;;โมเดล;
Model description;;no;yes;no;;Model description;;คำอธิบายโมเดล;
Model details;;no;yes;no;;Model details;;รายละเอียดโมเดล;
Model features;;no;yes;no;;Model features;;คุณสมบัติของโมเดล;
Model name;;no;yes;no;;Model name;;ชื่อโมเดล;
Model type;;no;yes;no;;Model type;;ประเภทโมเดล;
Models;;no;yes;no;;Models;;โมเดล;
Moderation;;no;yes;no;;Moderation;;การกลั่นกรอง;
Moderation stage;;no;yes;no;;Moderation stage;;ขั้นตอนการกลั่นกรอง;
Month;;no;yes;no;;Month;;เดือน;
Months;;no;yes;no;;Months;;เดือน;
More;;no;yes;no;;More;;มากกว่า;
More details;;no;yes;no;;More details;;รายละเอียดเพิ่มเติม;
Move reviews;;no;yes;no;;Move reviews;;ย้ายการประเมินผลงาน;
Multiple;;no;yes;no;;Multiple;;หลายรายการ;
My behavior profile;;no;yes;no;;My behavior profile;;โปรไฟล์พฤติกรรมของฉัน;
My feedback;;no;yes;no;;My feedback;;ฟีดแบคของฉัน;
My goal;;no;yes;no;;My goal;;เป้าหมายของฉัน;
My goals;;no;yes;no;;My goals;;เป้าหมายของฉัน;
My note;;no;yes;no;;My note;;หมายเหตุของฉัน;
My review;;no;yes;no;;My review;;การประเมินผลงานของฉัน;
My reviews;;no;yes;no;;My reviews;;การตรวจสอบของฉัน;
Name;;no;yes;no;;Name;;ชื่อ;
New manager;;no;yes;no;;New manager;;ผู้จัดการคนใหม่;
New password;;no;yes;no;;New password;;รหัสผ่านใหม่;
Next;;no;yes;no;;Next;;ต่อไป;
Next step;;no;yes;no;;Next step;;ขั้นตอนต่อไป;
Nickname;;no;yes;no;;Nickname;;ชื่อเล่น;
No career development plans;;no;yes;no;;No career development plans;;ไม่มีแผนพัฒนาสายอาชีพ;
No check-ins;;no;yes;no;;No check-ins;;ไม่มีการเช็คอิน;
No comments yet;;no;yes;no;;No comments yet;;ยังไม่มีความคิดเห็น;
No compensation rounds;;no;yes;no;;No compensation rounds;;ไม่มีรอบการชดเชย;
No data;;no;yes;no;;No data;;ไม่มีข้อมูล;
No description;;no;yes;no;;No description;;ไม่มีคำอธิบาย;
No documents;;no;yes;no;;No documents;;ไม่มีเอกสาร;
No feedback;;no;yes;no;;No feedback;;ไม่มีฟีดแบค;
No goals;;no;yes;no;;No goals;;ไม่มีเป้าหมาย;
No goals yet;;no;yes;no;;No goals yet;;ยังไม่มีเป้าหมาย;
No messages yet;;no;yes;no;;No messages yet;;ยังไม่มีข้อความ;
No notes;;no;yes;no;;No notes;;ไม่มีหมายเหตุ;
No populations;;no;yes;no;;No populations;;ไม่มีประชากร;
No populations yet;;no;yes;no;;No populations yet;;ยังไม่มีประชากร;
No priority;;no;yes;no;;No priority;;ไม่มีลำดับความสำคัญ;
No questions;;no;yes;no;;No questions;;ไม่มีคำถาม;
No results;;no;yes;no;;No results;;ไม่มีผลลัพธ์;
No results found;;no;yes;no;;No results found;;ไม่พบผลลัพธ์;
No value;;no;yes;no;;No value;;ไม่มีค่า;
Non-conditional;;no;yes;no;;Non-conditional;;ไม่เป็นเงื่อนไข;
None;;no;yes;no;;None;;ไม่มี;
Not completed;;no;yes;no;;Not completed;;ยังไม่เสร็จสมบูรณ์;
Not empty;;no;yes;no;;Not empty;;ไม่ว่างเปล่า;
Not released;;no;yes;no;;Not released;;ยังไม่ได้เผยแพร่;
Not selected;;no;yes;no;;Not selected;;ไม่ได้เลือก;
Not started;;no;yes;no;;Not started;;ยังไม่ได้เริ่มต้น;
Not submitted;;no;yes;no;;Not submitted;;ยังไม่ได้ส่ง;
Note;;no;yes;no;;Note;;หมายเหตุ;
Notes;;no;yes;no;;Notes;;หมายเหตุ;
Notification bell;;no;yes;no;;Notification bell;;กระดิ่งการแจ้งเตือน;
Notifications;;no;yes;no;;Notifications;;การแจ้งเตือน;
Nudge;;no;yes;no;;Nudge;;แจ้งเตือน;
Number;;no;yes;no;;Number;;หมายเลข;
Number of days;;no;yes;no;;Number of days;;จำนวนวัน;
Number of years;;no;yes;no;;Number of years;;จำนวนปี;
Numeric;;no;yes;no;;Numeric;;ตัวเลข;
Observations;;no;yes;no;;Observations;;การสังเกต;
On track;;no;yes;no;;On track;;อยู่บนเส้นทาง;
Open;;no;yes;no;;Open;;เปิด;
Operator;;no;yes;no;;Operator;;ผู้ดำเนินการ;
Optional;;no;yes;no;;Optional;;ไม่บังคับ;
Organization;;no;yes;no;;Organization;;องค์กร;
Organization external ID;;no;yes;no;;Organization external ID;;รหัสภายนอกองค์กร;
Organizational;;no;yes;no;;Organizational;;องค์กร;
Organizational Units;;no;yes;no;;Organizational Units;;หน่วยงาน;
Organizational goal;;no;yes;no;;Organizational goal;;เป้าหมายขององค์กร;
Organizational unit;;no;yes;no;;Organizational unit;;หน่วยงาน;
Other;;no;yes;no;;Other;;อื่นๆ;
Outcome;;no;yes;no;;Outcome;;ผลลัพธ์;
Outlook;;no;yes;no;;Outlook;;ภาพรวมแนวโน้ม;
Overall behavior rating;;no;yes;no;;Overall behavior rating;;คะแนนพฤติกรรมโดยรวม;
Overall performance;;no;yes;no;;Overall performance;;ผลการปฏิบัติงานโดยรวม;
Overall performance rating;;no;yes;no;;Overall performance rating;;คะแนนการประเมินผลงานโดยรวม;
Overall progress;;no;yes;no;;Overall progress;;ความคืบหน้าโดยรวม;
Overdue;;no;yes;no;;Overdue;;เกินกำหนด;
Overview;;no;yes;no;;Overview;;ภาพรวม;
Owner;;no;yes;no;;Owner;;เจ้าของ;
Owners;;no;yes;no;;Owners;;เจ้าของ;
Participant;;no;yes;no;;Participant;;ผู้เข้าร่วม;
Participants;;no;yes;no;;Participants;;ผู้เข้าร่วม;
Passport;;no;yes;no;;Passport;;หนังสือเดินทาง;
Password;;no;yes;no;;Password;;รหัสผ่าน;
Past;;no;yes;no;;Past;;อดีต;
Pay Analysis;;no;yes;no;;Pay Analysis;;การวิเคราะห์ค่าตอบแทน;
Pay Information;;no;yes;no;;Pay Information;;ข้อมูลเงินเดือน;
Pay Intelligence;;no;yes;no;;Pay Intelligence;;การจ่ายเงินอัจฉริยะ;
Pay Transparency;;no;yes;no;;Pay Transparency;;ความโปร่งใสในการชำระเงิน;
Pay analysis;;no;yes;no;;Pay analysis;;การวิเคราะห์ค่าตอบแทน;
Pay information;;no;yes;no;;Pay information;;ข้อมูลการจ่ายเงิน;
Pay information requests;;no;yes;no;;Pay information requests;;คำขอข้อมูลค่าตอบแทน;
Pay range;;no;yes;no;;Pay range;;ช่วงการจ่ายเงิน;
Payout;;no;yes;no;;Payout;;การจ่ายเงิน;
Payout Curves;;no;yes;no;;Payout Curves;;เส้นโค้งการจ่ายเงิน;
Payout curve;;no;yes;no;;Payout curve;;เส้นโค้งการจ่ายเงิน;
Payout curves;;no;yes;no;;Payout curves;;เส้นโค้งการจ่ายเงิน;
Payroll;;no;yes;no;;Payroll;;เงินเดือน;
Payroll data drop;;no;yes;no;;Payroll data drop;;การนำเข้าข้อมูลเงินเดือน;
Peers;;no;yes;no;;Peers;;เพื่อนร่วมงาน;
Pending;;no;yes;no;;Pending;;รอดำเนินการ;
Pending approval;;no;yes;no;;Pending approval;;รอการอนุมัติ;
Pending confirmation;;no;yes;no;;Pending confirmation;;รอการยืนยัน;
Pending draft;;no;yes;no;;Pending draft;;แบบร่างที่รอดำเนินการ;
Pending publishing;;no;yes;no;;Pending publishing;;รอการเผยแพร่;
Pending sign-off;;no;yes;no;;Pending sign-off;;รอการอนุมัติสิ้นสุด;
People;;no;yes;no;;People;;บุคลากร;
People day;;no;yes;no;;People day;;วันทรัพยากรบุคคล;
Percentage;;no;yes;no;;Percentage;;เปอร์เซ็นต์;
Performance;;no;yes;no;;Performance;;ผลการปฏิบัติงาน;
Performance Management;;no;yes;no;;Performance Management;;การจัดการประสิทธิภาพการทำงาน;
Performance Reviews;;no;yes;no;;Performance Reviews;;การประเมินผลการปฏิบัติงาน;
Performance check-ins;;no;yes;no;;Performance check-ins;;การเช็คอินการปฏิบัติงาน;
Performance rating;;no;yes;no;;Performance rating;;คะแนนประสิทธิภาพการทำงาน;
Performance review;;no;yes;no;;Performance review;;การประเมินผลการปฏิบัติงาน;
Performance review details;;no;yes;no;;Performance review details;;รายละเอียดการประเมินผลการปฏิบัติงาน;
Performance review templates;;no;yes;no;;Performance review templates;;แม่แบบการประเมินผลงาน;
Period start date;;no;yes;no;;Period start date;;วันที่เริ่มต้นของรอบระยะเวลา;
Personal;;no;yes;no;;Personal;;ส่วนตัว;
Personally identifiable information;;no;yes;no;;Personally identifiable information;;ข้อมูลระบุตัวตนส่วนบุคคล;
Phone number;;no;yes;no;;Phone number;;หมายเลขโทรศัพท์;
Plan;;no;yes;no;;Plan;;แผน;
Plan details;;no;yes;no;;Plan details;;รายละเอียดแผน;
Plan name;;no;yes;no;;Plan name;;ชื่อแผน;
Plan stage;;no;yes;no;;Plan stage;;ขั้นตอนการวางแผน;
Plan transmission;;no;yes;no;;Plan transmission;;การส่งแผน;
Planner;;no;yes;no;;Planner;;แพลนเนอร์;
Plans;;no;yes;no;;Plans;;แผน;
Population;;no;yes;no;;Population;;ประชากร;
Population criteria;;no;yes;no;;Population criteria;;เกณฑ์ประชากร;
Populations;;no;yes;no;;Populations;;ประชากร;
Position in pay range;;no;yes;no;;Position in pay range;;ตำแหน่งในช่วงเงินเดือน;
Preview;;no;yes;no;;Preview;;ดูตัวอย่าง;
Preview document;;no;yes;no;;Preview document;;ดูตัวอย่างเอกสาร;
Previous;;no;yes;no;;Previous;;ก่อนหน้า;
Priority;;no;yes;no;;Priority;;ลำดับความสำคัญ;
Privacy;;no;yes;no;;Privacy;;ความเป็นส่วนตัว;
Privacy settings;;no;yes;no;;Privacy settings;;การตั้งค่าความเป็นส่วนตัว;
Privacy statement text;;no;yes;no;;Privacy statement text;;ข้อความแถลงการณ์ความเป็นส่วนตัว;
Private;;no;yes;no;;Private;;ส่วนตัว;
Proceed;;no;yes;no;;Proceed;;ดำเนินการ;
Processing;;no;yes;no;;Processing;;กำลังประมวลผล;
Professional;;no;yes;no;;Professional;;มืออาชีพ;
Progress;;no;yes;no;;Progress;;ความคืบหน้า;
Progress tracking;;no;yes;no;;Progress tracking;;การติดตามความคืบหน้า;
Properties;;no;yes;no;;Properties;;คุณสมบัติ;
Proposal management;;no;yes;no;;Proposal management;;การจัดการข้อเสนอ;
Prorated target bonus;;no;yes;no;;Prorated target bonus;;เป้าหมายโบนัสแบบคำนวณตามสัดส่วน;
Proxy;;no;yes;no;;Proxy;;พร็อกซี;
Proxy access list;;no;yes;no;;Proxy access list;;รายการการเข้าถึงพร็อกซี;
Proxy permission;;no;yes;no;;Proxy permission;;สิทธิ์การอนุญาตใช้พร็อกซี;
Public;;no;yes;no;;Public;;สาธารณะ;
Public feedback;;no;yes;no;;Public feedback;;ข้อเสนอแนะสาธารณะ;
Publish;;no;yes;no;;Publish;;เผยแพร่;
Published;;no;yes;no;;Published;;เผยแพร่แล้ว;
Published date;;no;yes;no;;Published date;;วันที่เผยแพร่;
Publishing;;no;yes;no;;Publishing;;การเผยแพร่;
Purpose;;no;yes;no;;Purpose;;วัตถุประสงค์;
Question;;no;yes;no;;Question;;คำถาม;
Questions;;no;yes;no;;Questions;;คำถาม;
RTI request status;;no;yes;no;;RTI request status;;สถานะคำขอ RTI;
Range;;no;yes;no;;Range;;ช่วง;
Rate this feedback;;no;yes;no;;Rate this feedback;;ให้คะแนนฟีดแบคนี้;
Rating;;no;yes;no;;Rating;;การจัดอันดับ;
Rating changed;;no;yes;no;;Rating changed;;มีการเปลี่ยนแปลงคะแนน;
Rating distribution;;no;yes;no;;Rating distribution;;การกระจายระดับคะแนน;
Rating scale;;no;yes;no;;Rating scale;;มาตราวัดการให้คะแนน;
Rating scales;;no;yes;no;;Rating scales;;มาตรการให้คะแนน;
Read;;no;yes;no;;Read;;อ่าน;
Read only;;no;yes;no;;Read only;;เฉพาะอ่านเท่านั้น;
Read status;;no;yes;no;;Read status;;สถานะการอ่าน;
Read-only;;no;yes;no;;Read-only;;อ่านอย่างเดียว;
Ready;;no;yes;no;;Ready;;พร้อม;
Reassign;;no;yes;no;;Reassign;;มอบหมายใหม่;
Reassign manager;;no;yes;no;;Reassign manager;;มอบหมายผู้จัดการใหม่;
Reassigned;;no;yes;no;;Reassigned;;ถูกมอบหมายใหม่;
Received;;no;yes;no;;Received;;ได้รับแล้ว;
Received behaviors;;no;yes;no;;Received behaviors;;พฤติกรรมที่ได้รับ;
Received feedback;;no;yes;no;;Received feedback;;ฟีดแบคที่ได้รับ;
Recipient;;no;yes;no;;Recipient;;ผู้รับ;
Recipients;;no;yes;no;;Recipients;;ผู้รับ;
Recognition;;no;yes;no;;Recognition;;การยอมรับ;
Recognized behaviors;;no;yes;no;;Recognized behaviors;;พฤติกรรมที่ได้รับการยอมรับ;
Recommended;;no;yes;no;;Recommended;;แนะนำ;
Recurrence;;no;yes;no;;Recurrence;;การเกิดซ้ำ;
Reference;;no;yes;no;;Reference;;การอ้างอิง;
Reference number;;no;yes;no;;Reference number;;หมายเลขอ้างอิง;
Refresh;;no;yes;no;;Refresh;;รีเฟรช;
Region;;no;yes;no;;Region;;ภูมิภาค;
Regular;;no;yes;no;;Regular;;ปกติ;
Regular check-ins;;no;yes;no;;Regular check-ins;;การเช็คอินเป็นประจำ;
Reject;;no;yes;no;;Reject;;ปฏิเสธ;
Rejected;;no;yes;no;;Rejected;;ปฏิเสธแล้ว;
Relation;;no;yes;no;;Relation;;ความสัมพันธ์;
Release;;no;yes;no;;Release;;เผยแพร่;
Release status;;no;yes;no;;Release status;;สถานะการเผยแพร่;
Released;;no;yes;no;;Released;;เผยแพร่แล้ว;
Remaining;;no;yes;no;;Remaining;;ที่เหลืออยู่;
Reminder name;;no;yes;no;;Reminder name;;ชื่อการเตือนความจำ;
Reminders;;no;yes;no;;Reminders;;การแจ้งเตือน;
Remove;;no;yes;no;;Remove;;ลบออก;
Remove all;;no;yes;no;;Remove all;;ลบทั้งหมด;
Rename;;no;yes;no;;Rename;;เปลี่ยนชื่อ;
Reopen;;no;yes;no;;Reopen;;เปิดใหม่อีกครั้ง;
Reopen reviews;;no;yes;no;;Reopen reviews;;เปิดการประเมินอีกครั้ง;
Reopened;;no;yes;no;;Reopened;;เปิดใหม่อีกครั้ง;
Reply rate;;no;yes;no;;Reply rate;;อัตราการตอบกลับ;
Reports;;no;yes;no;;Reports;;รายงาน;
Republish;;no;yes;no;;Republish;;เผยแพร่ซ้ำ;
Republished round;;no;yes;no;;Republished round;;รอบการเผยแพร่ซ้ำ;
Request;;no;yes;no;;Request;;ขอ;
Request ID;;no;yes;no;;Request ID;;รหัสคำขอ;
Request date;;no;yes;no;;Request date;;วันที่คำขอ;
Request details;;no;yes;no;;Request details;;รายละเอียดคำร้องขอ;
Request feedback;;no;yes;no;;Request feedback;;ขอฟีคแบค;
Request feedback from;;no;yes;no;;Request feedback from;;ขอฟีดแบคจาก;
Request feedback now;;no;yes;no;;Request feedback now;;ขอฟีดแบคตอนนี้;
Request feedback on;;no;yes;no;;Request feedback on;;ขอฟีดแบคเกี่ยวกับ;
Request pay information;;no;yes;no;;Request pay information;;ขอข้อมูลการจ่ายเงิน;
Request status;;no;yes;no;;Request status;;สถานะคำขอ;
Requested;;no;yes;no;;Requested;;ส่งคำขอแล้ว;
Requested feedback;;no;yes;no;;Requested feedback;;ขอฟีดแบคแล้ว;
Requests;;no;yes;no;;Requests;;คำขอ;
Requests about my team;;no;yes;no;;Requests about my team;;คำขอเกี่ยวกับทีมของฉัน;
Required;;no;yes;no;;Required;;ที่จำเป็น;
Resources;;no;yes;no;;Resources;;ทรัพยากร;
Response permission;;no;yes;no;;Response permission;;สิทธิ์การตอบกลับ;
Resubmit;;no;yes;no;;Resubmit;;ส่งใหม่อีกครั้ง;
Result;;no;yes;no;;Result;;ผลลัพธ์;
Review;;no;yes;no;;Review;;การตรวจสอบ;
Review Details;;no;yes;no;;Review Details;;รายละเอียดการทบทวน;
Review Status;;no;yes;no;;Review Status;;สถานะการทบทวน;
Review about;;no;yes;no;;Review about;;การตรวจสอบเกี่ยวกับ;
Review challenge;;no;yes;no;;Review challenge;;ท้าทายผลการประเมิน;
Review name;;no;yes;no;;Review name;;ชื่อการประเมิน;
Review rating;;no;yes;no;;Review rating;;คะแนนการประเมิน;
Review rating distribution;;no;yes;no;;Review rating distribution;;การกระจายเรตติ้งของการทบทวน;
Review settings;;no;yes;no;;Review settings;;การตั้งค่าการประเมินผลงาน;
Review stage;;no;yes;no;;Review stage;;ขั้นตอนการประเมินผลงาน;
Review stages;;no;yes;no;;Review stages;;ขั้นตอนการประเมินผลงาน;
Review status;;no;yes;no;;Review status;;สถานะการประเมินผลงาน;
Review type;;no;yes;no;;Review type;;ประเภทการประเมินผลงาน;
Reviews;;no;yes;no;;Reviews;;การตรวจสอบ;
Role;;no;yes;no;;Role;;บทบาท;
Roles;;no;yes;no;;Roles;;บทบาท;
Round;;no;yes;no;;Round;;รอบ;
Round code;;no;yes;no;;Round code;;รหัสรอบ;
Round details;;no;yes;no;;Round details;;รายละเอียดรอบ;
Round reminders;;no;yes;no;;Round reminders;;การเตือนในรอบ;
Round republished;;no;yes;no;;Round republished;;รอบถูกเผยแพร่อีกครั้ง;
Round type;;no;yes;no;;Round type;;ประเภทของรอบ;
Round visibility;;no;yes;no;;Round visibility;;การมองเห็นของรอบ;
Rule configuration;;no;yes;no;;Rule configuration;;การกำหนดค่ากฎ;
Rule details;;no;yes;no;;Rule details;;รายละเอียดกฎ;
Rule name;;no;yes;no;;Rule name;;ชื่อกฎ;
Rules;;no;yes;no;;Rules;;กฎ;
Salary;;no;yes;no;;Salary;;เงินเดือน;
Salary configuration;;no;yes;no;;Salary configuration;;การกำหนดค่าระบบเงินเดือน;
Save;;no;yes;no;;Save;;บันทึก;
Save & exit;;no;yes;no;;Save & exit;;บันทึกและออก;
Scale;;no;yes;no;;Scale;;ขนาด;
Search;;no;yes;no;;Search;;ค้นหา;
Search by name;;no;yes;no;;Search by name;;ค้นหาตามชื่อ;
Search by name or code;;no;yes;no;;Search by name or code;;ค้นหาด้วยชื่อหรือรหัส;
Search for a person;;no;yes;no;;Search for a person;;ค้นหาบุคคล;
Search for a worker;;no;yes;no;;Search for a worker;;ค้นหาพนักงาน;
Search for workers;;no;yes;no;;Search for workers;;ค้นหาพนักงาน;
Secondary email;;no;yes;no;;Secondary email;;อีเมลสำรอง;
Secondary email address;;no;yes;no;;Secondary email address;;ที่อยู่อีเมลรอง;
Secondary hierarchy;;no;yes;no;;Secondary hierarchy;;ลำดับชั้นรอง;
Section header;;no;yes;no;;Section header;;หัวข้อส่วน;
Security;;no;yes;no;;Security;;ความปลอดภัย;
Security group;;no;yes;no;;Security group;;กลุ่มความปลอดภัย;
See all;;no;yes;no;;See all;;ดูทั้งหมด;
Select;;no;yes;no;;Select;;เลือก;
Select all;;no;yes;no;;Select all;;เลือกทั้งหมด;
Select an option;;no;yes;no;;Select an option;;เลือกตัวเลือก;
Select communication round;;no;yes;no;;Select communication round;;เลือกช่วงการสื่อสาร;
Select data model;;no;yes;no;;Select data model;;เลือกแบบจำลองข้อมูล;
Select entity;;no;yes;no;;Select entity;;เลือกเอนทิตี;
Select filters;;no;yes;no;;Select filters;;เลือกตัวกรอง;
Select goal;;no;yes;no;;Select goal;;เลือกเป้าหมาย;
Select owners;;no;yes;no;;Select owners;;เลือกเจ้าของ;
Select population;;no;yes;no;;Select population;;เลือกกลุ่มพนักงาน;
Select the compensation element;;no;yes;no;;Select the compensation element;;เลือกองค์ประกอบค่าตอบแทน;
Select type;;no;yes;no;;Select type;;เลือกประเภท;
Selected;;no;yes;no;;Selected;;เลือกแล้ว;
Selected column;;no;yes;no;;Selected column;;คอลัมน์ที่เลือก;
Selected fields;;no;yes;no;;Selected fields;;ฟิลด์ที่เลือก;
Selected items;;no;yes;no;;Selected items;;รายการที่เลือก;
Selected population;;no;yes;no;;Selected population;;กลุ่มพนักงานที่เลือก;
Self;;no;yes;no;;Self;;ตัวเอง;
Self-assessment;;no;yes;no;;Self-assessment;;การประเมินตนเอง;
Self-review;;no;yes;no;;Self-review;;การประเมินตนเอง;
Send;;no;yes;no;;Send;;ส่ง;
Send feedback;;no;yes;no;;Send feedback;;ส่งฟีดแบค;
Send to Documents;;no;yes;no;;Send to Documents;;ส่งไปยังเอกสาร;
Sender;;no;yes;no;;Sender;;ผู้ส่ง;
Sensitive Content;;no;yes;no;;Sensitive Content;;เนื้อหาที่ละเอียดอ่อน;
Sent;;no;yes;no;;Sent;;ส่งแล้ว;
Sent behaviors;;no;yes;no;;Sent behaviors;;พฤติกรรมที่ส่งแล้ว;
Sent feedback;;no;yes;no;;Sent feedback;;ส่งฟีดแบคแล้ว;
Sent to;;no;yes;no;;Sent to;;ส่งถึง;
Separator;;no;yes;no;;Separator;;ตัวคั่น;
Session timeout;;no;yes;no;;Session timeout;;หมดเวลาเซสชัน;
Settings;;no;yes;no;;Settings;;การตั้งค่า;
Share;;no;yes;no;;Share;;แบ่งปัน;
Share feedback;;no;yes;no;;Share feedback;;แบ่งปันฟีดแบค;
Share this feedback;;no;yes;no;;Share this feedback;;แบ่งปันฟีดแบคนี้;
Share with;;no;yes;no;;Share with;;แบ่งปันกับ;
Share your insights;;no;yes;no;;Share your insights;;แบ่งปันข้อมูลเชิงลึกของคุณ;
Share your thoughts;;no;yes;no;;Share your thoughts;;แบ่งปันความคิดของคุณ;
Shared;;no;yes;no;;Shared;;แบ่งปันแล้ว;
Shared feedback;;no;yes;no;;Shared feedback;;ฟีดแบคที่แบ่งปัน;
Shared goals;;no;yes;no;;Shared goals;;เป้าหมายร่วมกัน;
Shared with;;no;yes;no;;Shared with;;แบ่งปันแล้วกับ;
Shared with me;;no;yes;no;;Shared with me;;แบ่งปันกับฉัน;
Sharing;;no;yes;no;;Sharing;;การแบ่งปัน;
Short;;no;yes;no;;Short;;สั้น;
Show;;no;yes;no;;Show;;แสดง;
Show all;;no;yes;no;;Show all;;แสดงทั้งหมด;
Since request;;no;yes;no;;Since request;;ตั้งแต่มีการร้องขอ;
Situation;;no;yes;no;;Situation;;สถานการณ์;
Situations;;no;yes;no;;Situations;;สถานการณ์;
Skill & Competency Groups;;no;yes;no;;Skill & Competency Groups;;กลุ่มทักษะและความสามารถ;
Skill & competency groups;;no;yes;no;;Skill & competency groups;;กลุ่มทักษะและความสามารถ;
Skills;;no;yes;no;;Skills;;ทักษะ;
Skills & competency groups;;no;yes;no;;Skills & competency groups;;กลุ่มทักษะและความสามารถ;
Snapshot;;no;yes;no;;Snapshot;;สแน็ปช็อต;
Snapshot Manager;;no;yes;no;;Snapshot Manager;;ตัวจัดการ Snapshot;
Snapshot details;;no;yes;no;;Snapshot details;;รายละเอียด Snapshot;
Snapshots;;no;yes;no;;Snapshots;;สแนปชอต;
Source;;no;yes;no;;Source;;แหล่งที่มา;
Stage;;no;yes;no;;Stage;;ขั้นตอน;
Standard;;no;yes;no;;Standard;;มาตรฐาน;
Start;;no;yes;no;;Start;;เริ่มต้น;
Start date;;no;yes;no;;Start date;;วันที่เริ่มต้น;
Start date in company;;no;yes;no;;Start date in company;;วันที่เริ่มงานในบริษัท;
Start time;;no;yes;no;;Start time;;เวลาเริ่มต้น;
State;;no;yes;no;;State;;รัฐ;
Statement generation;;no;yes;no;;Statement generation;;การสร้างรายงานบัญชี;
Statements;;no;yes;no;;Statements;;คำชี้แจง;
Status;;no;yes;no;;Status;;สถานะ;
Status by org. level;;no;yes;no;;Status by org. level;;สถานะตามระดับองค์กร;
Step curve;;no;yes;no;;Step curve;;ขั้นบันได;
Step end date;;no;yes;no;;Step end date;;วันที่สิ้นสุดขั้นตอน;
Stock;;no;yes;no;;Stock;;สต็อก;
Street address;;no;yes;no;;Street address;;ที่อยู่ถนน;
Subgroups;;no;yes;no;;Subgroups;;กลุ่มย่อย;
Subject;;no;yes;no;;Subject;;เรื่อง;
Submit;;no;yes;no;;Submit;;ส่ง;
Submit to manager;;no;yes;no;;Submit to manager;;ส่งให้หัวหน้างาน;
Submitted;;no;yes;no;;Submitted;;ส่งแล้ว;
Success;;no;yes;no;;Success;;สำเร็จ;
Suggested agenda;;no;yes;no;;Suggested agenda;;วาระการประชุมที่แนะนำ;
Sum;;no;yes;no;;Sum;;ผลรวม;
Summary;;no;yes;no;;Summary;;สรุป;
System;;no;yes;no;;System;;ระบบ;
System populations;;no;yes;no;;System populations;;กลุ่มประชากรของระบบ;
TOTAL;;no;yes;no;;TOTAL;;รวมทั้งหมด;
Tag;;no;yes;no;;Tag;;แท็ก;
Tag library;;no;yes;no;;Tag library;;แท็กไลบรารี;
Tags;;no;yes;no;;Tags;;แท็ก;
Talent Review;;no;yes;no;;Talent Review;;การทบทวนศักยภาพบุคลากร;
Target;;no;yes;no;;Target;;เป้าหมาย;
Target bonus;;no;yes;no;;Target bonus;;โบนัสเป้าหมาย;
Target budget;;no;yes;no;;Target budget;;งบประมาณเป้าหมาย;
Team planner view;;no;yes;no;;Team planner view;;มุมมองแพลนเนอร์ของทีม;
Team requests;;no;yes;no;;Team requests;;คำขอทีม;
Template;;no;yes;no;;Template;;เทมเพลต;
Template document;;no;yes;no;;Template document;;เอกสารแม่แบบ;
Template widget settings;;no;yes;no;;Template widget settings;;การตั้งค่าวิดเจ็ตแม่แบบ;
Templates;;no;yes;no;;Templates;;เทมเพลต;
Text;;no;yes;no;;Text;;ข้อความ;
Text field;;no;yes;no;;Text field;;ฟิลด์ข้อความ;
Thanks;;no;yes;no;;Thanks;;ขอบคุณ;
Then;;no;yes;no;;Then;;จากนั้น;
Time in role;;no;yes;no;;Time in role;;ระยะเวลาในบทบาท;
Time zone;;no;yes;no;;Time zone;;โซนเวลา;
Timeline;;no;yes;no;;Timeline;;ไทม์ไลน์;
Title;;no;yes;no;;Title;;ชื่อ;
Today;;no;yes;no;;Today;;วันนี้;
Toggle;;no;yes;no;;Toggle;;สลับ;
Total;;no;yes;no;;Total;;ทั้งหมด;
Total behaviors;;no;yes;no;;Total behaviors;;พฤติกรรมทั้งหมด;
Total compensation;;no;yes;no;;Total compensation;;ผลตอบแทนรวม;
Total entities;;no;yes;no;;Total entities;;เอนทิตีทั้งหมด;
Total goals;;no;yes;no;;Total goals;;จำนวนประตูทั้งหมด;
Total reviews;;no;yes;no;;Total reviews;;การประเมินทั้งหมด;
Total score;;no;yes;no;;Total score;;คะแนนรวม;
Total workers;;no;yes;no;;Total workers;;จำนวนพนักงานทั้งหมด;
Tracking;;no;yes;no;;Tracking;;การติดตาม;
Tracking status;;no;yes;no;;Tracking status;;สถานะการติดตาม;
Training data;;no;yes;no;;Training data;;ข้อมูลการฝึกอบรม;
Trend;;no;yes;no;;Trend;;แนวโน้ม;
True;;no;yes;no;;True;;จริง;
Trust;;no;yes;no;;Trust;;ความไว้วางใจ;
Try again;;no;yes;no;;Try again;;ลองอีกครั้ง;
Type;;no;yes;no;;Type;;ประเภท;
Type part of a name;;no;yes;no;;Type part of a name;;พิมพ์ส่วนหนึ่งของชื่อ;
Type weight;;no;yes;no;;Type weight;;ประเภทน้ำหนัก;
Type your message here;;no;yes;no;;Type your message here;;พิมพ์ข้อความของคุณที่นี่;
Types;;no;yes;no;;Types;;ประเภท;
Unavailable;;no;yes;no;;Unavailable;;ไม่พร้อมใช้งาน;
Unclear;;no;yes;no;;Unclear;;ไม่ชัดเจน;
Under review;;no;yes;no;;Under review;;อยู่ระหว่างการประเมินผลงาน;
Unexpected error;;no;yes;no;;Unexpected error;;เกิดข้อผิดพลาดที่ไม่คาดคิด;
Unhelpful;;no;yes;no;;Unhelpful;;ไม่มีประโยชน์;
Unique logins;;no;yes;no;;Unique logins;;การเข้าสู่ระบบแบบไม่ซ้ำ;
Unit;;no;yes;no;;Unit;;หน่วย;
Unrated;;no;yes;no;;Unrated;;ไม่ได้รับการจัดอันดับ;
Unrelease;;no;yes;no;;Unrelease;;ยกเลิกการเผยแพร่;
Unreleased;;no;yes;no;;Unreleased;;ยังไม่ได้เผยแพร่;
Unsaved changes;;no;yes;no;;Unsaved changes;;การเปลี่ยนแปลงที่ยังไม่ได้บันทึก;
Unselect all;;no;yes;no;;Unselect all;;ยกเลิกการเลือกทั้งหมด;
Upcoming;;no;yes;no;;Upcoming;;กำลังจะเกิดขึ้น;
Upcoming check-ins;;no;yes;no;;Upcoming check-ins;;การเช็คอินที่กําลังจะมาถึง;
Update;;no;yes;no;;Update;;อัปเดต;
Updated;;no;yes;no;;Updated;;อัปเดตแล้ว;
Updated by;;no;yes;no;;Updated by;;อัปเดตโดย;
Upload;;no;yes;no;;Upload;;อัปโหลด;
Upload behavior;;no;yes;no;;Upload behavior;;อัปโหลดพฤติกรรม;
Upload file;;no;yes;no;;Upload file;;อัปโหลดไฟล์;
Upload the completed file;;no;yes;no;;Upload the completed file;;อัปโหลดไฟล์ที่เสร็จสมบูรณ์;
Upload the modified Excel file;;no;yes;no;;Upload the modified Excel file;;อัปโหลดไฟล์ Excel ที่แก้ไขแล้ว;
Uploaded by;;no;yes;no;;Uploaded by;;อัปโหลดโดย;
Uploaded files;;no;yes;no;;Uploaded files;;ไฟล์ที่อัปโหลด;
Uploading;;no;yes;no;;Uploading;;กำลังอัปโหลด;
Usage;;no;yes;no;;Usage;;การใช้งาน;
Usage details;;no;yes;no;;Usage details;;รายละเอียดการใช้งาน;
Used;;no;yes;no;;Used;;ใช้แล้ว;
Used in;;no;yes;no;;Used in;;ใช้ใน;
Useful information;;no;yes;no;;Useful information;;ข้อมูลที่เป็นประโยชน์;
User;;no;yes;no;;User;;ผู้ใช้;
User Security;;no;yes;no;;User Security;;ความปลอดภัยของผู้ใช้;
User local time;;no;yes;no;;User local time;;เวลาท้องถิ่นของผู้ใช้;
Username;;no;yes;no;;Username;;ชื่อผู้ใช้;
Users;;no;yes;no;;Users;;ผู้ใช้;
Users who sent feedback;;no;yes;no;;Users who sent feedback;;ผู้ใช้ที่ส่งคำติชม;
Users with no goals;;no;yes;no;;Users with no goals;;ผู้ใช้ที่ไม่มีเป้าหมาย;
Validation;;no;yes;no;;Validation;;การตรวจสอบความถูกต้อง;
Value;;no;yes;no;;Value;;ค่า;
Values;;no;yes;no;;Values;;ค่านิยม;
Version;;no;yes;no;;Version;;เวอร์ชัน;
View;;no;yes;no;;View;;ดู;
View all;;no;yes;no;;View all;;ดูทั้งหมด;
View my received feedback;;no;yes;no;;View my received feedback;;ดูฟีดแบคที่ฉันได้รับ;
View review;;no;yes;no;;View review;;ดูการประเมินผลงาน;
Visibility;;no;yes;no;;Visibility;;การมองเห็น;
Weight;;no;yes;no;;Weight;;น้ำหนัก;
Weighted score;;no;yes;no;;Weighted score;;คะแนนถ่วงน้ำหนัก;
Widget settings;;no;yes;no;;Widget settings;;การตั้งค่าวิดเจ็ต;
Work country;;no;yes;no;;Work country;;ประเทศที่ทำงาน;
Worker;;no;yes;no;;Worker;;พนักงาน;
Worker & manager;;no;yes;no;;Worker & manager;;พนักงานและผู้จัดการ;
Worker ID;;no;yes;no;;Worker ID;;รหัสพนักงาน;
Worker category;;no;yes;no;;Worker category;;หมวดหมู่พนักงาน;
Worker details;;no;yes;no;;Worker details;;รายละเอียดพนักงาน;
Worker name;;no;yes;no;;Worker name;;ชื่อพนักงาน;
Worker self-assessment;;no;yes;no;;Worker self-assessment;;การประเมินตนเองของพนักงาน;
Worker sign-off;;no;yes;no;;Worker sign-off;;การลงนามรับทราบของพนักงาน;
Worker submission;;no;yes;no;;Worker submission;;การส่งงานของพนักงาน;
Workers;;no;yes;no;;Workers;;พนักงาน;
Workflow;;no;yes;no;;Workflow;;เวิร์กโฟลว์;
Workflow section;;no;yes;no;;Workflow section;;ส่วนเวิร์กโฟลว์;
Workflow status;;no;yes;no;;Workflow status;;สถานะเวิร์กโฟลว์;
Workflow step;;no;yes;no;;Workflow step;;ขั้นตอนเวิร์กโฟลว์;
Workflow steps;;no;yes;no;;Workflow steps;;ขั้นตอนของเวิร์กโฟลว์;
Workflow type;;no;yes;no;;Workflow type;;ประเภทเวิร์กโฟลว์;
Year;;no;yes;no;;Year;;ปี;
Years;;no;yes;no;;Years;;ปี;
Your comment;;no;yes;no;;Your comment;;ความคิดเห็นของคุณ;
Your documents;;no;yes;no;;Your documents;;เอกสารของคุณ;
Your email;;no;yes;no;;Your email;;อีเมลของคุณ;
Your observations;;no;yes;no;;Your observations;;การสังเกตของคุณ;
Your view;;no;yes;no;;Your view;;มุมมองของคุณ;
