term;description;casesensitive;translatable;forbidden;tags;en-US;en-US_description;it-IT;it-IT_description
About;;no;yes;no;;About;;Informazioni su;
About my team;;no;yes;no;;About my team;;Informazioni sul mio team;
Absence;;no;yes;no;;Absence;;Assenza;
Accept;;no;yes;no;;Accept;;Accetta;
Accepted;;no;yes;no;;Accepted;;Accettato;
Achievement;;no;yes;no;;Achievement;;Risultato;
Achievement summary;;no;yes;no;;Achievement summary;;Riepilogo dei risultati;
Action;;no;yes;no;;Action;;Azione;
Action required;;no;yes;no;;Action required;;Azione richiesta;
Actions;;no;yes;no;;Actions;;Azioni;
Actions required;;no;yes;no;;Actions required;;Azioni richieste;
Activate;;no;yes;no;;Activate;;Attiva;
Active;;no;yes;no;;Active;;Attivo;
Active users;;no;yes;no;;Active users;;Utenti attivi;
Actor;;no;yes;no;;Actor;;Attore;
Add;;no;yes;no;;Add;;Aggiungi;
Add all;;no;yes;no;;Add all;;Aggiungi tutto;
Add all company;;no;yes;no;;Add all company;;Aggiungi tutta l'azienda;
Add all organizational units;;no;yes;no;;Add all organizational units;;Aggiungi tutte le unità organizzative;
Add condition;;no;yes;no;;Add condition;;Aggiungi condizione;
Add feedback note;;no;yes;no;;Add feedback note;;Aggiungi nota di feedback;
Add field;;no;yes;no;;Add field;;Aggiungi campo;
Add mapping;;no;yes;no;;Add mapping;;Aggiungi mappatura;
Add note;;no;yes;no;;Add note;;Aggiungi nota;
Add question;;no;yes;no;;Add question;;Aggiungi domanda;
Add skills;;no;yes;no;;Add skills;;Aggiungi abilità;
Add step;;no;yes;no;;Add step;;Aggiungi passaggio;
Addition;;no;yes;no;;Addition;;Aggiunta;
Additional Managers;;no;yes;no;;Additional Managers;;Manager aggiuntivi;
Additional goal description;;no;yes;no;;Additional goal description;;Descrizione aggiuntiva dell'obiettivo;
Additional information;;no;yes;no;;Additional information;;Informazioni aggiuntive;
Additional manager;;no;yes;no;;Additional manager;;Manager aggiuntivo;
Additional managers;;no;yes;no;;Additional managers;;Manager aggiuntivi;
Additional review;;no;yes;no;;Additional review;;Revisione aggiuntiva;
Administration;;no;yes;no;;Administration;;Amministrazione;
Advanced;;no;yes;no;;Advanced;;Avanzato;
After;;no;yes;no;;After;;Dopo;
Alert;;no;yes;no;;Alert;;Avviso;
Alerts;;no;yes;no;;Alerts;;Avvisi;
Aligned with goal;;no;yes;no;;Aligned with goal;;Allineato con l'obiettivo;
Alignment;;no;yes;no;;Alignment;;Allineamento;
All company;;no;yes;no;;All company;;Tutta l'azienda;
All criteria;;no;yes;no;;All criteria;;Tutti i criteri;
All locations;;no;yes;no;;All locations;;Tutte le sedi;
All organizational units;;no;yes;no;;All organizational units;;Tutte le unità organizzative;
All participants;;no;yes;no;;All participants;;Tutti i partecipanti;
All results;;no;yes;no;;All results;;Tutti i risultati;
All roles;;no;yes;no;;All roles;;Tutti i ruoli;
All updates;;no;yes;no;;All updates;;Tutti gli aggiornamenti;
Analyses;;no;yes;no;;Analyses;;Analisi;
Analysis;;no;yes;no;;Analysis;;Analisi;
Analytics;;no;yes;no;;Analytics;;Analisi;
Anonymization;;no;yes;no;;Anonymization;;Anonimizzazione;
Answer type;;no;yes;no;;Answer type;;Tipo di risposta;
Anyone;;no;yes;no;;Anyone;;Chiunque;
Anyone in the company;;no;yes;no;;Anyone in the company;;Chiunque nell'azienda;
Appearance;;no;yes;no;;Appearance;;Aspetto;
Apply;;no;yes;no;;Apply;;Applica;
Apply filters;;no;yes;no;;Apply filters;;Applica filtri;
Approve;;no;yes;no;;Approve;;Approva;
Approved;;no;yes;no;;Approved;;Approvato;
Archived;;no;yes;no;;Archived;;Archiviato;
Assign;;no;yes;no;;Assign;;Assegna;
Assign to;;no;yes;no;;Assign to;;Assegna a;
Assigned;;no;yes;no;;Assigned;;Assegnato;
Assigned reviews;;no;yes;no;;Assigned reviews;;Valutazioni assegnate;
Assigned to;;no;yes;no;;Assigned to;;Assegnato a;
Assignment;;no;yes;no;;Assignment;;Assegnazione;
Assignment permissions;;no;yes;no;;Assignment permissions;;Autorizzazioni di assegnazione;
At least one number;;no;yes;no;;At least one number;;Almeno un numero;
At risk;;no;yes;no;;At risk;;A rischio;
Attached document;;no;yes;no;;Attached document;;Documento allegato;
Attachments;;no;yes;no;;Attachments;;Allegati;
Auto-suggestion;;no;yes;no;;Auto-suggestion;;Suggerimento automatico;
Available;;no;yes;no;;Available;;Disponibile;
Average score;;no;yes;no;;Average score;;Punteggio medio;
Average total score;;no;yes;no;;Average total score;;Punteggio totale medio;
Avg. word count;;no;yes;no;;Avg. word count;;Conteggio medio delle parole;
Back;;no;yes;no;;Back;;Indietro;
Basic Information;;no;yes;no;;Basic Information;;Informazioni di base;
Basic information;;no;yes;no;;Basic information;;Informazioni di base;
Before;;no;yes;no;;Before;;Prima;
Behavior;;no;yes;no;;Behavior;;Comportamento;
Behavior libraries;;no;yes;no;;Behavior libraries;;Librerie dei comportamenti;
Behavior library;;no;yes;no;;Behavior library;;Libreria comportamenti;
Behavior profile;;no;yes;no;;Behavior profile;;Profilo comportamentale;
Behavior wheel;;no;yes;no;;Behavior wheel;;Ruota comportamentale;
Behaviors;;no;yes;no;;Behaviors;;Comportamenti;
Behaviors sent;;no;yes;no;;Behaviors sent;;Comportamenti inviati;
Blank values;;no;yes;no;;Blank values;;Valori vuoti;
Blocked;;no;yes;no;;Blocked;;Bloccato;
Bonus Plans;;no;yes;no;;Bonus Plans;;Piani bonus;
Bonus amount;;no;yes;no;;Bonus amount;;Importo del bonus;
Bonus calculation equation;;no;yes;no;;Bonus calculation equation;;Equazione di calcolo del bonus;
Bonus calculation formula;;no;yes;no;;Bonus calculation formula;;Formula di calcolo del bonus;
Bonus plan;;no;yes;no;;Bonus plan;;Piano bonus;
Bonus plans;;no;yes;no;;Bonus plans;;Piani bonus;
Boolean;;no;yes;no;;Boolean;;Booleano;
Budget rule;;no;yes;no;;Budget rule;;Regola di budget;
Builder;;no;yes;no;;Builder;;Generatore;
Calculated;;no;yes;no;;Calculated;;Calcolato;
Calculated bonus;;no;yes;no;;Calculated bonus;;Bonus calcolato;
Calculated column;;no;yes;no;;Calculated column;;Colonna calcolata;
Calculation;;no;yes;no;;Calculation;;Calcoli;
Calculation workspace;;no;yes;no;;Calculation workspace;;Area di lavoro calcoli;
Calibration;;no;yes;no;;Calibration;;Calibrazione;
Can edit;;no;yes;no;;Can edit;;Può modificare;
Can view;;no;yes;no;;Can view;;Consente di visualizzare;
Cancel;;no;yes;no;;Cancel;;Annulla;
Canceled;;no;yes;no;;Canceled;;Annullato;
Career Development;;no;yes;no;;Career Development;;Sviluppo professionale;
Career Development Plans;;no;yes;no;;Career Development Plans;;Piani di sviluppo professionale;
Career Development Settings;;no;yes;no;;Career Development Settings;;Impostazioni per lo sviluppo della carriera;
Career development;;no;yes;no;;Career development;;Sviluppo professionale;
Career development plan;;no;yes;no;;Career development plan;;Piano di sviluppo della carriera;
Career development plans;;no;yes;no;;Career development plans;;Piani di sviluppo professionale;
Career development settings;;no;yes;no;;Career development settings;;Impostazioni per lo sviluppo professionale;
Career plan questionnaire;;no;yes;no;;Career plan questionnaire;;Questionario sul piano di sviluppo professionale;
Career plans;;no;yes;no;;Career plans;;Piani di carriera;
Categories;;no;yes;no;;Categories;;Categorie;
Category;;no;yes;no;;Category;;Categoria;
Challenge process;;no;yes;no;;Challenge process;;Processo di contestazione;
Challenge review;;no;yes;no;;Challenge review;;Revisione della contestazione;
Challenged;;no;yes;no;;Challenged;;Contestazione aperta;
Change;;no;yes;no;;Change;;Modifica;
Change workflow step;;no;yes;no;;Change workflow step;;Cambia passaggio del flusso di lavoro;
Check-Ins;;no;yes;no;;Check-Ins;;Check-in;
Check-in Details;;no;yes;no;;Check-in Details;;Dettagli check-in;
Check-in Status;;no;yes;no;;Check-in Status;;Stato check-in;
Check-in date;;no;yes;no;;Check-in date;;Data del check-in;
Check-in with;;no;yes;no;;Check-in with;;Check-in con;
Check-ins;;no;yes;no;;Check-ins;;Check-in;
Check-ins created;;no;yes;no;;Check-ins created;;Check-in creati;
Choose one;;no;yes;no;;Choose one;;Scegliere un'opzione;
City;;no;yes;no;;City;;Città;
Clear;;no;yes;no;;Clear;;Cancella;
Clear all;;no;yes;no;;Clear all;;Cancella tutto;
Clear all filters;;no;yes;no;;Clear all filters;;Cancella tutti i filtri;
Clear all filters & search;;no;yes;no;;Clear all filters & search;;Cancella tutti i filtri e la ricerca;
Clear all filters and search;;no;yes;no;;Clear all filters and search;;Cancella tutti i filtri e cerca;
Clear filters;;no;yes;no;;Clear filters;;Cancella filtri;
Clear search;;no;yes;no;;Clear search;;Cancella ricerca;
Close;;no;yes;no;;Close;;Chiudi;
Closed;;no;yes;no;;Closed;;Chiuso;
Closed without document;;no;yes;no;;Closed without document;;Chiuso senza documento;
Code;;no;yes;no;;Code;;Codice;
Collaborative;;no;yes;no;;Collaborative;;Collaborativo;
Collapse;;no;yes;no;;Collapse;;Comprimi;
Color;;no;yes;no;;Color;;Colore;
Column name;;no;yes;no;;Column name;;Nome colonna;
Columns;;no;yes;no;;Columns;;Colonne;
Coming soon;;no;yes;no;;Coming soon;;Prossimamente disponibile;
Comm manager;;no;yes;no;;Comm manager;;Responsabile comunicazione;
Comm round;;no;yes;no;;Comm round;;Turno di comm;
Comment;;no;yes;no;;Comment;;Commento;
Comments;;no;yes;no;;Comments;;Commenti;
Communication;;no;yes;no;;Communication;;Comunicazione;
Communication Rounds;;no;yes;no;;Communication Rounds;;Cicli di comunicazione;
Communication manager;;no;yes;no;;Communication manager;;Manager della comunicazione;
Communication manager name;;no;yes;no;;Communication manager name;;Nome del manager della comunicazione;
Communication round;;no;yes;no;;Communication round;;Turno di comunicazione;
Communication rounds;;no;yes;no;;Communication rounds;;Cicli di comunicazione;
Comp Rounds;;no;yes;no;;Comp Rounds;;Cicli retributivi;
Comp element;;no;yes;no;;Comp element;;Elemento retribuzione;
Comp elements;;no;yes;no;;Comp elements;;Elementi della retribuzione;
Comp managers;;no;yes;no;;Comp managers;;Manager delle retribuzione;
Comp round;;no;yes;no;;Comp round;;Ciclo di retribuzione;
Comp round currency;;no;yes;no;;Comp round currency;;Valuta di arrotondamento della retribuzione;
Comp rounds;;no;yes;no;;Comp rounds;;Cicli di retribuzione;
Comp tree;;no;yes;no;;Comp tree;;Struttura ad albero retribuzione;
Company;;no;yes;no;;Company;;Azienda;
Company logo;;no;yes;no;;Company logo;;Logo aziendale;
Company name;;no;yes;no;;Company name;;Nome dell'azienda;
Compare;;no;yes;no;;Compare;;Confronta;
Compensation;;no;yes;no;;Compensation;;Retribuzione;
Compensation Element;;no;yes;no;;Compensation Element;;Elemento della retribuzione;
Compensation History;;no;yes;no;;Compensation History;;Cronologia retributiva;
Compensation Management;;no;yes;no;;Compensation Management;;Gestione della retribuzione;
Compensation Rounds;;no;yes;no;;Compensation Rounds;;Cicli di retribuzione;
Compensation element;;no;yes;no;;Compensation element;;Elemento della retribuzione;
Compensation elements;;no;yes;no;;Compensation elements;;Elementi della retribuzione;
Compensation field;;no;yes;no;;Compensation field;;Campo retribuzione;
Compensation framework;;no;yes;no;;Compensation framework;;Quadro retributivo;
Compensation history;;no;yes;no;;Compensation history;;Cronologia retributiva;
Compensation manager;;no;yes;no;;Compensation manager;;Manager della retribuzione;
Compensation philosophy;;no;yes;no;;Compensation philosophy;;Filosofia della retribuzione;
Compensation rounds;;no;yes;no;;Compensation rounds;;Cicli di compensazione;
Competency Scales;;no;yes;no;;Competency Scales;;Scale delle competenze;
Competency scale;;no;yes;no;;Competency scale;;Scala delle competenze;
Complete;;no;yes;no;;Complete;;Completa;
Completed;;no;yes;no;;Completed;;Completato;
Completion;;no;yes;no;;Completion;;Completamento;
Completion rate;;no;yes;no;;Completion rate;;Tasso di completamento;
Concatenated fields;;no;yes;no;;Concatenated fields;;Campi concatenati;
Condition;;no;yes;no;;Condition;;Condizione;
Conditional;;no;yes;no;;Conditional;;Condizionale;
Conditional formatting;;no;yes;no;;Conditional formatting;;Formattazione condizionale;
Config;;no;yes;no;;Config;;Configura;
Configuration;;no;yes;no;;Configuration;;Configurazione;
Configurations;;no;yes;no;;Configurations;;Configurazioni;
Confirm;;no;yes;no;;Confirm;;Conferma;
Confirm deletion;;no;yes;no;;Confirm deletion;;Conferma eliminazione;
Confirmation;;no;yes;no;;Confirmation;;Conferma;
Connection name;;no;yes;no;;Connection name;;Nome connessione;
Constructive;;no;yes;no;;Constructive;;Costruttivo;
Contains;;no;yes;no;;Contains;;Contiene;
Continue;;no;yes;no;;Continue;;Continua;
Continue editing;;no;yes;no;;Continue editing;;Continua a modificare;
Contract type;;no;yes;no;;Contract type;;Tipo di contratto;
Conversation & publication;;no;yes;no;;Conversation & publication;;Conversazione e pubblicazione;
Copy;;no;yes;no;;Copy;;Copia;
Cost Center;;no;yes;no;;Cost Center;;Centro di costo;
Cost center;;no;yes;no;;Cost center;;Centro di costo;
Count;;no;yes;no;;Count;;Conteggio;
Country;;no;yes;no;;Country;;Paese;
Create;;no;yes;no;;Create;;Crea;
Create check-in;;no;yes;no;;Create check-in;;Crea check-in;
Create communication round;;no;yes;no;;Create communication round;;Crea ciclo di comunicazione;
Create document;;no;yes;no;;Create document;;Crea documento;
Create goal;;no;yes;no;;Create goal;;Crea obiettivo;
Create goal plan;;no;yes;no;;Create goal plan;;Crea piano dell'obiettivo;
Create goal type;;no;yes;no;;Create goal type;;Crea tipo di obiettivo;
Create model;;no;yes;no;;Create model;;Crea modello;
Create performance review;;no;yes;no;;Create performance review;;Crea revisione delle prestazioni;
Create rule;;no;yes;no;;Create rule;;Crea regola;
Created;;no;yes;no;;Created;;Creato;
Created by;;no;yes;no;;Created by;;Creato da;
Created date;;no;yes;no;;Created date;;Data di creazione;
Created on;;no;yes;no;;Created on;;Creati in data;
Creation date;;no;yes;no;;Creation date;;Data di creazione;
Creator;;no;yes;no;;Creator;;Creatore;
Criteria;;no;yes;no;;Criteria;;Criteri;
Criteria blocks;;no;yes;no;;Criteria blocks;;Blocchi di criteri;
Criterion;;no;yes;no;;Criterion;;Criterio;
Currency;;no;yes;no;;Currency;;Valuta;
Currency Settings;;no;yes;no;;Currency Settings;;Impostazioni valuta;
Currency field;;no;yes;no;;Currency field;;Campo valuta;
Currency source;;no;yes;no;;Currency source;;Fonte della valuta;
Current;;no;yes;no;;Current;;Corrente;
Current manager;;no;yes;no;;Current manager;;Manager attuale;
Custom;;no;yes;no;;Custom;;Personalizzato;
Custom Entities;;no;yes;no;;Custom Entities;;Entità personalizzate;
Custom Fields;;no;yes;no;;Custom Fields;;Campi personalizzati;
Custom column;;no;yes;no;;Custom column;;Colonna personalizzata;
Custom criteria;;no;yes;no;;Custom criteria;;Criteri personalizzati;
Custom entities;;no;yes;no;;Custom entities;;Entità personalizzate;
Custom fields;;no;yes;no;;Custom fields;;Campi personalizzati;
Custom section;;no;yes;no;;Custom section;;Sezione personalizzata;
Custom widget;;no;yes;no;;Custom widget;;Widget personalizzato;
Data Entities & Sources;;no;yes;no;;Data Entities & Sources;;Entità e origini dati;
Data Foundation;;no;yes;no;;Data Foundation;;Fondazione dei dati;
Data Management;;no;yes;no;;Data Management;;Gestione dei dati;
Data Modeler;;no;yes;no;;Data Modeler;;Strumento di modellazione dei dati;
Data Privacy;;no;yes;no;;Data Privacy;;Privacy dei dati;
Data Retention;;no;yes;no;;Data Retention;;Conservazione dei dati;
Data Upload;;no;yes;no;;Data Upload;;Caricamento dati;
Data entities & sources;;no;yes;no;;Data entities & sources;;Entità e fonti di dati;
Data foundation;;no;yes;no;;Data foundation;;Fondazione dei dati;
Data management;;no;yes;no;;Data management;;Gestione dei dati;
Data model;;no;yes;no;;Data model;;Modello di dati;
Data privacy;;no;yes;no;;Data privacy;;Privacy dei dati;
Data privacy statement;;no;yes;no;;Data privacy statement;;Informativa sulla privacy dei dati;
Data retention period;;no;yes;no;;Data retention period;;Periodo di conservazione dei dati;
Data scope;;no;yes;no;;Data scope;;Ambito dei dati;
Data source;;no;yes;no;;Data source;;Origine dati;
Date;;no;yes;no;;Date;;Data;
Date & Time;;no;yes;no;;Date & Time;;Data e ora;
Date & time;;no;yes;no;;Date & time;;Data e ora;
Date to;;no;yes;no;;Date to;;Data di fine;
Days;;no;yes;no;;Days;;Giorni;
Deactivate;;no;yes;no;;Deactivate;;Disattiva;
Deactivated;;no;yes;no;;Deactivated;;Disattivato;
Deactivated user;;no;yes;no;;Deactivated user;;Utente disattivato;
Deactivation;;no;yes;no;;Deactivation;;Disattivazione;
Deadline status;;no;yes;no;;Deadline status;;Stato scadenza;
Decimal;;no;yes;no;;Decimal;;Decimale;
Decimal precision;;no;yes;no;;Decimal precision;;Precisione decimale;
Default;;no;yes;no;;Default;;Predefinito;
Default beqom logo;;no;yes;no;;Default beqom logo;;Logo predefinito beqom;
Default value;;no;yes;no;;Default value;;Valore predefinito;
Delete;;no;yes;no;;Delete;;Elimina;
Delete all;;no;yes;no;;Delete all;;Elimina tutto;
Delete comment;;no;yes;no;;Delete comment;;Elimina commento;
Delete goal;;no;yes;no;;Delete goal;;Elimina obiettivo;
Delete note;;no;yes;no;;Delete note;;Elimina nota;
Delete rule;;no;yes;no;;Delete rule;;Elimina regola;
Delete selected;;no;yes;no;;Delete selected;;Elimina selezionate;
Deleted;;no;yes;no;;Deleted;;Eliminato;
Deleted by;;no;yes;no;;Deleted by;;Eliminato da;
Deletion;;no;yes;no;;Deletion;;Eliminazione;
Deliverable;;no;yes;no;;Deliverable;;Risultato;
Deliverables;;no;yes;no;;Deliverables;;Deliverable;
Demographic;;no;yes;no;;Demographic;;Dati demografici;
Demographics;;no;yes;no;;Demographics;;Informazioni demografiche;
Department;;no;yes;no;;Department;;Dipartimento;
Description;;no;yes;no;;Description;;Descrizione;
Details;;no;yes;no;;Details;;Dettagli;
Development;;no;yes;no;;Development;;Sviluppo;
Development plans;;no;yes;no;;Development plans;;Piani di sviluppo;
Digital reward statement;;no;yes;no;;Digital reward statement;;Rendiconto dei premi digitali;
Direct Reports;;no;yes;no;;Direct Reports;;Subordinati diretti;
Direct report;;no;yes;no;;Direct report;;Subordinato diretto;
Direct reports;;no;yes;no;;Direct reports;;Subordinati diretti;
Direction;;no;yes;no;;Direction;;Direzione;
Disable;;no;yes;no;;Disable;;Disabilita;
Disabled;;no;yes;no;;Disabled;;Disabilitato;
Discard;;no;yes;no;;Discard;;Elimina;
Discussion;;no;yes;no;;Discussion;;Discussione;
Discussion outcome;;no;yes;no;;Discussion outcome;;Esito della discussione;
Discussion point;;no;yes;no;;Discussion point;;Punto di discussione;
Discussion points;;no;yes;no;;Discussion points;;Punti di discussione;
Display name;;no;yes;no;;Display name;;Nome visualizzato;
Distribution;;no;yes;no;;Distribution;;Distribuzione;
Distribution guidelines;;no;yes;no;;Distribution guidelines;;Linee guida per la distribuzione;
Document;;no;yes;no;;Document;;Documento;
Document Settings;;no;yes;no;;Document Settings;;Impostazioni documento;
Document Templates;;no;yes;no;;Document Templates;;Modelli di documento;
Document generation;;no;yes;no;;Document generation;;Generazione di documenti;
Document name;;no;yes;no;;Document name;;Nome documento;
Document preview;;no;yes;no;;Document preview;;Anteprima documento;
Document review;;no;yes;no;;Document review;;Revisione del documento;
Document settings;;no;yes;no;;Document settings;;Impostazioni del documento;
Document status;;no;yes;no;;Document status;;Stato documento;
Document template;;no;yes;no;;Document template;;Modello di documento;
Documents;;no;yes;no;;Documents;;Documenti;
Done;;no;yes;no;;Done;;Fatto;
Download;;no;yes;no;;Download;;Scarica;
Download CSV;;no;yes;no;;Download CSV;;Scarica CSV;
Download log file;;no;yes;no;;Download log file;;Scarica il file di registro;
Download template;;no;yes;no;;Download template;;Scarica modello;
Download the template;;no;yes;no;;Download the template;;Scarica il modello;
Draft;;no;yes;no;;Draft;;Bozza;
Drop-down list;;no;yes;no;;Drop-down list;;Elenco a discesa;
Due date;;no;yes;no;;Due date;;Data di scadenza;
Duplicate;;no;yes;no;;Duplicate;;Duplicato;
Duplication successful;;no;yes;no;;Duplication successful;;Duplicazione riuscita;
Edit;;no;yes;no;;Edit;;Modifica;
Edit goal;;no;yes;no;;Edit goal;;Modifica obiettivo;
Edit model;;no;yes;no;;Edit model;;Modifica modello;
Edit note;;no;yes;no;;Edit note;;Modifica nota;
Edited;;no;yes;no;;Edited;;Modificato;
Education;;no;yes;no;;Education;;Istruzione;
Effective date;;no;yes;no;;Effective date;;Data di decorrenza;
Eligibility;;no;yes;no;;Eligibility;;Idoneità;
Eligible;;no;yes;no;;Eligible;;Idoneo;
Eligible workers;;no;yes;no;;Eligible workers;;Collaboratori idonei;
Else;;no;yes;no;;Else;;Altrimenti;
Email Notifications;;no;yes;no;;Email Notifications;;Notifiche email;
Email address;;no;yes;no;;Email address;;Indirizzo email;
Email notification;;no;yes;no;;Email notification;;Notifica email;
Email notifications;;no;yes;no;;Email notifications;;Notifiche email;
Email subject;;no;yes;no;;Email subject;;Oggetto email;
Employment;;no;yes;no;;Employment;;Occupazione;
Empty;;no;yes;no;;Empty;;Vuoto;
Enable;;no;yes;no;;Enable;;Abilita;
Enable Feedback;;no;yes;no;;Enable Feedback;;Abilita il feedback;
Enabled;;no;yes;no;;Enabled;;Abilitata;
End date;;no;yes;no;;End date;;Data di fine;
Endorsed;;no;yes;no;;Endorsed;;Approvato;
Enter;;no;yes;no;;Enter;;Inserisci;
Enter a name;;no;yes;no;;Enter a name;;Inserisci un nome;
Enter text;;no;yes;no;;Enter text;;Inserisci testo;
Entities;;no;yes;no;;Entities;;Entità;
Entities & fields;;no;yes;no;;Entities & fields;;Entità e campi;
Entity;;no;yes;no;;Entity;;Entità;
Entity details;;no;yes;no;;Entity details;;Dettagli entità;
Entity enum;;no;yes;no;;Entity enum;;Enum entità;
Entity name;;no;yes;no;;Entity name;;Nome dell'entità;
Equal to;;no;yes;no;;Equal to;;Uguale a;
Equity;;no;yes;no;;Equity;;Titoli azionari;
Error;;no;yes;no;;Error;;Errore;
Errors;;no;yes;no;;Errors;;Errori;
Evaluation section;;no;yes;no;;Evaluation section;;Sezione di valutazione;
Examples;;no;yes;no;;Examples;;Esempi;
Exchange Rates;;no;yes;no;;Exchange Rates;;Tassi di cambio;
Exchange rate;;no;yes;no;;Exchange rate;;Tasso di cambio;
Exchange rate type;;no;yes;no;;Exchange rate type;;Tipo di tasso di cambio;
Exchange rates;;no;yes;no;;Exchange rates;;Tassi di cambio;
Exclude;;no;yes;no;;Exclude;;Escludi;
Exclude individuals;;no;yes;no;;Exclude individuals;;Esclusi individui;
Excluded;;no;yes;no;;Excluded;;Escluso;
Exit;;no;yes;no;;Exit;;Esci;
Exit without saving;;no;yes;no;;Exit without saving;;Esci senza salvare;
Expand;;no;yes;no;;Expand;;Espandi;
Experience;;no;yes;no;;Experience;;Esperienza;
Export;;no;yes;no;;Export;;Esporta;
Expression;;no;yes;no;;Expression;;Espressione;
Expression formula;;no;yes;no;;Expression formula;;Formula dell'espressione;
External;;no;yes;no;;External;;Esterno;
Failed;;no;yes;no;;Failed;;Operazione non riuscita;
Favorite;;no;yes;no;;Favorite;;Preferito;
Favorite feedback;;no;yes;no;;Favorite feedback;;Feedback preferiti;
Favorites;;no;yes;no;;Favorites;;Favoriti;
Feature;;no;yes;no;;Feature;;Funzionalità;
Feature Enablement;;no;yes;no;;Feature Enablement;;Abilitazione delle funzionalità;
Feature enablement;;no;yes;no;;Feature enablement;;Abilitazione delle funzionalità;
Features;;no;yes;no;;Features;;Funzionalità;
Feedback Ratings;;no;yes;no;;Feedback Ratings;;Valutazioni feedback;
Feedback from;;no;yes;no;;Feedback from;;Feedback da;
Feedback insights;;no;yes;no;;Feedback insights;;Insight sui feedback;
Feedback note;;no;yes;no;;Feedback note;;Nota di feedback;
Feedback notes;;no;yes;no;;Feedback notes;;Note di feedback;
Feedback rating;;no;yes;no;;Feedback rating;;Valutazione del feedback;
Feedback received;;no;yes;no;;Feedback received;;Feedback ricevuti;
Feedback request;;no;yes;no;;Feedback request;;Richiesta di feedback;
Feedback requested;;no;yes;no;;Feedback requested;;Feedback richiesto;
Feedback requests;;no;yes;no;;Feedback requests;;Richieste di feedback;
Feedback sent;;no;yes;no;;Feedback sent;;Feedback inviato;
Feedback sent to;;no;yes;no;;Feedback sent to;;Feedback inviato a;
Female;;no;yes;no;;Female;;Femmina;
Field;;no;yes;no;;Field;;Campo;
Field name;;no;yes;no;;Field name;;Nome campo;
Fields;;no;yes;no;;Fields;;Campi;
Fields used;;no;yes;no;;Fields used;;Campi utilizzati;
File name;;no;yes;no;;File name;;Nome file;
File upload;;no;yes;no;;File upload;;Caricamento file;
Fill in the necessary details;;no;yes;no;;Fill in the necessary details;;Compili i dettagli necessari;
Filter;;no;yes;no;;Filter;;Filtro;
Filters;;no;yes;no;;Filters;;Filtri;
Final;;no;yes;no;;Final;;Finale;
Final Validation;;no;yes;no;;Final Validation;;Convalida finale;
Final validation;;no;yes;no;;Final validation;;Convalida finale;
Fixed;;no;yes;no;;Fixed;;Fisso;
For managers;;no;yes;no;;For managers;;Per i manager;
For workers;;no;yes;no;;For workers;;Per i collaboratori;
Formatting;;no;yes;no;;Formatting;;Formattazione;
Forms;;no;yes;no;;Forms;;Moduli;
From;;no;yes;no;;From;;Da;
Full name;;no;yes;no;;Full name;;Nome completo;
Functions;;no;yes;no;;Functions;;Funzioni;
Gender;;no;yes;no;;Gender;;Genere;
General;;no;yes;no;;General;;Generale;
General information;;no;yes;no;;General information;;Informazioni generali;
Generate;;no;yes;no;;Generate;;Genera;
Generate PDF;;no;yes;no;;Generate PDF;;Stampa PDF;
Generated;;no;yes;no;;Generated;;Generato;
Generation date;;no;yes;no;;Generation date;;Data di generazione;
Get started by creating one;;no;yes;no;;Get started by creating one;;Per iniziare, creane uno;
Give;;no;yes;no;;Give;;Fornisci;
Give feedback;;no;yes;no;;Give feedback;;Fornisci feedback;
Global;;no;yes;no;;Global;;Globale;
Global currency;;no;yes;no;;Global currency;;Valuta globale;
Global worker category;;no;yes;no;;Global worker category;;Categoria globale dei Collaboratori;
Go to feedback;;no;yes;no;;Go to feedback;;Vai al feedback;
Goal;;no;yes;no;;Goal;;Obiettivo;
Goal Achievement;;no;yes;no;;Goal Achievement;;Conseguimento obiettivo;
Goal Alignment;;no;yes;no;;Goal Alignment;;Allineamento obiettivi;
Goal Details;;no;yes;no;;Goal Details;;Dettagli obiettivo;
Goal ID;;no;yes;no;;Goal ID;;ID obiettivo;
Goal Overview;;no;yes;no;;Goal Overview;;Panoramica obiettivi;
Goal Plan;;no;yes;no;;Goal Plan;;Piano dell'obiettivo;
Goal Plans;;no;yes;no;;Goal Plans;;Piani degli obiettivi;
Goal Status;;no;yes;no;;Goal Status;;Stato obiettivo;
Goal Tag Libraries;;no;yes;no;;Goal Tag Libraries;;Librerie dei tag degli obiettivi;
Goal Types;;no;yes;no;;Goal Types;;Tipi di obiettivo;
Goal achievement;;no;yes;no;;Goal achievement;;Conseguimento obiettivo;
Goal alignment;;no;yes;no;;Goal alignment;;Allineamento degli obiettivi;
Goal creator;;no;yes;no;;Goal creator;;Creatore dell'obiettivo;
Goal details;;no;yes;no;;Goal details;;Dettagli dell'obiettivo;
Goal name;;no;yes;no;;Goal name;;Nome obiettivo;
Goal overview;;no;yes;no;;Goal overview;;Panoramica degli obiettivi;
Goal owner;;no;yes;no;;Goal owner;;Proprietario dell'obiettivo;
Goal owner worker ID;;no;yes;no;;Goal owner worker ID;;ID collaboratore proprietario dell'obiettivo;
Goal period;;no;yes;no;;Goal period;;Periodo dell'obiettivo;
Goal plan;;no;yes;no;;Goal plan;;Piano degli obiettivi;
Goal plans;;no;yes;no;;Goal plans;;Piani degli obiettivi;
Goal priority;;no;yes;no;;Goal priority;;Priorità degli obiettivi;
Goal progress;;no;yes;no;;Goal progress;;Avanzamento degli obiettivi;
Goal status;;no;yes;no;;Goal status;;Stato obiettivo;
Goal tags;;no;yes;no;;Goal tags;;Tag degli obiettivi;
Goal title;;no;yes;no;;Goal title;;Titolo dell'obiettivo;
Goal tracking status;;no;yes;no;;Goal tracking status;;Stato di monitoraggio degli obiettivi;
Goal type;;no;yes;no;;Goal type;;Tipo di obiettivo;
Goal type weight;;no;yes;no;;Goal type weight;;Peso del tipo di obiettivo;
Goal types;;no;yes;no;;Goal types;;Tipi di obiettivi;
Goal weight;;no;yes;no;;Goal weight;;Peso obiettivo;
Goal workflow;;no;yes;no;;Goal workflow;;Flusso di lavoro degli obiettivi;
Goals;;no;yes;no;;Goals;;Obiettivi;
Goals aligned with this goal;;no;yes;no;;Goals aligned with this goal;;Obiettivi allineati con questo obiettivo;
Grade;;no;yes;no;;Grade;;Grado;
Grant date;;no;yes;no;;Grant date;;Data di concessione;
Grant proxy access;;no;yes;no;;Grant proxy access;;Concedi accesso in delega;
Grants;;no;yes;no;;Grants;;Concessioni;
Greater than;;no;yes;no;;Greater than;;Maggiore di;
Greater than or equal to;;no;yes;no;;Greater than or equal to;;Maggiore o uguale di;
Group name;;no;yes;no;;Group name;;Nome del gruppo;
Groups;;no;yes;no;;Groups;;Gruppi;
Guaranteed amount;;no;yes;no;;Guaranteed amount;;Importo garantito;
Guaranteed amount rule;;no;yes;no;;Guaranteed amount rule;;Regola dell'importo garantito;
Guaranteed amounts;;no;yes;no;;Guaranteed amounts;;Importi garantiti;
Guideline;;no;yes;no;;Guideline;;Linea guida;
Guidelines;;no;yes;no;;Guidelines;;Linee guida;
HRBP approval;;no;yes;no;;HRBP approval;;Approvazione HRBP;
HRBP review;;no;yes;no;;HRBP review;;Revisione HRBP;
Help;;no;yes;no;;Help;;Aiuto;
Help tip;;no;yes;no;;Help tip;;Suggerimento di aiuto;
Helpful;;no;yes;no;;Helpful;;Utile;
Hide;;no;yes;no;;Hide;;Nascondi;
Hierarchy;;no;yes;no;;Hierarchy;;Gerarchia;
High;;no;yes;no;;High;;Alta;
Historical Reviews;;no;yes;no;;Historical Reviews;;Cronologia revisioni;
Historical compensation;;no;yes;no;;Historical compensation;;Compensazione storica;
Identifier;;no;yes;no;;Identifier;;Identificatore;
Image;;no;yes;no;;Image;;Immagine;
Import;;no;yes;no;;Import;;Importa;
In progress;;no;yes;no;;In progress;;In corso;
In use;;no;yes;no;;In use;;In uso;
Inactive;;no;yes;no;;Inactive;;Inattivo;
Include;;no;yes;no;;Include;;Includi;
Included;;no;yes;no;;Included;;Incluso;
Individual;;no;yes;no;;Individual;;Individuale;
Individual goal;;no;yes;no;;Individual goal;;Obiettivo individuale;
Individual goals;;no;yes;no;;Individual goals;;Obiettivi individuali;
Individual view;;no;yes;no;;Individual view;;Vista individuale;
Individual workers;;no;yes;no;;Individual workers;;Collaboratori individuali;
Individuals;;no;yes;no;;Individuals;;Individui;
Ingestion;;no;yes;no;;Ingestion;;Acquisizione;
Insightful;;no;yes;no;;Insightful;;Perspicace;
Insights;;no;yes;no;;Insights;;Approfondimenti;
Inspiring;;no;yes;no;;Inspiring;;Motivante;
Instant messaging address;;no;yes;no;;Instant messaging address;;Indirizzo di messaggistica istantanea;
Integer;;no;yes;no;;Integer;;Intero;
Interface;;no;yes;no;;Interface;;Interfaccia;
Is PII;;no;yes;no;;Is PII;;È PII;
Is completed;;no;yes;no;;Is completed;;È completato;
Is enabled;;no;yes;no;;Is enabled;;È abilitato;
Is read;;no;yes;no;;Is read;;È letto;
Is required;;no;yes;no;;Is required;;È obbligatorio;
Job code;;no;yes;no;;Job code;;Codice lavoro;
Job level;;no;yes;no;;Job level;;Livello lavorativo;
Job title;;no;yes;no;;Job title;;Titolo mansione;
Key dates;;no;yes;no;;Key dates;;Date chiave;
Key deliverables;;no;yes;no;;Key deliverables;;Deliverable chiave;
Label;;no;yes;no;;Label;;Etichetta;
Language;;no;yes;no;;Language;;Lingua;
Language code;;no;yes;no;;Language code;;Codice lingua;
Languages;;no;yes;no;;Languages;;Lingue;
Last edited;;no;yes;no;;Last edited;;Ultima modifica;
Last update;;no;yes;no;;Last update;;Ultimo aggiornamento;
Last updated;;no;yes;no;;Last updated;;Ultimo aggiornamento;
Learning;;no;yes;no;;Learning;;Apprendimento;
Leave of absence;;no;yes;no;;Leave of absence;;Congedo;
Legal Entity;;no;yes;no;;Legal Entity;;Entità legale;
Legal entity;;no;yes;no;;Legal entity;;Persona giuridica;
Less than;;no;yes;no;;Less than;;Meno di;
Less than or equal to;;no;yes;no;;Less than or equal to;;Minore o uguale a;
Let's meet;;no;yes;no;;Let's meet;;Facciamo una riunione;
Level;;no;yes;no;;Level;;Livello;
Library details;;no;yes;no;;Library details;;Dettagli della libreria;
Library name;;no;yes;no;;Library name;;Nome della libreria;
Limit;;no;yes;no;;Limit;;Limite;
Line manager;;no;yes;no;;Line manager;;Responsabile diretto;
Linear curve;;no;yes;no;;Linear curve;;Curva lineare;
Local time;;no;yes;no;;Local time;;Ora locale;
Local worker category;;no;yes;no;;Local worker category;;Categoria locale dei collaboratori;
Localization;;no;yes;no;;Localization;;Localizzazione;
Location;;no;yes;no;;Location;;Sede;
Locations;;no;yes;no;;Locations;;Sedi;
Logins;;no;yes;no;;Logins;;Accessi;
Logins over time;;no;yes;no;;Logins over time;;Accessi nel tempo;
Logout;;no;yes;no;;Logout;;Esci;
Low;;no;yes;no;;Low;;Bassa;
Main;;no;yes;no;;Main;;Principale;
Main currency;;no;yes;no;;Main currency;;Valuta principale;
Main group;;no;yes;no;;Main group;;Gruppo principale;
Male;;no;yes;no;;Male;;Maschio;
Manage;;no;yes;no;;Manage;;Gestisci;
Manage users;;no;yes;no;;Manage users;;Gestire gli utenti;
Manager ID;;no;yes;no;;Manager ID;;ID manager;
Manager feedback;;no;yes;no;;Manager feedback;;Feedback del manager;
Manager name;;no;yes;no;;Manager name;;Nome del manager;
Manager proposal;;no;yes;no;;Manager proposal;;Proposta del manager;
Manager review;;no;yes;no;;Manager review;;Revisione del manager;
Managers;;no;yes;no;;Managers;;Responsabili;
Mandatory;;no;yes;no;;Mandatory;;Obbligatorio;
Manually;;no;yes;no;;Manually;;Manualmente;
Mapping configuration;;no;yes;no;;Mapping configuration;;Configurazione mappatura;
Max target;;no;yes;no;;Max target;;Target massimo;
Max. score;;no;yes;no;;Max. score;;Punteggio massimo;
Maximum;;no;yes;no;;Maximum;;Massimo;
Maximum outcome;;no;yes;no;;Maximum outcome;;Risultato massimo;
Maximum payout;;no;yes;no;;Maximum payout;;Pagamento massimo;
Measurement;;no;yes;no;;Measurement;;Misurazione;
Measurement criteria;;no;yes;no;;Measurement criteria;;Criteri di misurazione;
Medium;;no;yes;no;;Medium;;Media;
Message;;no;yes;no;;Message;;Messaggio;
Min target;;no;yes;no;;Min target;;Target minimo;
Minimum;;no;yes;no;;Minimum;;Minimo;
Minimum outcome;;no;yes;no;;Minimum outcome;;Risultato minimo;
Model;;no;yes;no;;Model;;Modello;
Model description;;no;yes;no;;Model description;;Descrizione del modello;
Model details;;no;yes;no;;Model details;;Dettagli del modello;
Model features;;no;yes;no;;Model features;;Funzionalità dei modelli;
Model name;;no;yes;no;;Model name;;Nome del modello;
Model type;;no;yes;no;;Model type;;Tipo di modello;
Models;;no;yes;no;;Models;;Modelli;
Moderation;;no;yes;no;;Moderation;;Moderazione;
Moderation stage;;no;yes;no;;Moderation stage;;Fase di moderazione;
Month;;no;yes;no;;Month;;Mensile;
Months;;no;yes;no;;Months;;Mesi;
More;;no;yes;no;;More;;Altro;
More details;;no;yes;no;;More details;;Maggiori dettagli;
Move reviews;;no;yes;no;;Move reviews;;Sposta le revisioni;
Multiple;;no;yes;no;;Multiple;;Multiplo;
My behavior profile;;no;yes;no;;My behavior profile;;Il mio profilo comportamentale;
My feedback;;no;yes;no;;My feedback;;Il mio feedback;
My goal;;no;yes;no;;My goal;;Il mio obiettivo;
My goals;;no;yes;no;;My goals;;I miei obiettivi;
My note;;no;yes;no;;My note;;La mia nota;
My review;;no;yes;no;;My review;;La mia revisione;
My reviews;;no;yes;no;;My reviews;;Le mie valutazioni;
Name;;no;yes;no;;Name;;Nome;
New manager;;no;yes;no;;New manager;;Nuovo manager;
New password;;no;yes;no;;New password;;Nuova password;
Next;;no;yes;no;;Next;;Avanti;
Next step;;no;yes;no;;Next step;;Passaggio successivo;
Nickname;;no;yes;no;;Nickname;;Soprannome;
No career development plans;;no;yes;no;;No career development plans;;Nessun piano di sviluppo professionale;
No check-ins;;no;yes;no;;No check-ins;;Nessun check-in;
No comments yet;;no;yes;no;;No comments yet;;Nessun commento ancora;
No compensation rounds;;no;yes;no;;No compensation rounds;;Nessun ciclo di compensazione;
No data;;no;yes;no;;No data;;Nessun dato;
No description;;no;yes;no;;No description;;Nessuna descrizione;
No documents;;no;yes;no;;No documents;;Nessun documento;
No feedback;;no;yes;no;;No feedback;;Nessun feedback;
No goals;;no;yes;no;;No goals;;Nessun obiettivo;
No goals yet;;no;yes;no;;No goals yet;;Ancora nessun obiettivo;
No messages yet;;no;yes;no;;No messages yet;;Ancora nessun messaggio;
No notes;;no;yes;no;;No notes;;Nessuna nota;
No populations;;no;yes;no;;No populations;;Nessuna popolazione;
No populations yet;;no;yes;no;;No populations yet;;Ancora nessuna popolazione;
No priority;;no;yes;no;;No priority;;Nessuna priorità;
No questions;;no;yes;no;;No questions;;Nessuna domanda;
No results;;no;yes;no;;No results;;Nessun risultato;
No results found;;no;yes;no;;No results found;;Nessun risultato trovato;
No value;;no;yes;no;;No value;;Nessun valore;
Non-conditional;;no;yes;no;;Non-conditional;;Non condizionale;
None;;no;yes;no;;None;;Nessuno;
Not completed;;no;yes;no;;Not completed;;Non completato;
Not empty;;no;yes;no;;Not empty;;Non vuoto;
Not released;;no;yes;no;;Not released;;Non pubblicato;
Not selected;;no;yes;no;;Not selected;;Non selezionato;
Not started;;no;yes;no;;Not started;;Non iniziata;
Not submitted;;no;yes;no;;Not submitted;;Non inviato;
Note;;no;yes;no;;Note;;Nota;
Notes;;no;yes;no;;Notes;;Note;
Notification bell;;no;yes;no;;Notification bell;;Campanella delle notifiche;
Notifications;;no;yes;no;;Notifications;;Notifiche;
Nudge;;no;yes;no;;Nudge;;Promemoria;
Number;;no;yes;no;;Number;;Numero;
Number of days;;no;yes;no;;Number of days;;Numero di giorni;
Number of years;;no;yes;no;;Number of years;;Numero di anni;
Numeric;;no;yes;no;;Numeric;;Numerico;
Observations;;no;yes;no;;Observations;;Osservazioni;
On track;;no;yes;no;;On track;;Nei tempi;
Open;;no;yes;no;;Open;;Apri;
Operator;;no;yes;no;;Operator;;Operatore;
Optional;;no;yes;no;;Optional;;Opzionale;
Organization;;no;yes;no;;Organization;;Organizzazione;
Organization external ID;;no;yes;no;;Organization external ID;;ID esterno dell'organizzazione;
Organizational;;no;yes;no;;Organizational;;Organizzativo;
Organizational Units;;no;yes;no;;Organizational Units;;Unità organizzative;
Organizational goal;;no;yes;no;;Organizational goal;;Obiettivo organizzativo;
Organizational unit;;no;yes;no;;Organizational unit;;Unità organizzativa;
Other;;no;yes;no;;Other;;Altro;
Outcome;;no;yes;no;;Outcome;;Risultato;
Overall behavior rating;;no;yes;no;;Overall behavior rating;;Valutazione complessiva del comportamento;
Overall performance;;no;yes;no;;Overall performance;;Prestazioni complessive;
Overall performance rating;;no;yes;no;;Overall performance rating;;Valutazione complessiva delle prestazioni;
Overall progress;;no;yes;no;;Overall progress;;Progresso complessivo;
Overdue;;no;yes;no;;Overdue;;In ritardo;
Overview;;no;yes;no;;Overview;;Panoramica;
Owner;;no;yes;no;;Owner;;Proprietario;
Owners;;no;yes;no;;Owners;;Proprietari;
Participant;;no;yes;no;;Participant;;Partecipante;
Participants;;no;yes;no;;Participants;;Partecipanti;
Passport;;no;yes;no;;Passport;;Passaporto;
Past;;no;yes;no;;Past;;Passato;
Pay Analysis;;no;yes;no;;Pay Analysis;;Analisi retributiva;
Pay Information;;no;yes;no;;Pay Information;;Informazioni sulla retribuzione;
Pay Transparency;;no;yes;no;;Pay Transparency;;Trasparenza salariale;
Pay analysis;;no;yes;no;;Pay analysis;;Analisi retributiva;
Pay information;;no;yes;no;;Pay information;;Informazioni sulla retribuzione;
Pay information requests;;no;yes;no;;Pay information requests;;Richieste di informazioni sulla retribuzione;
Pay range;;no;yes;no;;Pay range;;Fascia di retribuzione;
Payout;;no;yes;no;;Payout;;Pagamento;
Payout Curves;;no;yes;no;;Payout Curves;;Curve di pagamento;
Payout curve;;no;yes;no;;Payout curve;;Curva di pagamento;
Payout curves;;no;yes;no;;Payout curves;;Curve di pagamento;
Payroll;;no;yes;no;;Payroll;;Buste paga;
Payroll data drop;;no;yes;no;;Payroll data drop;;Importazione dati delle retribuzioni;
Peers;;no;yes;no;;Peers;;Colleghi;
Pending;;no;yes;no;;Pending;;In sospeso;
Pending approval;;no;yes;no;;Pending approval;;In attesa di approvazione;
Pending confirmation;;no;yes;no;;Pending confirmation;;In attesa di conferma;
Pending draft;;no;yes;no;;Pending draft;;Bozza in sospeso;
Pending publishing;;no;yes;no;;Pending publishing;;In attesa di pubblicazione;
Pending sign-off;;no;yes;no;;Pending sign-off;;In attesa di approvazione;
People;;no;yes;no;;People;;Persone;
People day;;no;yes;no;;People day;;Giornata delle persone;
Percentage;;no;yes;no;;Percentage;;Percentuale;
Performance;;no;yes;no;;Performance;;Prestazioni;
Performance Management;;no;yes;no;;Performance Management;;Gestione delle prestazioni;
Performance Reviews;;no;yes;no;;Performance Reviews;;Valutazioni delle prestazioni;
Performance check-ins;;no;yes;no;;Performance check-ins;;Check-in delle prestazioni;
Performance rating;;no;yes;no;;Performance rating;;Valutazione delle prestazioni;
Performance review;;no;yes;no;;Performance review;;Revisione delle prestazioni;
Performance review details;;no;yes;no;;Performance review details;;Dettagli della revisione delle prestazioni;
Performance review templates;;no;yes;no;;Performance review templates;;Modelli di revisione delle prestazioni;
Period;;no;yes;no;;Period;;Periodo;
Period start date;;no;yes;no;;Period start date;;Data di inizio del periodo;
Personal;;no;yes;no;;Personal;;Personale;
Personally identifiable information;;no;yes;no;;Personally identifiable information;;Informazioni che consentono l'identificazione personale;
Phone number;;no;yes;no;;Phone number;;Numero di telefono;
Plan;;no;yes;no;;Plan;;Piano;
Plan details;;no;yes;no;;Plan details;;Dettagli piano;
Plan name;;no;yes;no;;Plan name;;Nome piano;
Plan stage;;no;yes;no;;Plan stage;;Fase del piano;
Plan transmission;;no;yes;no;;Plan transmission;;Trasmissione del piano;
Planner;;no;yes;no;;Planner;;Strumento di pianificazione;
Plans;;no;yes;no;;Plans;;Piani;
Population;;no;yes;no;;Population;;Popolazione;
Population criteria;;no;yes;no;;Population criteria;;Criteri della popolazione;
Populations;;no;yes;no;;Populations;;Popolazioni;
Position in pay range;;no;yes;no;;Position in pay range;;Posizione nella fascia retributiva;
Preview;;no;yes;no;;Preview;;Anteprima;
Preview document;;no;yes;no;;Preview document;;Anteprima documento;
Previous;;no;yes;no;;Previous;;Precedente;
Priority;;no;yes;no;;Priority;;Priorità;
Privacy settings;;no;yes;no;;Privacy settings;;Impostazioni sulla privacy;
Privacy statement text;;no;yes;no;;Privacy statement text;;Testo dell'informativa sulla privacy;
Private;;no;yes;no;;Private;;Privato;
Proceed;;no;yes;no;;Proceed;;Procedi;
Processing;;no;yes;no;;Processing;;Elaborazione;
Professional;;no;yes;no;;Professional;;Professionale;
Progress;;no;yes;no;;Progress;;Avanzamento;
Progress tracking;;no;yes;no;;Progress tracking;;Monitoraggio dei progressi;
Properties;;no;yes;no;;Properties;;Proprietà;
Proposal management;;no;yes;no;;Proposal management;;Gestione delle proposte;
Prorated target bonus;;no;yes;no;;Prorated target bonus;;Bonus target riproporzionato;
Proxy;;no;yes;no;;Proxy;;Delega;
Proxy access list;;no;yes;no;;Proxy access list;;Elenco accessi in delega;
Proxy permission;;no;yes;no;;Proxy permission;;Autorizzazione in delega;
Public;;no;yes;no;;Public;;Pubblico;
Public feedback;;no;yes;no;;Public feedback;;Feedback pubblico;
Publish;;no;yes;no;;Publish;;Pubblica;
Published;;no;yes;no;;Published;;Pubblicato;
Published date;;no;yes;no;;Published date;;Data di pubblicazione;
Publishing;;no;yes;no;;Publishing;;Pubblicazione;
Purpose;;no;yes;no;;Purpose;;Scopo;
Question;;no;yes;no;;Question;;Domanda;
Questions;;no;yes;no;;Questions;;Domande;
RTI request status;;no;yes;no;;RTI request status;;Stato della richiesta RTI;
Range;;no;yes;no;;Range;;Intervallo;
Rate this feedback;;no;yes;no;;Rate this feedback;;Valuta questo feedback;
Rating;;no;yes;no;;Rating;;Valutazione;
Rating changed;;no;yes;no;;Rating changed;;Valutazione modificata;
Rating distribution;;no;yes;no;;Rating distribution;;Distribuzione delle valutazioni;
Rating scale;;no;yes;no;;Rating scale;;Scala di valutazione;
Rating scales;;no;yes;no;;Rating scales;;Scale di valutazione;
Read;;no;yes;no;;Read;;Letti;
Read only;;no;yes;no;;Read only;;Solo lettura;
Read status;;no;yes;no;;Read status;;Stato di lettura;
Read-only;;no;yes;no;;Read-only;;Sola lettura;
Ready;;no;yes;no;;Ready;;Pronto;
Reassign;;no;yes;no;;Reassign;;Riassegna;
Reassign manager;;no;yes;no;;Reassign manager;;Riassegna responsabile;
Reassigned;;no;yes;no;;Reassigned;;Riassegnato;
Received;;no;yes;no;;Received;;Ricevuto;
Received behaviors;;no;yes;no;;Received behaviors;;Comportamenti ricevuti;
Received feedback;;no;yes;no;;Received feedback;;Feedback ricevuti;
Recipient;;no;yes;no;;Recipient;;Destinatario;
Recipients;;no;yes;no;;Recipients;;Destinatari;
Recognition;;no;yes;no;;Recognition;;Riconoscimento;
Recognized behaviors;;no;yes;no;;Recognized behaviors;;Comportamenti riconosciuti;
Recommended;;no;yes;no;;Recommended;;Consigliato;
Recurrence;;no;yes;no;;Recurrence;;Ricorrenza;
Recurring;;no;yes;no;;Recurring;;Ricorrente;
Reference;;no;yes;no;;Reference;;Riferimento;
Reference number;;no;yes;no;;Reference number;;Numero di riferimento;
Refresh;;no;yes;no;;Refresh;;Aggiorna;
Region;;no;yes;no;;Region;;Regione;
Regular;;no;yes;no;;Regular;;Regolare;
Regular check-ins;;no;yes;no;;Regular check-ins;;Check-in regolari;
Reject;;no;yes;no;;Reject;;Rifiuta;
Rejected;;no;yes;no;;Rejected;;Rifiutato;
Relation;;no;yes;no;;Relation;;Relazione;
Release;;no;yes;no;;Release;;Pubblica;
Release status;;no;yes;no;;Release status;;Stato di pubblicazione;
Released;;no;yes;no;;Released;;Pubblicato;
Remaining;;no;yes;no;;Remaining;;Rimanente;
Reminder name;;no;yes;no;;Reminder name;;Nome promemoria;
Reminders;;no;yes;no;;Reminders;;Promemoria;
Remove;;no;yes;no;;Remove;;Rimuovi;
Remove all;;no;yes;no;;Remove all;;Rimuovi tutto;
Rename;;no;yes;no;;Rename;;Rinomina;
Reopen;;no;yes;no;;Reopen;;Riapri;
Reopen reviews;;no;yes;no;;Reopen reviews;;Riapri le Valutazioni;
Reopened;;no;yes;no;;Reopened;;Riaperto;
Reply rate;;no;yes;no;;Reply rate;;Tasso di risposta;
Reports;;no;yes;no;;Reports;;Report;
Republish;;no;yes;no;;Republish;;Ripubblica;
Republished round;;no;yes;no;;Republished round;;Ciclo ripubblicato;
Request;;no;yes;no;;Request;;Richiesta;
Request ID;;no;yes;no;;Request ID;;ID richiesta;
Request date;;no;yes;no;;Request date;;Data della richiesta;
Request details;;no;yes;no;;Request details;;Dettagli della richiesta;
Request feedback;;no;yes;no;;Request feedback;;Richiedi feedback;
Request feedback from;;no;yes;no;;Request feedback from;;Richiedi feedback da;
Request feedback now;;no;yes;no;;Request feedback now;;Richiedi feedback ora;
Request feedback on;;no;yes;no;;Request feedback on;;Richiedi feedback su;
Request pay information;;no;yes;no;;Request pay information;;Richiedi informazioni sulla retribuzione;
Request status;;no;yes;no;;Request status;;Stato della richiesta;
Requested;;no;yes;no;;Requested;;Richiesti;
Requested feedback;;no;yes;no;;Requested feedback;;Feedback richiesto;
Requests;;no;yes;no;;Requests;;Richieste;
Requests about my team;;no;yes;no;;Requests about my team;;Richieste sul mio team;
Required;;no;yes;no;;Required;;Obbligatorio;
Resources;;no;yes;no;;Resources;;Risorse;
Response permission;;no;yes;no;;Response permission;;Autorizzazione alla risposta;
Resubmit;;no;yes;no;;Resubmit;;Rinvia;
Result;;no;yes;no;;Result;;Risultato;
Review;;no;yes;no;;Review;;Valutazione;
Review Details;;no;yes;no;;Review Details;;Dettagli della valutazione;
Review Status;;no;yes;no;;Review Status;;Stato valutazione;
Review about;;no;yes;no;;Review about;;Valutazione su;
Review challenge;;no;yes;no;;Review challenge;;Contestazione della valutazione;
Review name;;no;yes;no;;Review name;;Nome della Valutazione;
Review rating;;no;yes;no;;Review rating;;Valutazione della valutazione;
Review rating distribution;;no;yes;no;;Review rating distribution;;Distribuzione del punteggio della valutazione;
Review settings;;no;yes;no;;Review settings;;Impostazioni di valutazione;
Review stage;;no;yes;no;;Review stage;;Fase della revisione;
Review stages;;no;yes;no;;Review stages;;Fasi della revisione;
Review status;;no;yes;no;;Review status;;Stato della revisione;
Review type;;no;yes;no;;Review type;;Tipo di revisione;
Reviews;;no;yes;no;;Reviews;;Valutazioni;
Role;;no;yes;no;;Role;;Ruolo;
Roles;;no;yes;no;;Roles;;Ruoli;
Round;;no;yes;no;;Round;;Ciclo;
Round code;;no;yes;no;;Round code;;Codice ciclo;
Round details;;no;yes;no;;Round details;;Dettagli del ciclo;
Round reminders;;no;yes;no;;Round reminders;;Promemoria ciclo;
Round republished;;no;yes;no;;Round republished;;Round ripubblicato;
Round type;;no;yes;no;;Round type;;Tipo di turno;
Round visibility;;no;yes;no;;Round visibility;;Visibilità del ciclo;
Rule configuration;;no;yes;no;;Rule configuration;;Configurazione della regola;
Rule details;;no;yes;no;;Rule details;;Dettagli della regola;
Rule name;;no;yes;no;;Rule name;;Nome della regola;
Rules;;no;yes;no;;Rules;;Regole;
Salary;;no;yes;no;;Salary;;Stipendio;
Salary configuration;;no;yes;no;;Salary configuration;;Configurazione stipendio;
Save;;no;yes;no;;Save;;Salva;
Save & exit;;no;yes;no;;Save & exit;;Salva ed esci;
Scale;;no;yes;no;;Scale;;Scala;
Search;;no;yes;no;;Search;;Ricerca;
Search by name;;no;yes;no;;Search by name;;Cerca per nome;
Search by name or code;;no;yes;no;;Search by name or code;;Cerca per nome o codice;
Search for a person;;no;yes;no;;Search for a person;;Cerca una persona;
Search for a worker;;no;yes;no;;Search for a worker;;Cerca un collaboratore;
Search for workers;;no;yes;no;;Search for workers;;Cerca collaboratori;
Secondary email;;no;yes;no;;Secondary email;;Email secondaria;
Secondary email address;;no;yes;no;;Secondary email address;;Indirizzo email secondario;
Secondary hierarchy;;no;yes;no;;Secondary hierarchy;;Gerarchia secondaria;
Section header;;no;yes;no;;Section header;;Intestazione della sezione;
Security;;no;yes;no;;Security;;Sicurezza;
Security group;;no;yes;no;;Security group;;Gruppo di sicurezza;
See all;;no;yes;no;;See all;;Vedi tutto;
Select;;no;yes;no;;Select;;Seleziona;
Select all;;no;yes;no;;Select all;;Seleziona tutto;
Select an option;;no;yes;no;;Select an option;;Seleziona un'opzione;
Select communication round;;no;yes;no;;Select communication round;;Seleziona il turno di comunicazione;
Select data model;;no;yes;no;;Select data model;;Selezionare il modello di dati;
Select entity;;no;yes;no;;Select entity;;Seleziona entità;
Select filters;;no;yes;no;;Select filters;;Seleziona filtri;
Select goal;;no;yes;no;;Select goal;;Seleziona obiettivo;
Select owners;;no;yes;no;;Select owners;;Seleziona i proprietari;
Select population;;no;yes;no;;Select population;;Seleziona popolazione;
Select the compensation element;;no;yes;no;;Select the compensation element;;Seleziona l'elemento di compensazione;
Select type;;no;yes;no;;Select type;;Seleziona tipo;
Selected;;no;yes;no;;Selected;;Selezionato;
Selected column;;no;yes;no;;Selected column;;Colonna selezionata;
Selected fields;;no;yes;no;;Selected fields;;Campi selezionati;
Selected items;;no;yes;no;;Selected items;;Elementi selezionati;
Selected population;;no;yes;no;;Selected population;;Popolazione selezionata;
Self;;no;yes;no;;Self;;Autonoma;
Self-assessment;;no;yes;no;;Self-assessment;;Autovalutazione;
Self-review;;no;yes;no;;Self-review;;Autorevisione;
Send;;no;yes;no;;Send;;Invia;
Send feedback;;no;yes;no;;Send feedback;;Invia feedback;
Send to Documents;;no;yes;no;;Send to Documents;;Invia ai documenti;
Sender;;no;yes;no;;Sender;;Mittente;
Sensitive Content;;no;yes;no;;Sensitive Content;;Contenuto sensibile;
Sent;;no;yes;no;;Sent;;Inviato;
Sent behaviors;;no;yes;no;;Sent behaviors;;Comportamenti inviati;
Sent feedback;;no;yes;no;;Sent feedback;;Feedback inviato;
Sent to;;no;yes;no;;Sent to;;Inviato a;
Separator;;no;yes;no;;Separator;;Separatore;
Session timeout;;no;yes;no;;Session timeout;;Timeout della sessione;
Settings;;no;yes;no;;Settings;;Impostazioni;
Setup;;no;yes;no;;Setup;;Configurazione;
Share;;no;yes;no;;Share;;Condividi;
Share feedback;;no;yes;no;;Share feedback;;Condividi feedback;
Share this feedback;;no;yes;no;;Share this feedback;;Condividi questo feedback;
Share with;;no;yes;no;;Share with;;Condividi con;
Share your insights;;no;yes;no;;Share your insights;;Condividi i tuoi insight;
Share your thoughts;;no;yes;no;;Share your thoughts;;Condividi le tue opinioni;
Shared;;no;yes;no;;Shared;;Condiviso;
Shared feedback;;no;yes;no;;Shared feedback;;Feedback condiviso;
Shared goals;;no;yes;no;;Shared goals;;Obiettivi condivisi;
Shared with;;no;yes;no;;Shared with;;Condiviso con;
Shared with me;;no;yes;no;;Shared with me;;Condiviso con me;
Sharing;;no;yes;no;;Sharing;;Condivisione;
Short;;no;yes;no;;Short;;Bassa;
Show;;no;yes;no;;Show;;Mostra;
Show all;;no;yes;no;;Show all;;Mostra tutto;
Since request;;no;yes;no;;Since request;;Dalla richiesta;
Situation;;no;yes;no;;Situation;;Situazione;
Situations;;no;yes;no;;Situations;;Situazioni;
Skill & Competency Groups;;no;yes;no;;Skill & Competency Groups;;Gruppi di abilità e competenze;
Skill & competency groups;;no;yes;no;;Skill & competency groups;;Gruppi di abilità e competenze;
Skills;;no;yes;no;;Skills;;Abilità;
Skills & competency groups;;no;yes;no;;Skills & competency groups;;Gruppi di competenze e abilità;
Snapshot;;no;yes;no;;Snapshot;;Istantanea;
Snapshot Manager;;no;yes;no;;Snapshot Manager;;Gestore istantanee;
Snapshot details;;no;yes;no;;Snapshot details;;Dettagli dell'istantanea;
Snapshots;;no;yes;no;;Snapshots;;Istantanee;
Source;;no;yes;no;;Source;;Fonte;
Stage;;no;yes;no;;Stage;;Fase;
Start;;no;yes;no;;Start;;Inizia;
Start date;;no;yes;no;;Start date;;Data di inizio;
Start date in company;;no;yes;no;;Start date in company;;Data di inizio in azienda;
Start time;;no;yes;no;;Start time;;Ora di inizio;
State;;no;yes;no;;State;;Stato;
Statement generation;;no;yes;no;;Statement generation;;Generazione dell'estratto conto;
Statements;;no;yes;no;;Statements;;Informative;
Status;;no;yes;no;;Status;;Stato;
Status by org. level;;no;yes;no;;Status by org. level;;Stato per livello org.;
Step curve;;no;yes;no;;Step curve;;Curva a gradini;
Step end date;;no;yes;no;;Step end date;;Data di fine fase;
Stock;;no;yes;no;;Stock;;Titoli azionari;
Street address;;no;yes;no;;Street address;;Indirizzo;
Subgroups;;no;yes;no;;Subgroups;;Sottogruppi;
Subject;;no;yes;no;;Subject;;Oggetto;
Submit;;no;yes;no;;Submit;;Invia;
Submit to manager;;no;yes;no;;Submit to manager;;Invia al manager;
Submitted;;no;yes;no;;Submitted;;Inviato;
Success;;no;yes;no;;Success;;Successo;
Suggested agenda;;no;yes;no;;Suggested agenda;;Agenda suggerita;
Sum;;no;yes;no;;Sum;;Somma;
Summary;;no;yes;no;;Summary;;Riepilogo;
System;;no;yes;no;;System;;Sistema;
System populations;;no;yes;no;;System populations;;Popolazioni di sistema;
TOTAL;;no;yes;no;;TOTAL;;TOTALE;
Tag library;;no;yes;no;;Tag library;;Libreria dei tag;
Tags;;no;yes;no;;Tags;;Tag;
Talent Review;;no;yes;no;;Talent Review;;Valutazione dei talenti;
Target;;no;yes;no;;Target;;Destinazione;
Target bonus;;no;yes;no;;Target bonus;;Bonus obiettivo;
Target budget;;no;yes;no;;Target budget;;Budget target;
Team planner view;;no;yes;no;;Team planner view;;Visualizzazione strumento di pianificazione del team;
Team requests;;no;yes;no;;Team requests;;Richieste del team;
Template;;no;yes;no;;Template;;Modello;
Template document;;no;yes;no;;Template document;;Documento modello;
Template widget settings;;no;yes;no;;Template widget settings;;Impostazioni del widget dei modelli;
Templates;;no;yes;no;;Templates;;Modelli;
Text field;;no;yes;no;;Text field;;Campo di testo;
Thanks;;no;yes;no;;Thanks;;Grazie;
Then;;no;yes;no;;Then;;Quindi;
Time in role;;no;yes;no;;Time in role;;Tempo nel ruolo;
Time zone;;no;yes;no;;Time zone;;Fuso orario;
Timeline;;no;yes;no;;Timeline;;Sequenza temporale;
Title;;no;yes;no;;Title;;Titolo;
Today;;no;yes;no;;Today;;Oggi;
Toggle;;no;yes;no;;Toggle;;Attiva/disattiva;
Total;;no;yes;no;;Total;;Totale;
Total behaviors;;no;yes;no;;Total behaviors;;Comportamenti totali;
Total compensation;;no;yes;no;;Total compensation;;Retribuzione totale;
Total entities;;no;yes;no;;Total entities;;Entità totali;
Total goals;;no;yes;no;;Total goals;;Obiettivi totali;
Total reviews;;no;yes;no;;Total reviews;;Totale valutazioni;
Total score;;no;yes;no;;Total score;;Punteggio totale;
Total workers;;no;yes;no;;Total workers;;Totale collaboratori;
Tracking;;no;yes;no;;Tracking;;Monitoraggio;
Tracking status;;no;yes;no;;Tracking status;;Stato di monitoraggio;
Training data;;no;yes;no;;Training data;;Dati di addestramento;
Trend;;no;yes;no;;Trend;;Tendenza;
True;;no;yes;no;;True;;Vero;
Trust;;no;yes;no;;Trust;;Fiducia;
Try again;;no;yes;no;;Try again;;Riprova;
Type;;no;yes;no;;Type;;Tipo;
Type part of a name;;no;yes;no;;Type part of a name;;Digita parte di un nome;
Type weight;;no;yes;no;;Type weight;;Tipo di peso;
Type your message here;;no;yes;no;;Type your message here;;Digita il tuo messaggio qui;
Types;;no;yes;no;;Types;;Tipi;
Unavailable;;no;yes;no;;Unavailable;;Non disponibile;
Unclear;;no;yes;no;;Unclear;;Poco chiaro;
Under review;;no;yes;no;;Under review;;In fase di revisione;
Unexpected error;;no;yes;no;;Unexpected error;;Errore imprevisto;
Unhelpful;;no;yes;no;;Unhelpful;;Poco utile;
Unique logins;;no;yes;no;;Unique logins;;Accessi univoci;
Unit;;no;yes;no;;Unit;;Unità;
Unrated;;no;yes;no;;Unrated;;Non valutato;
Unrelease;;no;yes;no;;Unrelease;;Annulla pubblicazione;
Unreleased;;no;yes;no;;Unreleased;;Non pubblicato;
Unsaved changes;;no;yes;no;;Unsaved changes;;Modifiche non salvate;
Unselect all;;no;yes;no;;Unselect all;;Deseleziona tutto;
Upcoming;;no;yes;no;;Upcoming;;Previsti;
Upcoming check-ins;;no;yes;no;;Upcoming check-ins;;Check-in imminenti;
Update;;no;yes;no;;Update;;Aggiorna;
Updated;;no;yes;no;;Updated;;Aggiornato;
Updated by;;no;yes;no;;Updated by;;Aggiornato da;
Upload;;no;yes;no;;Upload;;Carica;
Upload behavior;;no;yes;no;;Upload behavior;;Carica comportamento;
Upload file;;no;yes;no;;Upload file;;Carica file;
Upload the completed file;;no;yes;no;;Upload the completed file;;Carica il file completato;
Upload the modified Excel file;;no;yes;no;;Upload the modified Excel file;;Carica il file Excel modificato;
Uploaded by;;no;yes;no;;Uploaded by;;Caricato da;
Uploaded files;;no;yes;no;;Uploaded files;;File caricati;
Uploading;;no;yes;no;;Uploading;;Caricamento in corso;
Usage;;no;yes;no;;Usage;;Utilizzo;
Usage details;;no;yes;no;;Usage details;;Dettagli di utilizzo;
Used;;no;yes;no;;Used;;Utilizzata;
Used in;;no;yes;no;;Used in;;Usato in;
Useful information;;no;yes;no;;Useful information;;Informazioni utili;
User;;no;yes;no;;User;;Utente;
User Security;;no;yes;no;;User Security;;Sicurezza utente;
User local time;;no;yes;no;;User local time;;Ora locale utente;
Username;;no;yes;no;;Username;;Nome utente;
Users;;no;yes;no;;Users;;Utenti;
Users who sent feedback;;no;yes;no;;Users who sent feedback;;Utenti che hanno inviato feedback;
Users with no goals;;no;yes;no;;Users with no goals;;Utenti senza obiettivi;
Validate;;no;yes;no;;Validate;;Convalida;
Validation;;no;yes;no;;Validation;;Convalida;
Value;;no;yes;no;;Value;;Valore;
Value type;;no;yes;no;;Value type;;Tipo di valore;
Values;;no;yes;no;;Values;;Valori;
Version;;no;yes;no;;Version;;Versione;
View;;no;yes;no;;View;;Visualizza;
View all;;no;yes;no;;View all;;Visualizza tutto;
View my received feedback;;no;yes;no;;View my received feedback;;Visualizza il mio feedback ricevuto;
View review;;no;yes;no;;View review;;Visualizza revisione;
Visibility;;no;yes;no;;Visibility;;Visibilità;
Weight;;no;yes;no;;Weight;;Peso;
Weighted score;;no;yes;no;;Weighted score;;Punteggio ponderato;
Widget settings;;no;yes;no;;Widget settings;;Impostazioni del widget;
Work country;;no;yes;no;;Work country;;Paese di lavoro;
Worker;;no;yes;no;;Worker;;Collaboratori;
Worker & manager;;no;yes;no;;Worker & manager;;Collaboratori e manager;
Worker ID;;no;yes;no;;Worker ID;;ID Collaboratore;
Worker category;;no;yes;no;;Worker category;;Categoria Collaboratori;
Worker details;;no;yes;no;;Worker details;;Dettagli collaboratori;
Worker name;;no;yes;no;;Worker name;;Nome collaboratore;
Worker self-assessment;;no;yes;no;;Worker self-assessment;;Autovalutazione del collaboratore;
Worker sign-off;;no;yes;no;;Worker sign-off;;Approvazione collaboratori;
Worker submission;;no;yes;no;;Worker submission;;Invio del collaboratore;
Workers;;no;yes;no;;Workers;;Collaboratori;
Workflow;;no;yes;no;;Workflow;;Flusso di lavoro;
Workflow section;;no;yes;no;;Workflow section;;Sezione del flusso di lavoro;
Workflow status;;no;yes;no;;Workflow status;;Stato del flusso di lavoro;
Workflow step;;no;yes;no;;Workflow step;;Passaggio del flusso di lavoro;
Workflow steps;;no;yes;no;;Workflow steps;;Passaggi del flusso di lavoro;
Workflow type;;no;yes;no;;Workflow type;;Tipo di flusso di lavoro;
Write;;no;yes;no;;Write;;Scrivi;
Year;;no;yes;no;;Year;;Annuale;
Years;;no;yes;no;;Years;;Anni;
Your comment;;no;yes;no;;Your comment;;Il tuo commento;
Your documents;;no;yes;no;;Your documents;;I tuoi documenti;
Your email;;no;yes;no;;Your email;;La tua email;
Your observations;;no;yes;no;;Your observations;;Le tue osservazioni;
Your view;;no;yes;no;;Your view;;La tua visualizzazione;
