term;description;casesensitive;translatable;forbidden;tags;en-US;en-US_description;en-GB;en-GB_description
About;;no;yes;no;;About;;About;
About my team;;no;yes;no;;About my team;;About my team;
Absence;;no;yes;no;;Absence;;Absence;
Accept;;no;yes;no;;Accept;;Accept;
Accepted;;no;yes;no;;Accepted;;Accepted;
Account;;no;yes;no;;Account;;Account;
Achievement;;no;yes;no;;Achievement;;Achievement;
Achievement summary;;no;yes;no;;Achievement summary;;Achievement summary;
Action;;no;yes;no;;Action;;Action;
Action required;;no;yes;no;;Action required;;Action required;
Actions;;no;yes;no;;Actions;;Actions;
Actions required;;no;yes;no;;Actions required;;Actions required;
Activate;;no;yes;no;;Activate;;Activate;
Active;;no;yes;no;;Active;;Active;
Active users;;no;yes;no;;Active users;;Active users;
Actor;;no;yes;no;;Actor;;Actor;
Add;;no;yes;no;;Add;;Add;
Add all;;no;yes;no;;Add all;;Add all;
Add all company;;no;yes;no;;Add all company;;Add all company;
Add all organizational units;;no;yes;no;;Add all organizational units;;Add all organisational units;
Add condition;;no;yes;no;;Add condition;;Add condition;
Add feedback note;;no;yes;no;;Add feedback note;;Add feedback note;
Add field;;no;yes;no;;Add field;;Add field;
Add mapping;;no;yes;no;;Add mapping;;Add mapping;
Add note;;no;yes;no;;Add note;;Add note;
Add question;;no;yes;no;;Add question;;Add question;
Add skills;;no;yes;no;;Add skills;;Add skills;
Add step;;no;yes;no;;Add step;;Add step;
Addition;;no;yes;no;;Addition;;Addition;
Additional Managers;;no;yes;no;;Additional Managers;;Additional Managers;
Additional goal description;;no;yes;no;;Additional goal description;;Additional goal description;
Additional information;;no;yes;no;;Additional information;;Additional information;
Additional manager;;no;yes;no;;Additional manager;;Additional manager;
Additional managers;;no;yes;no;;Additional managers;;Additional managers;
Additional review;;no;yes;no;;Additional review;;Additional review;
Administration;;no;yes;no;;Administration;;Administration;
Advanced;;no;yes;no;;Advanced;;Advanced;
After;;no;yes;no;;After;;After;
Agenda;;no;yes;no;;Agenda;;Agenda;
Alert;;no;yes;no;;Alert;;Alert;
Alerts;;no;yes;no;;Alerts;;Alerts;
Aligned with goal;;no;yes;no;;Aligned with goal;;Aligned with goal;
Alignment;;no;yes;no;;Alignment;;Alignment;
All company;;no;yes;no;;All company;;All company;
All criteria;;no;yes;no;;All criteria;;All criteria;
All locations;;no;yes;no;;All locations;;All locations;
All organizational units;;no;yes;no;;All organizational units;;All organisational units;
All participants;;no;yes;no;;All participants;;All participants;
All results;;no;yes;no;;All results;;All results;
All roles;;no;yes;no;;All roles;;All roles;
All updates;;no;yes;no;;All updates;;All updates;
Analyses;;no;yes;no;;Analyses;;Analyses;
Analysis;;no;yes;no;;Analysis;;Analysis;
Analytics;;no;yes;no;;Analytics;;Analytics;
Anonymization;;no;yes;no;;Anonymization;;Anonymisation;
Answer type;;no;yes;no;;Answer type;;Answer type;
Anyone;;no;yes;no;;Anyone;;Anyone;
Anyone in the company;;no;yes;no;;Anyone in the company;;Anyone in the company;
Appearance;;no;yes;no;;Appearance;;Appearance;
Apply;;no;yes;no;;Apply;;Apply;
Apply filters;;no;yes;no;;Apply filters;;Apply filters;
Approve;;no;yes;no;;Approve;;Approve;
Approved;;no;yes;no;;Approved;;Approved;
Archived;;no;yes;no;;Archived;;Archived;
Assign;;no;yes;no;;Assign;;Assign;
Assign to;;no;yes;no;;Assign to;;Assign to;
Assigned;;no;yes;no;;Assigned;;Assigned;
Assigned reviews;;no;yes;no;;Assigned reviews;;Assigned reviews;
Assigned to;;no;yes;no;;Assigned to;;Assigned to;
Assignment;;no;yes;no;;Assignment;;Assignment;
Assignment permissions;;no;yes;no;;Assignment permissions;;Assignment permissions;
At least one number;;no;yes;no;;At least one number;;At least one number;
At risk;;no;yes;no;;At risk;;At risk;
Attached document;;no;yes;no;;Attached document;;Attached document;
Attachments;;no;yes;no;;Attachments;;Attachments;
Audit;;no;yes;no;;Audit;;Audit;
Audit trail;;no;yes;no;;Audit trail;;Audit trail;
Auto-suggestion;;no;yes;no;;Auto-suggestion;;Auto-suggestion;
Available;;no;yes;no;;Available;;Available;
Average score;;no;yes;no;;Average score;;Average score;
Average total score;;no;yes;no;;Average total score;;Average total score;
Avg. word count;;no;yes;no;;Avg. word count;;Avg. word count;
Back;;no;yes;no;;Back;;Back;
Basic Information;;no;yes;no;;Basic Information;;Basic Information;
Basic information;;no;yes;no;;Basic information;;Basic information;
Before;;no;yes;no;;Before;;Before;
Behavior;;no;yes;no;;Behavior;;Behaviour;
Behavior libraries;;no;yes;no;;Behavior libraries;;Behaviour libraries;
Behavior library;;no;yes;no;;Behavior library;;Behaviour library;
Behavior profile;;no;yes;no;;Behavior profile;;Behaviour profile;
Behavior wheel;;no;yes;no;;Behavior wheel;;Behaviour wheel;
Behaviors;;no;yes;no;;Behaviors;;Behaviours;
Behaviors sent;;no;yes;no;;Behaviors sent;;Behaviours sent;
Benchmarking;;no;yes;no;;Benchmarking;;Benchmarking;
Blank values;;no;yes;no;;Blank values;;Blank values;
Blocked;;no;yes;no;;Blocked;;Blocked;
Bonus;;no;yes;no;;Bonus;;Bonus;
Bonus Plans;;no;yes;no;;Bonus Plans;;Bonus Plans;
Bonus amount;;no;yes;no;;Bonus amount;;Bonus amount;
Bonus calculation equation;;no;yes;no;;Bonus calculation equation;;Bonus calculation equation;
Bonus calculation formula;;no;yes;no;;Bonus calculation formula;;Bonus calculation formula;
Bonus plan;;no;yes;no;;Bonus plan;;Bonus plan;
Bonus plans;;no;yes;no;;Bonus plans;;Bonus plans;
Boolean;;no;yes;no;;Boolean;;Boolean;
Budget;;no;yes;no;;Budget;;Budget;
Budget rule;;no;yes;no;;Budget rule;;Budget rule;
Builder;;no;yes;no;;Builder;;Builder;
Business;;no;yes;no;;Business;;Business;
Calculated;;no;yes;no;;Calculated;;Calculated;
Calculated bonus;;no;yes;no;;Calculated bonus;;Calculated bonus;
Calculated column;;no;yes;no;;Calculated column;;Calculated column;
Calculation;;no;yes;no;;Calculation;;Calculation;
Calculation workspace;;no;yes;no;;Calculation workspace;;Calculation workspace;
Calibration;;no;yes;no;;Calibration;;Calibration;
Can edit;;no;yes;no;;Can edit;;Can edit;
Can view;;no;yes;no;;Can view;;Can view;
Cancel;;no;yes;no;;Cancel;;Cancel;
Canceled;;no;yes;no;;Canceled;;Cancelled;
Career Development;;no;yes;no;;Career Development;;Career Development;
Career Development Plans;;no;yes;no;;Career Development Plans;;Career Development Plans;
Career Development Settings;;no;yes;no;;Career Development Settings;;Career Development Settings;
Career development;;no;yes;no;;Career development;;Career development;
Career development plan;;no;yes;no;;Career development plan;;Career development plan;
Career development plans;;no;yes;no;;Career development plans;;Career development plans;
Career development settings;;no;yes;no;;Career development settings;;Career development settings;
Career plan questionnaire;;no;yes;no;;Career plan questionnaire;;Career plan questionnaire;
Career plans;;no;yes;no;;Career plans;;Career plans;
Categories;;no;yes;no;;Categories;;Categories;
Category;;no;yes;no;;Category;;Category;
Challenge process;;no;yes;no;;Challenge process;;Challenge process;
Challenge review;;no;yes;no;;Challenge review;;Challenge review;
Challenged;;no;yes;no;;Challenged;;Challenged;
Change;;no;yes;no;;Change;;Change;
Change workflow step;;no;yes;no;;Change workflow step;;Change workflow step;
Chat;;no;yes;no;;Chat;;Chat;
Check-Ins;;no;yes;no;;Check-Ins;;Check-Ins;
Check-in;;no;yes;no;;Check-in;;Check-in;
Check-in Details;;no;yes;no;;Check-in Details;;Check-in Details;
Check-in Status;;no;yes;no;;Check-in Status;;Check-in Status;
Check-in date;;no;yes;no;;Check-in date;;Check-in date;
Check-in with;;no;yes;no;;Check-in with;;Check-in with;
Check-ins;;no;yes;no;;Check-ins;;Check-ins;
Check-ins created;;no;yes;no;;Check-ins created;;Check-ins created;
Choose one;;no;yes;no;;Choose one;;Choose one;
City;;no;yes;no;;City;;City;
Clear;;no;yes;no;;Clear;;Clear;
Clear all;;no;yes;no;;Clear all;;Clear all;
Clear all filters;;no;yes;no;;Clear all filters;;Clear all filters;
Clear all filters & search;;no;yes;no;;Clear all filters & search;;Clear all filters & search;
Clear all filters and search;;no;yes;no;;Clear all filters and search;;Clear all filters and search;
Clear filters;;no;yes;no;;Clear filters;;Clear filters;
Clear search;;no;yes;no;;Clear search;;Clear search;
Close;;no;yes;no;;Close;;Close;
Closed;;no;yes;no;;Closed;;Closed;
Closed without document;;no;yes;no;;Closed without document;;Closed without document;
Code;;no;yes;no;;Code;;Code;
Collaborative;;no;yes;no;;Collaborative;;Collaborative;
Collapse;;no;yes;no;;Collapse;;Collapse;
Color;;no;yes;no;;Color;;Colour;
Column name;;no;yes;no;;Column name;;Column name;
Columns;;no;yes;no;;Columns;;Columns;
Coming soon;;no;yes;no;;Coming soon;;Coming soon;
Comm manager;;no;yes;no;;Comm manager;;Comm manager;
Comm round;;no;yes;no;;Comm round;;Comm round;
Comment;;no;yes;no;;Comment;;Comment;
Comments;;no;yes;no;;Comments;;Comments;
Communication;;no;yes;no;;Communication;;Communication;
Communication Rounds;;no;yes;no;;Communication Rounds;;Communication Rounds;
Communication manager;;no;yes;no;;Communication manager;;Communication manager;
Communication manager name;;no;yes;no;;Communication manager name;;Communication manager name;
Communication round;;no;yes;no;;Communication round;;Communication round;
Communication rounds;;no;yes;no;;Communication rounds;;Communication rounds;
Comp Rounds;;no;yes;no;;Comp Rounds;;Comp Rounds;
Comp element;;no;yes;no;;Comp element;;Comp element;
Comp elements;;no;yes;no;;Comp elements;;Comp elements;
Comp manager;;no;yes;no;;Comp manager;;Comp manager;
Comp managers;;no;yes;no;;Comp managers;;Comp managers;
Comp round;;no;yes;no;;Comp round;;Comp round;
Comp round currency;;no;yes;no;;Comp round currency;;Comp round currency;
Comp rounds;;no;yes;no;;Comp rounds;;Comp rounds;
Comp tree;;no;yes;no;;Comp tree;;Comp tree;
Company;;no;yes;no;;Company;;Company;
Company logo;;no;yes;no;;Company logo;;Company logo;
Company name;;no;yes;no;;Company name;;Company name;
Compare;;no;yes;no;;Compare;;Compare;
Compensation;;no;yes;no;;Compensation;;Compensation;
Compensation Element;;no;yes;no;;Compensation Element;;Compensation Element;
Compensation History;;no;yes;no;;Compensation History;;Compensation History;
Compensation Management;;no;yes;no;;Compensation Management;;Compensation Management;
Compensation Rounds;;no;yes;no;;Compensation Rounds;;Compensation Rounds;
Compensation element;;no;yes;no;;Compensation element;;Compensation element;
Compensation elements;;no;yes;no;;Compensation elements;;Compensation elements;
Compensation field;;no;yes;no;;Compensation field;;Compensation field;
Compensation framework;;no;yes;no;;Compensation framework;;Compensation framework;
Compensation history;;no;yes;no;;Compensation history;;Compensation history;
Compensation manager;;no;yes;no;;Compensation manager;;Compensation manager;
Compensation philosophy;;no;yes;no;;Compensation philosophy;;Compensation philosophy;
Compensation rounds;;no;yes;no;;Compensation rounds;;Compensation rounds;
Competency Scales;;no;yes;no;;Competency Scales;;Competency Scales;
Competency scale;;no;yes;no;;Competency scale;;Competency scale;
Complete;;no;yes;no;;Complete;;Complete;
Completed;;no;yes;no;;Completed;;Completed;
Completion;;no;yes;no;;Completion;;Completion;
Completion rate;;no;yes;no;;Completion rate;;Completion rate;
Concatenated fields;;no;yes;no;;Concatenated fields;;Concatenated fields;
Condition;;no;yes;no;;Condition;;Condition;
Conditional;;no;yes;no;;Conditional;;Conditional;
Conditional formatting;;no;yes;no;;Conditional formatting;;Conditional formatting;
Config;;no;yes;no;;Config;;Config;
Configuration;;no;yes;no;;Configuration;;Configuration;
Configurations;;no;yes;no;;Configurations;;Configurations;
Confirm;;no;yes;no;;Confirm;;Confirm;
Confirm deletion;;no;yes;no;;Confirm deletion;;Confirm deletion;
Confirmation;;no;yes;no;;Confirmation;;Confirmation;
Connection name;;no;yes;no;;Connection name;;Connection name;
Constructive;;no;yes;no;;Constructive;;Constructive;
Contains;;no;yes;no;;Contains;;Contains;
Continue;;no;yes;no;;Continue;;Continue;
Continue editing;;no;yes;no;;Continue editing;;Continue editing;
Contract type;;no;yes;no;;Contract type;;Contract type;
Conversation & publication;;no;yes;no;;Conversation & publication;;Conversation & publication;
Copy;;no;yes;no;;Copy;;Copy;
Cost Center;;no;yes;no;;Cost Center;;Cost Centre;
Cost center;;no;yes;no;;Cost center;;Cost centre;
Count;;no;yes;no;;Count;;Count;
Country;;no;yes;no;;Country;;Country;
Create;;no;yes;no;;Create;;Create;
Create check-in;;no;yes;no;;Create check-in;;Create check-in;
Create communication round;;no;yes;no;;Create communication round;;Create communication round;
Create document;;no;yes;no;;Create document;;Create document;
Create goal;;no;yes;no;;Create goal;;Create goal;
Create goal plan;;no;yes;no;;Create goal plan;;Create goal plan;
Create goal type;;no;yes;no;;Create goal type;;Create goal type;
Create model;;no;yes;no;;Create model;;Create model;
Create performance review;;no;yes;no;;Create performance review;;Create performance review;
Create rule;;no;yes;no;;Create rule;;Create rule;
Created;;no;yes;no;;Created;;Created;
Created by;;no;yes;no;;Created by;;Created by;
Created date;;no;yes;no;;Created date;;Created date;
Created on;;no;yes;no;;Created on;;Created on;
Creation date;;no;yes;no;;Creation date;;Creation date;
Creator;;no;yes;no;;Creator;;Creator;
Criteria;;no;yes;no;;Criteria;;Criteria;
Criteria blocks;;no;yes;no;;Criteria blocks;;Criteria blocks;
Criterion;;no;yes;no;;Criterion;;Criterion;
Currency;;no;yes;no;;Currency;;Currency;
Currency Settings;;no;yes;no;;Currency Settings;;Currency Settings;
Currency field;;no;yes;no;;Currency field;;Currency field;
Currency source;;no;yes;no;;Currency source;;Currency source;
Current;;no;yes;no;;Current;;Current;
Current manager;;no;yes;no;;Current manager;;Current manager;
Custom;;no;yes;no;;Custom;;Custom;
Custom Entities;;no;yes;no;;Custom Entities;;Custom Entities;
Custom Fields;;no;yes;no;;Custom Fields;;Custom Fields;
Custom column;;no;yes;no;;Custom column;;Custom column;
Custom criteria;;no;yes;no;;Custom criteria;;Custom criteria;
Custom entities;;no;yes;no;;Custom entities;;Custom entities;
Custom fields;;no;yes;no;;Custom fields;;Custom fields;
Custom section;;no;yes;no;;Custom section;;Custom section;
Custom widget;;no;yes;no;;Custom widget;;Custom widget;
Data Entities & Sources;;no;yes;no;;Data Entities & Sources;;Data Entities & Sources;
Data Foundation;;no;yes;no;;Data Foundation;;Data Foundation;
Data Management;;no;yes;no;;Data Management;;Data Management;
Data Modeler;;no;yes;no;;Data Modeler;;Data Modeller;
Data Privacy;;no;yes;no;;Data Privacy;;Data Privacy;
Data Retention;;no;yes;no;;Data Retention;;Data Retention;
Data Upload;;no;yes;no;;Data Upload;;Data Upload;
Data entities & sources;;no;yes;no;;Data entities & sources;;Data entities & sources;
Data foundation;;no;yes;no;;Data foundation;;Data foundation;
Data management;;no;yes;no;;Data management;;Data management;
Data model;;no;yes;no;;Data model;;Data model;
Data privacy;;no;yes;no;;Data privacy;;Data privacy;
Data privacy statement;;no;yes;no;;Data privacy statement;;Data privacy statement;
Data retention period;;no;yes;no;;Data retention period;;Data retention period;
Data scope;;no;yes;no;;Data scope;;Data scope;
Data source;;no;yes;no;;Data source;;Data source;
Dataset;;no;yes;no;;Dataset;;Dataset;
Date;;no;yes;no;;Date;;Date;
Date & Time;;no;yes;no;;Date & Time;;Date & Time;
Date & time;;no;yes;no;;Date & time;;Date & time;
Date to;;no;yes;no;;Date to;;Date to;
Days;;no;yes;no;;Days;;Days;
Deactivate;;no;yes;no;;Deactivate;;Deactivate;
Deactivated;;no;yes;no;;Deactivated;;Deactivated;
Deactivated user;;no;yes;no;;Deactivated user;;Deactivated user;
Deactivation;;no;yes;no;;Deactivation;;Deactivation;
Deadline status;;no;yes;no;;Deadline status;;Deadline status;
Decimal;;no;yes;no;;Decimal;;Decimal;
Decimal precision;;no;yes;no;;Decimal precision;;Decimal precision;
Default;;no;yes;no;;Default;;Default;
Default beqom logo;;no;yes;no;;Default beqom logo;;Default beqom logo;
Default value;;no;yes;no;;Default value;;Default value;
Delete;;no;yes;no;;Delete;;Delete;
Delete all;;no;yes;no;;Delete all;;Delete all;
Delete comment;;no;yes;no;;Delete comment;;Delete comment;
Delete goal;;no;yes;no;;Delete goal;;Delete goal;
Delete note;;no;yes;no;;Delete note;;Delete note;
Delete rule;;no;yes;no;;Delete rule;;Delete rule;
Delete selected;;no;yes;no;;Delete selected;;Delete selected;
Deleted;;no;yes;no;;Deleted;;Deleted;
Deleted by;;no;yes;no;;Deleted by;;Deleted by;
Deletion;;no;yes;no;;Deletion;;Deletion;
Deliverable;;no;yes;no;;Deliverable;;Deliverable;
Deliverables;;no;yes;no;;Deliverables;;Deliverables;
Demographic;;no;yes;no;;Demographic;;Demographic;
Demographics;;no;yes;no;;Demographics;;Demographics;
Department;;no;yes;no;;Department;;Department;
Description;;no;yes;no;;Description;;Description;
Desktop;;no;yes;no;;Desktop;;Desktop;
Details;;no;yes;no;;Details;;Details;
Development;;no;yes;no;;Development;;Development;
Development plans;;no;yes;no;;Development plans;;Development plans;
Digital reward statement;;no;yes;no;;Digital reward statement;;Digital reward statement;
Direct Reports;;no;yes;no;;Direct Reports;;Direct Reports;
Direct report;;no;yes;no;;Direct report;;Direct report;
Direct reports;;no;yes;no;;Direct reports;;Direct reports;
Direction;;no;yes;no;;Direction;;Direction;
Disable;;no;yes;no;;Disable;;Disable;
Disabled;;no;yes;no;;Disabled;;Disabled;
Discard;;no;yes;no;;Discard;;Discard;
Discussion;;no;yes;no;;Discussion;;Discussion;
Discussion outcome;;no;yes;no;;Discussion outcome;;Discussion outcome;
Discussion point;;no;yes;no;;Discussion point;;Discussion point;
Discussion points;;no;yes;no;;Discussion points;;Discussion points;
Display name;;no;yes;no;;Display name;;Display name;
Distribution;;no;yes;no;;Distribution;;Distribution;
Distribution guidelines;;no;yes;no;;Distribution guidelines;;Distribution guidelines;
Document;;no;yes;no;;Document;;Document;
Document Settings;;no;yes;no;;Document Settings;;Document Settings;
Document Templates;;no;yes;no;;Document Templates;;Document Templates;
Document generation;;no;yes;no;;Document generation;;Document generation;
Document name;;no;yes;no;;Document name;;Document name;
Document preview;;no;yes;no;;Document preview;;Document preview;
Document review;;no;yes;no;;Document review;;Document review;
Document settings;;no;yes;no;;Document settings;;Document settings;
Document status;;no;yes;no;;Document status;;Document status;
Document template;;no;yes;no;;Document template;;Document template;
Documents;;no;yes;no;;Documents;;Documents;
Done;;no;yes;no;;Done;;Done;
Download;;no;yes;no;;Download;;Download;
Download CSV;;no;yes;no;;Download CSV;;Download CSV;
Download log file;;no;yes;no;;Download log file;;Download log file;
Download template;;no;yes;no;;Download template;;Download template;
Download the template;;no;yes;no;;Download the template;;Download the template;
Draft;;no;yes;no;;Draft;;Draft;
Drop-down list;;no;yes;no;;Drop-down list;;Drop-down list;
Due date;;no;yes;no;;Due date;;Due date;
Duplicate;;no;yes;no;;Duplicate;;Duplicate;
Duplication successful;;no;yes;no;;Duplication successful;;Duplication successful;
Edit;;no;yes;no;;Edit;;Edit;
Edit goal;;no;yes;no;;Edit goal;;Edit goal;
Edit model;;no;yes;no;;Edit model;;Edit model;
Edit note;;no;yes;no;;Edit note;;Edit note;
Edited;;no;yes;no;;Edited;;Edited;
Editor;;no;yes;no;;Editor;;Editor;
Education;;no;yes;no;;Education;;Education;
Effective date;;no;yes;no;;Effective date;;Effective date;
Eligibility;;no;yes;no;;Eligibility;;Eligibility;
Eligible;;no;yes;no;;Eligible;;Eligible;
Eligible workers;;no;yes;no;;Eligible workers;;Eligible workers;
Else;;no;yes;no;;Else;;Else;
Email;;no;yes;no;;Email;;Email;
Email Notifications;;no;yes;no;;Email Notifications;;Email Notifications;
Email address;;no;yes;no;;Email address;;Email address;
Email notification;;no;yes;no;;Email notification;;Email notification;
Email notifications;;no;yes;no;;Email notifications;;Email notifications;
Email subject;;no;yes;no;;Email subject;;Email subject;
Employment;;no;yes;no;;Employment;;Employment;
Empty;;no;yes;no;;Empty;;Empty;
Enable;;no;yes;no;;Enable;;Enable;
Enable Feedback;;no;yes;no;;Enable Feedback;;Enable Feedback;
Enabled;;no;yes;no;;Enabled;;Enabled;
End date;;no;yes;no;;End date;;End date;
Endorsed;;no;yes;no;;Endorsed;;Endorsed;
Enter;;no;yes;no;;Enter;;Enter;
Enter a name;;no;yes;no;;Enter a name;;Enter a name;
Enter text;;no;yes;no;;Enter text;;Enter text;
Entities;;no;yes;no;;Entities;;Entities;
Entities & fields;;no;yes;no;;Entities & fields;;Entities & fields;
Entity;;no;yes;no;;Entity;;Entity;
Entity details;;no;yes;no;;Entity details;;Entity details;
Entity enum;;no;yes;no;;Entity enum;;Entity enum;
Entity name;;no;yes;no;;Entity name;;Entity name;
Enum;;no;yes;no;;Enum;;Enum;
Equal to;;no;yes;no;;Equal to;;Equal to;
Equity;;no;yes;no;;Equity;;Equity;
Error;;no;yes;no;;Error;;Error;
Errors;;no;yes;no;;Errors;;Errors;
Evaluation section;;no;yes;no;;Evaluation section;;Evaluation section;
Examples;;no;yes;no;;Examples;;Examples;
Exchange Rates;;no;yes;no;;Exchange Rates;;Exchange Rates;
Exchange rate;;no;yes;no;;Exchange rate;;Exchange rate;
Exchange rate type;;no;yes;no;;Exchange rate type;;Exchange rate type;
Exchange rates;;no;yes;no;;Exchange rates;;Exchange rates;
Exclude;;no;yes;no;;Exclude;;Exclude;
Exclude individuals;;no;yes;no;;Exclude individuals;;Exclude individuals;
Excluded;;no;yes;no;;Excluded;;Excluded;
Exit;;no;yes;no;;Exit;;Exit;
Exit without saving;;no;yes;no;;Exit without saving;;Exit without saving;
Expand;;no;yes;no;;Expand;;Expand;
Experience;;no;yes;no;;Experience;;Experience;
Export;;no;yes;no;;Export;;Export;
Expression;;no;yes;no;;Expression;;Expression;
Expression formula;;no;yes;no;;Expression formula;;Expression formula;
External;;no;yes;no;;External;;External;
Failed;;no;yes;no;;Failed;;Failed;
Favorite;;no;yes;no;;Favorite;;Favourite;
Favorite feedback;;no;yes;no;;Favorite feedback;;Favourite feedback;
Favorites;;no;yes;no;;Favorites;;Favourites;
Feature;;no;yes;no;;Feature;;Feature;
Feature Enablement;;no;yes;no;;Feature Enablement;;Feature Enablement;
Feature enablement;;no;yes;no;;Feature enablement;;Feature enablement;
Features;;no;yes;no;;Features;;Features;
Feedback;;no;yes;no;;Feedback;;Feedback;
Feedback Ratings;;no;yes;no;;Feedback Ratings;;Feedback Ratings;
Feedback from;;no;yes;no;;Feedback from;;Feedback from;
Feedback insights;;no;yes;no;;Feedback insights;;Feedback insights;
Feedback note;;no;yes;no;;Feedback note;;Feedback note;
Feedback notes;;no;yes;no;;Feedback notes;;Feedback notes;
Feedback rating;;no;yes;no;;Feedback rating;;Feedback rating;
Feedback received;;no;yes;no;;Feedback received;;Feedback received;
Feedback request;;no;yes;no;;Feedback request;;Feedback request;
Feedback requested;;no;yes;no;;Feedback requested;;Feedback requested;
Feedback requests;;no;yes;no;;Feedback requests;;Feedback requests;
Feedback sent;;no;yes;no;;Feedback sent;;Feedback sent;
Feedback sent to;;no;yes;no;;Feedback sent to;;Feedback sent to;
Female;;no;yes;no;;Female;;Female;
Field;;no;yes;no;;Field;;Field;
Field name;;no;yes;no;;Field name;;Field name;
Fields;;no;yes;no;;Fields;;Fields;
Fields used;;no;yes;no;;Fields used;;Fields used;
File name;;no;yes;no;;File name;;File name;
File upload;;no;yes;no;;File upload;;File upload;
Fill in the necessary details;;no;yes;no;;Fill in the necessary details;;Fill in the necessary details;
Filter;;no;yes;no;;Filter;;Filter;
Filters;;no;yes;no;;Filters;;Filters;
Final;;no;yes;no;;Final;;Final;
Final Validation;;no;yes;no;;Final Validation;;Final Validation;
Final validation;;no;yes;no;;Final validation;;Final validation;
Fixed;;no;yes;no;;Fixed;;Fixed;
For managers;;no;yes;no;;For managers;;For managers;
For workers;;no;yes;no;;For workers;;For workers;
Formatting;;no;yes;no;;Formatting;;Formatting;
Forms;;no;yes;no;;Forms;;Forms;
Formula;;no;yes;no;;Formula;;Formula;
From;;no;yes;no;;From;;From;
Full name;;no;yes;no;;Full name;;Full name;
Functions;;no;yes;no;;Functions;;Functions;
Gender;;no;yes;no;;Gender;;Gender;
General;;no;yes;no;;General;;General;
General information;;no;yes;no;;General information;;General information;
Generate;;no;yes;no;;Generate;;Generate;
Generate PDF;;no;yes;no;;Generate PDF;;Generate PDF;
Generated;;no;yes;no;;Generated;;Generated;
Generation date;;no;yes;no;;Generation date;;Generation date;
Get started by creating one;;no;yes;no;;Get started by creating one;;Get started by creating one;
Give;;no;yes;no;;Give;;Give;
Give feedback;;no;yes;no;;Give feedback;;Give feedback;
Global;;no;yes;no;;Global;;Global;
Global currency;;no;yes;no;;Global currency;;Global currency;
Global worker category;;no;yes;no;;Global worker category;;Global worker category;
Go to feedback;;no;yes;no;;Go to feedback;;Go to feedback;
Goal;;no;yes;no;;Goal;;Goal;
Goal Achievement;;no;yes;no;;Goal Achievement;;Goal Achievement;
Goal Alignment;;no;yes;no;;Goal Alignment;;Goal Alignment;
Goal Details;;no;yes;no;;Goal Details;;Goal Details;
Goal ID;;no;yes;no;;Goal ID;;Goal ID;
Goal Overview;;no;yes;no;;Goal Overview;;Goal Overview;
Goal Plan;;no;yes;no;;Goal Plan;;Goal Plan;
Goal Plans;;no;yes;no;;Goal Plans;;Goal Plans;
Goal Status;;no;yes;no;;Goal Status;;Goal Status;
Goal Tag Libraries;;no;yes;no;;Goal Tag Libraries;;Goal Tag Libraries;
Goal Types;;no;yes;no;;Goal Types;;Goal Types;
Goal achievement;;no;yes;no;;Goal achievement;;Goal achievement;
Goal alignment;;no;yes;no;;Goal alignment;;Goal alignment;
Goal creator;;no;yes;no;;Goal creator;;Goal creator;
Goal details;;no;yes;no;;Goal details;;Goal details;
Goal name;;no;yes;no;;Goal name;;Goal name;
Goal overview;;no;yes;no;;Goal overview;;Goal overview;
Goal owner;;no;yes;no;;Goal owner;;Goal owner;
Goal owner worker ID;;no;yes;no;;Goal owner worker ID;;Goal owner worker ID;
Goal period;;no;yes;no;;Goal period;;Goal period;
Goal plan;;no;yes;no;;Goal plan;;Goal plan;
Goal plans;;no;yes;no;;Goal plans;;Goal plans;
Goal priority;;no;yes;no;;Goal priority;;Goal priority;
Goal progress;;no;yes;no;;Goal progress;;Goal progress;
Goal status;;no;yes;no;;Goal status;;Goal status;
Goal tags;;no;yes;no;;Goal tags;;Goal tags;
Goal title;;no;yes;no;;Goal title;;Goal title;
Goal tracking status;;no;yes;no;;Goal tracking status;;Goal tracking status;
Goal type;;no;yes;no;;Goal type;;Goal type;
Goal type weight;;no;yes;no;;Goal type weight;;Goal type weight;
Goal types;;no;yes;no;;Goal types;;Goal types;
Goal weight;;no;yes;no;;Goal weight;;Goal weight;
Goal workflow;;no;yes;no;;Goal workflow;;Goal workflow;
Goals;;no;yes;no;;Goals;;Goals;
Goals aligned with this goal;;no;yes;no;;Goals aligned with this goal;;Goals aligned with this goal;
Grade;;no;yes;no;;Grade;;Grade;
Grant date;;no;yes;no;;Grant date;;Grant date;
Grant proxy access;;no;yes;no;;Grant proxy access;;Grant proxy access;
Grants;;no;yes;no;;Grants;;Grants;
Greater than;;no;yes;no;;Greater than;;Greater than;
Greater than or equal to;;no;yes;no;;Greater than or equal to;;Greater than or equal to;
Group name;;no;yes;no;;Group name;;Group name;
Groups;;no;yes;no;;Groups;;Groups;
Guaranteed amount;;no;yes;no;;Guaranteed amount;;Guaranteed amount;
Guaranteed amount rule;;no;yes;no;;Guaranteed amount rule;;Guaranteed amount rule;
Guaranteed amounts;;no;yes;no;;Guaranteed amounts;;Guaranteed amounts;
Guideline;;no;yes;no;;Guideline;;Guideline;
Guidelines;;no;yes;no;;Guidelines;;Guidelines;
HRBP approval;;no;yes;no;;HRBP approval;;HRBP approval;
HRBP review;;no;yes;no;;HRBP review;;HRBP review;
Help;;no;yes;no;;Help;;Help;
Help tip;;no;yes;no;;Help tip;;Help tip;
Helpful;;no;yes;no;;Helpful;;Helpful;
Hide;;no;yes;no;;Hide;;Hide;
Hierarchy;;no;yes;no;;Hierarchy;;Hierarchy;
High;;no;yes;no;;High;;High;
Historical Reviews;;no;yes;no;;Historical Reviews;;Historical Reviews;
Historical compensation;;no;yes;no;;Historical compensation;;Historical compensation;
Home;;no;yes;no;;Home;;Home;
Identifier;;no;yes;no;;Identifier;;Identifier;
Image;;no;yes;no;;Image;;Image;
Import;;no;yes;no;;Import;;Import;
In progress;;no;yes;no;;In progress;;In progress;
In use;;no;yes;no;;In use;;In use;
Inactive;;no;yes;no;;Inactive;;Inactive;
Include;;no;yes;no;;Include;;Include;
Included;;no;yes;no;;Included;;Included;
Individual;;no;yes;no;;Individual;;Individual;
Individual goal;;no;yes;no;;Individual goal;;Individual goal;
Individual goals;;no;yes;no;;Individual goals;;Individual goals;
Individual view;;no;yes;no;;Individual view;;Individual view;
Individual workers;;no;yes;no;;Individual workers;;Individual workers;
Individuals;;no;yes;no;;Individuals;;Individuals;
Ingestion;;no;yes;no;;Ingestion;;Ingestion;
Input;;no;yes;no;;Input;;Input;
Insightful;;no;yes;no;;Insightful;;Insightful;
Insights;;no;yes;no;;Insights;;Insights;
Inspiring;;no;yes;no;;Inspiring;;Inspiring;
Instant messaging address;;no;yes;no;;Instant messaging address;;Instant messaging address;
Integer;;no;yes;no;;Integer;;Integer;
Interface;;no;yes;no;;Interface;;Interface;
Is PII;;no;yes;no;;Is PII;;Is PII;
Is completed;;no;yes;no;;Is completed;;Is completed;
Is enabled;;no;yes;no;;Is enabled;;Is enabled;
Is read;;no;yes;no;;Is read;;Is read;
Is required;;no;yes;no;;Is required;;Is required;
Job code;;no;yes;no;;Job code;;Job code;
Job level;;no;yes;no;;Job level;;Job level;
Job title;;no;yes;no;;Job title;;Job title;
Key dates;;no;yes;no;;Key dates;;Key dates;
Key deliverables;;no;yes;no;;Key deliverables;;Key deliverables;
Label;;no;yes;no;;Label;;Label;
Language;;no;yes;no;;Language;;Language;
Language code;;no;yes;no;;Language code;;Language code;
Languages;;no;yes;no;;Languages;;Languages;
Last edited;;no;yes;no;;Last edited;;Last edited;
Last update;;no;yes;no;;Last update;;Last update;
Last updated;;no;yes;no;;Last updated;;Last updated;
Learning;;no;yes;no;;Learning;;Learning;
Leave of absence;;no;yes;no;;Leave of absence;;Leave of absence;
Legal Entity;;no;yes;no;;Legal Entity;;Legal Entity;
Legal entity;;no;yes;no;;Legal entity;;Legal entity;
Less than;;no;yes;no;;Less than;;Less than;
Less than or equal to;;no;yes;no;;Less than or equal to;;Less than or equal to;
Let's meet;;no;yes;no;;Let's meet;;Let's meet;
Level;;no;yes;no;;Level;;Level;
Library details;;no;yes;no;;Library details;;Library details;
Library name;;no;yes;no;;Library name;;Library name;
Limit;;no;yes;no;;Limit;;Limit;
Line manager;;no;yes;no;;Line manager;;Line manager;
Linear curve;;no;yes;no;;Linear curve;;Linear curve;
Link;;no;yes;no;;Link;;Link;
Local time;;no;yes;no;;Local time;;Local time;
Local worker category;;no;yes;no;;Local worker category;;Local worker category;
Localization;;no;yes;no;;Localization;;Localisation;
Location;;no;yes;no;;Location;;Location;
Locations;;no;yes;no;;Locations;;Locations;
Logins;;no;yes;no;;Logins;;Logins;
Logins over time;;no;yes;no;;Logins over time;;Logins over time;
Logout;;no;yes;no;;Logout;;Logout;
Low;;no;yes;no;;Low;;Low;
Main;;no;yes;no;;Main;;Main;
Main currency;;no;yes;no;;Main currency;;Main currency;
Main group;;no;yes;no;;Main group;;Main group;
Male;;no;yes;no;;Male;;Male;
Manage;;no;yes;no;;Manage;;Manage;
Manage users;;no;yes;no;;Manage users;;Manage users;
Manager;;no;yes;no;;Manager;;Manager;
Manager + 1;;no;yes;no;;Manager + 1;;Manager + 1;
Manager ID;;no;yes;no;;Manager ID;;Manager ID;
Manager feedback;;no;yes;no;;Manager feedback;;Manager feedback;
Manager name;;no;yes;no;;Manager name;;Manager name;
Manager proposal;;no;yes;no;;Manager proposal;;Manager proposal;
Manager review;;no;yes;no;;Manager review;;Manager review;
Manager+1;;no;yes;no;;Manager+1;;Manager+1;
Managers;;no;yes;no;;Managers;;Managers;
Mandatory;;no;yes;no;;Mandatory;;Mandatory;
Manually;;no;yes;no;;Manually;;Manually;
Mapping configuration;;no;yes;no;;Mapping configuration;;Mapping configuration;
Max target;;no;yes;no;;Max target;;Max target;
Max. score;;no;yes;no;;Max. score;;Max. score;
Maximum;;no;yes;no;;Maximum;;Maximum;
Maximum outcome;;no;yes;no;;Maximum outcome;;Maximum outcome;
Maximum payout;;no;yes;no;;Maximum payout;;Maximum payout;
Measurement;;no;yes;no;;Measurement;;Measurement;
Measurement criteria;;no;yes;no;;Measurement criteria;;Measurement criteria;
Medium;;no;yes;no;;Medium;;Medium;
Menu;;no;yes;no;;Menu;;Menu;
Message;;no;yes;no;;Message;;Message;
Min target;;no;yes;no;;Min target;;Min target;
Minimum;;no;yes;no;;Minimum;;Minimum;
Minimum outcome;;no;yes;no;;Minimum outcome;;Minimum outcome;
Model;;no;yes;no;;Model;;Model;
Model description;;no;yes;no;;Model description;;Model description;
Model details;;no;yes;no;;Model details;;Model details;
Model features;;no;yes;no;;Model features;;Model features;
Model name;;no;yes;no;;Model name;;Model name;
Model type;;no;yes;no;;Model type;;Model type;
Models;;no;yes;no;;Models;;Models;
Moderation;;no;yes;no;;Moderation;;Moderation;
Moderation stage;;no;yes;no;;Moderation stage;;Moderation stage;
Month;;no;yes;no;;Month;;Month;
Months;;no;yes;no;;Months;;Months;
More;;no;yes;no;;More;;More;
More details;;no;yes;no;;More details;;More details;
Move reviews;;no;yes;no;;Move reviews;;Move reviews;
Multiple;;no;yes;no;;Multiple;;Multiple;
My behavior profile;;no;yes;no;;My behavior profile;;My behaviour profile;
My feedback;;no;yes;no;;My feedback;;My feedback;
My goal;;no;yes;no;;My goal;;My goal;
My goals;;no;yes;no;;My goals;;My goals;
My note;;no;yes;no;;My note;;My note;
My review;;no;yes;no;;My review;;My review;
My reviews;;no;yes;no;;My reviews;;My reviews;
Name;;no;yes;no;;Name;;Name;
New manager;;no;yes;no;;New manager;;New manager;
New password;;no;yes;no;;New password;;New password;
Next;;no;yes;no;;Next;;Next;
Next step;;no;yes;no;;Next step;;Next step;
Nickname;;no;yes;no;;Nickname;;Nickname;
No career development plans;;no;yes;no;;No career development plans;;No career development plans;
No check-ins;;no;yes;no;;No check-ins;;No check-ins;
No comments yet;;no;yes;no;;No comments yet;;No comments yet;
No compensation rounds;;no;yes;no;;No compensation rounds;;No compensation rounds;
No data;;no;yes;no;;No data;;No data;
No description;;no;yes;no;;No description;;No description;
No documents;;no;yes;no;;No documents;;No documents;
No feedback;;no;yes;no;;No feedback;;No feedback;
No goals;;no;yes;no;;No goals;;No goals;
No goals yet;;no;yes;no;;No goals yet;;No goals yet;
No messages yet;;no;yes;no;;No messages yet;;No messages yet;
No notes;;no;yes;no;;No notes;;No notes;
No populations;;no;yes;no;;No populations;;No populations;
No populations yet;;no;yes;no;;No populations yet;;No populations yet;
No priority;;no;yes;no;;No priority;;No priority;
No questions;;no;yes;no;;No questions;;No questions;
No results;;no;yes;no;;No results;;No results;
No results found;;no;yes;no;;No results found;;No results found;
No value;;no;yes;no;;No value;;No value;
Non-conditional;;no;yes;no;;Non-conditional;;Non-conditional;
None;;no;yes;no;;None;;None;
Not completed;;no;yes;no;;Not completed;;Not completed;
Not empty;;no;yes;no;;Not empty;;Not empty;
Not released;;no;yes;no;;Not released;;Not released;
Not selected;;no;yes;no;;Not selected;;Not selected;
Not started;;no;yes;no;;Not started;;Not started;
Not submitted;;no;yes;no;;Not submitted;;Not submitted;
Note;;no;yes;no;;Note;;Note;
Notes;;no;yes;no;;Notes;;Notes;
Notification bell;;no;yes;no;;Notification bell;;Notification bell;
Notifications;;no;yes;no;;Notifications;;Notifications;
Nudge;;no;yes;no;;Nudge;;Nudge;
Number;;no;yes;no;;Number;;Number;
Number of days;;no;yes;no;;Number of days;;Number of days;
Number of years;;no;yes;no;;Number of years;;Number of years;
Numeric;;no;yes;no;;Numeric;;Numeric;
Observations;;no;yes;no;;Observations;;Observations;
On track;;no;yes;no;;On track;;On track;
Open;;no;yes;no;;Open;;Open;
Operator;;no;yes;no;;Operator;;Operator;
Optional;;no;yes;no;;Optional;;Optional;
Organization;;no;yes;no;;Organization;;Organisation;
Organization external ID;;no;yes;no;;Organization external ID;;Organisation external ID;
Organizational;;no;yes;no;;Organizational;;Organisational;
Organizational Units;;no;yes;no;;Organizational Units;;Organisational Units;
Organizational goal;;no;yes;no;;Organizational goal;;Organisational goal;
Organizational unit;;no;yes;no;;Organizational unit;;Organisational unit;
Other;;no;yes;no;;Other;;Other;
Outcome;;no;yes;no;;Outcome;;Outcome;
Outlook;;no;yes;no;;Outlook;;Outlook;
Overall behavior rating;;no;yes;no;;Overall behavior rating;;Overall behaviour rating;
Overall performance;;no;yes;no;;Overall performance;;Overall performance;
Overall performance rating;;no;yes;no;;Overall performance rating;;Overall performance rating;
Overall progress;;no;yes;no;;Overall progress;;Overall progress;
Overdue;;no;yes;no;;Overdue;;Overdue;
Overview;;no;yes;no;;Overview;;Overview;
Owner;;no;yes;no;;Owner;;Owner;
Owners;;no;yes;no;;Owners;;Owners;
Participant;;no;yes;no;;Participant;;Participant;
Participants;;no;yes;no;;Participants;;Participants;
Passport;;no;yes;no;;Passport;;Passport;
Password;;no;yes;no;;Password;;Password;
Past;;no;yes;no;;Past;;Past;
Pay Analysis;;no;yes;no;;Pay Analysis;;Pay Analysis;
Pay Information;;no;yes;no;;Pay Information;;Pay Information;
Pay Intelligence;;no;yes;no;;Pay Intelligence;;Pay Intelligence;
Pay Transparency;;no;yes;no;;Pay Transparency;;Pay Transparency;
Pay analysis;;no;yes;no;;Pay analysis;;Pay analysis;
Pay information;;no;yes;no;;Pay information;;Pay information;
Pay information requests;;no;yes;no;;Pay information requests;;Pay information requests;
Pay range;;no;yes;no;;Pay range;;Pay range;
Payout;;no;yes;no;;Payout;;Payout;
Payout Curves;;no;yes;no;;Payout Curves;;Payout Curves;
Payout curve;;no;yes;no;;Payout curve;;Payout curve;
Payout curves;;no;yes;no;;Payout curves;;Payout curves;
Payroll;;no;yes;no;;Payroll;;Payroll;
Payroll data drop;;no;yes;no;;Payroll data drop;;Payroll data drop;
Peers;;no;yes;no;;Peers;;Peers;
Pending;;no;yes;no;;Pending;;Pending;
Pending approval;;no;yes;no;;Pending approval;;Pending approval;
Pending confirmation;;no;yes;no;;Pending confirmation;;Pending confirmation;
Pending draft;;no;yes;no;;Pending draft;;Pending draft;
Pending publishing;;no;yes;no;;Pending publishing;;Pending publishing;
Pending sign-off;;no;yes;no;;Pending sign-off;;Pending sign-off;
People;;no;yes;no;;People;;People;
People day;;no;yes;no;;People day;;People day;
Percentage;;no;yes;no;;Percentage;;Percentage;
Performance;;no;yes;no;;Performance;;Performance;
Performance Management;;no;yes;no;;Performance Management;;Performance Management;
Performance Reviews;;no;yes;no;;Performance Reviews;;Performance Reviews;
Performance check-ins;;no;yes;no;;Performance check-ins;;Performance check-ins;
Performance rating;;no;yes;no;;Performance rating;;Performance rating;
Performance review;;no;yes;no;;Performance review;;Performance review;
Performance review details;;no;yes;no;;Performance review details;;Performance review details;
Performance review templates;;no;yes;no;;Performance review templates;;Performance review templates;
Period;;no;yes;no;;Period;;Period;
Period start date;;no;yes;no;;Period start date;;Period start date;
Personal;;no;yes;no;;Personal;;Personal;
Personally identifiable information;;no;yes;no;;Personally identifiable information;;Personally identifiable information;
Phone number;;no;yes;no;;Phone number;;Phone number;
Plan;;no;yes;no;;Plan;;Plan;
Plan details;;no;yes;no;;Plan details;;Plan details;
Plan name;;no;yes;no;;Plan name;;Plan name;
Plan stage;;no;yes;no;;Plan stage;;Plan stage;
Plan transmission;;no;yes;no;;Plan transmission;;Plan transmission;
Planner;;no;yes;no;;Planner;;Planner;
Plans;;no;yes;no;;Plans;;Plans;
Population;;no;yes;no;;Population;;Population;
Population criteria;;no;yes;no;;Population criteria;;Population criteria;
Populations;;no;yes;no;;Populations;;Populations;
Position in pay range;;no;yes;no;;Position in pay range;;Position in pay range;
Preview;;no;yes;no;;Preview;;Preview;
Preview document;;no;yes;no;;Preview document;;Preview document;
Previous;;no;yes;no;;Previous;;Previous;
Priority;;no;yes;no;;Priority;;Priority;
Privacy;;no;yes;no;;Privacy;;Privacy;
Privacy settings;;no;yes;no;;Privacy settings;;Privacy settings;
Privacy statement text;;no;yes;no;;Privacy statement text;;Privacy statement text;
Private;;no;yes;no;;Private;;Private;
Proceed;;no;yes;no;;Proceed;;Proceed;
Processing;;no;yes;no;;Processing;;Processing;
Professional;;no;yes;no;;Professional;;Professional;
Progress;;no;yes;no;;Progress;;Progress;
Progress tracking;;no;yes;no;;Progress tracking;;Progress tracking;
Properties;;no;yes;no;;Properties;;Properties;
Proposal management;;no;yes;no;;Proposal management;;Proposal management;
Prorated target bonus;;no;yes;no;;Prorated target bonus;;Prorated target bonus;
Proxy;;no;yes;no;;Proxy;;Proxy;
Proxy access list;;no;yes;no;;Proxy access list;;Proxy access list;
Proxy permission;;no;yes;no;;Proxy permission;;Proxy permission;
Public;;no;yes;no;;Public;;Public;
Public feedback;;no;yes;no;;Public feedback;;Public feedback;
Publish;;no;yes;no;;Publish;;Publish;
Published;;no;yes;no;;Published;;Published;
Published date;;no;yes;no;;Published date;;Published date;
Publishing;;no;yes;no;;Publishing;;Publishing;
Purpose;;no;yes;no;;Purpose;;Purpose;
Question;;no;yes;no;;Question;;Question;
Questions;;no;yes;no;;Questions;;Questions;
RTI request status;;no;yes;no;;RTI request status;;RTI request status;
Range;;no;yes;no;;Range;;Range;
Rate this feedback;;no;yes;no;;Rate this feedback;;Rate this feedback;
Rating;;no;yes;no;;Rating;;Rating;
Rating changed;;no;yes;no;;Rating changed;;Rating changed;
Rating distribution;;no;yes;no;;Rating distribution;;Rating distribution;
Rating scale;;no;yes;no;;Rating scale;;Rating scale;
Rating scales;;no;yes;no;;Rating scales;;Rating scales;
Read;;no;yes;no;;Read;;Read;
Read only;;no;yes;no;;Read only;;Read only;
Read status;;no;yes;no;;Read status;;Read status;
Read-only;;no;yes;no;;Read-only;;Read-only;
Ready;;no;yes;no;;Ready;;Ready;
Reassign;;no;yes;no;;Reassign;;Reassign;
Reassign manager;;no;yes;no;;Reassign manager;;Reassign manager;
Reassigned;;no;yes;no;;Reassigned;;Reassigned;
Received;;no;yes;no;;Received;;Received;
Received behaviors;;no;yes;no;;Received behaviors;;Received behaviours;
Received feedback;;no;yes;no;;Received feedback;;Received feedback;
Recipient;;no;yes;no;;Recipient;;Recipient;
Recipients;;no;yes;no;;Recipients;;Recipients;
Recognition;;no;yes;no;;Recognition;;Recognition;
Recognized behaviors;;no;yes;no;;Recognized behaviors;;Recognised behaviours;
Recommended;;no;yes;no;;Recommended;;Recommended;
Recurrence;;no;yes;no;;Recurrence;;Recurrence;
Recurring;;no;yes;no;;Recurring;;Recurring;
Reference;;no;yes;no;;Reference;;Reference;
Reference number;;no;yes;no;;Reference number;;Reference number;
Refresh;;no;yes;no;;Refresh;;Refresh;
Region;;no;yes;no;;Region;;Region;
Regular;;no;yes;no;;Regular;;Regular;
Regular check-ins;;no;yes;no;;Regular check-ins;;Regular check-ins;
Reject;;no;yes;no;;Reject;;Reject;
Rejected;;no;yes;no;;Rejected;;Rejected;
Relation;;no;yes;no;;Relation;;Relation;
Release;;no;yes;no;;Release;;Release;
Release status;;no;yes;no;;Release status;;Release status;
Released;;no;yes;no;;Released;;Released;
Remaining;;no;yes;no;;Remaining;;Remaining;
Reminder name;;no;yes;no;;Reminder name;;Reminder name;
Reminders;;no;yes;no;;Reminders;;Reminders;
Remove;;no;yes;no;;Remove;;Remove;
Remove all;;no;yes;no;;Remove all;;Remove all;
Rename;;no;yes;no;;Rename;;Rename;
Reopen;;no;yes;no;;Reopen;;Reopen;
Reopen reviews;;no;yes;no;;Reopen reviews;;Reopen reviews;
Reopened;;no;yes;no;;Reopened;;Reopened;
Reply rate;;no;yes;no;;Reply rate;;Reply rate;
Reports;;no;yes;no;;Reports;;Reports;
Republish;;no;yes;no;;Republish;;Republish;
Republished round;;no;yes;no;;Republished round;;Republished round;
Request;;no;yes;no;;Request;;Request;
Request ID;;no;yes;no;;Request ID;;Request ID;
Request date;;no;yes;no;;Request date;;Request date;
Request details;;no;yes;no;;Request details;;Request details;
Request feedback;;no;yes;no;;Request feedback;;Request feedback;
Request feedback from;;no;yes;no;;Request feedback from;;Request feedback from;
Request feedback now;;no;yes;no;;Request feedback now;;Request feedback now;
Request feedback on;;no;yes;no;;Request feedback on;;Request feedback on;
Request pay information;;no;yes;no;;Request pay information;;Request pay information;
Request status;;no;yes;no;;Request status;;Request status;
Requested;;no;yes;no;;Requested;;Requested;
Requested feedback;;no;yes;no;;Requested feedback;;Requested feedback;
Requests;;no;yes;no;;Requests;;Requests;
Requests about my team;;no;yes;no;;Requests about my team;;Requests about my team;
Required;;no;yes;no;;Required;;Required;
Resources;;no;yes;no;;Resources;;Resources;
Response permission;;no;yes;no;;Response permission;;Response permission;
Resubmit;;no;yes;no;;Resubmit;;Resubmit;
Result;;no;yes;no;;Result;;Result;
Review;;no;yes;no;;Review;;Review;
Review Details;;no;yes;no;;Review Details;;Review Details;
Review Status;;no;yes;no;;Review Status;;Review Status;
Review about;;no;yes;no;;Review about;;Review about;
Review challenge;;no;yes;no;;Review challenge;;Review challenge;
Review name;;no;yes;no;;Review name;;Review name;
Review rating;;no;yes;no;;Review rating;;Review rating;
Review rating distribution;;no;yes;no;;Review rating distribution;;Review rating distribution;
Review settings;;no;yes;no;;Review settings;;Review settings;
Review stage;;no;yes;no;;Review stage;;Review stage;
Review stages;;no;yes;no;;Review stages;;Review stages;
Review status;;no;yes;no;;Review status;;Review status;
Review type;;no;yes;no;;Review type;;Review type;
Reviews;;no;yes;no;;Reviews;;Reviews;
Role;;no;yes;no;;Role;;Role;
Roles;;no;yes;no;;Roles;;Roles;
Round;;no;yes;no;;Round;;Round;
Round code;;no;yes;no;;Round code;;Round code;
Round details;;no;yes;no;;Round details;;Round details;
Round reminders;;no;yes;no;;Round reminders;;Round reminders;
Round republished;;no;yes;no;;Round republished;;Round republished;
Round type;;no;yes;no;;Round type;;Round type;
Round visibility;;no;yes;no;;Round visibility;;Round visibility;
Rule configuration;;no;yes;no;;Rule configuration;;Rule configuration;
Rule details;;no;yes;no;;Rule details;;Rule details;
Rule name;;no;yes;no;;Rule name;;Rule name;
Rules;;no;yes;no;;Rules;;Rules;
Salary;;no;yes;no;;Salary;;Salary;
Salary configuration;;no;yes;no;;Salary configuration;;Salary configuration;
Save;;no;yes;no;;Save;;Save;
Save & exit;;no;yes;no;;Save & exit;;Save & exit;
Scale;;no;yes;no;;Scale;;Scale;
Search;;no;yes;no;;Search;;Search;
Search by name;;no;yes;no;;Search by name;;Search by name;
Search by name or code;;no;yes;no;;Search by name or code;;Search by name or code;
Search for a person;;no;yes;no;;Search for a person;;Search for a person;
Search for a worker;;no;yes;no;;Search for a worker;;Search for a worker;
Search for workers;;no;yes;no;;Search for workers;;Search for workers;
Secondary email;;no;yes;no;;Secondary email;;Secondary email;
Secondary email address;;no;yes;no;;Secondary email address;;Secondary email address;
Secondary hierarchy;;no;yes;no;;Secondary hierarchy;;Secondary hierarchy;
Section header;;no;yes;no;;Section header;;Section header;
Security;;no;yes;no;;Security;;Security;
Security group;;no;yes;no;;Security group;;Security group;
See all;;no;yes;no;;See all;;See all;
Select;;no;yes;no;;Select;;Select;
Select all;;no;yes;no;;Select all;;Select all;
Select an option;;no;yes;no;;Select an option;;Select an option;
Select communication round;;no;yes;no;;Select communication round;;Select communication round;
Select data model;;no;yes;no;;Select data model;;Select data model;
Select entity;;no;yes;no;;Select entity;;Select entity;
Select filters;;no;yes;no;;Select filters;;Select filters;
Select goal;;no;yes;no;;Select goal;;Select goal;
Select owners;;no;yes;no;;Select owners;;Select owners;
Select population;;no;yes;no;;Select population;;Select population;
Select the compensation element;;no;yes;no;;Select the compensation element;;Select the compensation element;
Select type;;no;yes;no;;Select type;;Select type;
Selected;;no;yes;no;;Selected;;Selected;
Selected column;;no;yes;no;;Selected column;;Selected column;
Selected fields;;no;yes;no;;Selected fields;;Selected fields;
Selected items;;no;yes;no;;Selected items;;Selected items;
Selected population;;no;yes;no;;Selected population;;Selected population;
Self;;no;yes;no;;Self;;Self;
Self-assessment;;no;yes;no;;Self-assessment;;Self-assessment;
Self-review;;no;yes;no;;Self-review;;Self-review;
Send;;no;yes;no;;Send;;Send;
Send feedback;;no;yes;no;;Send feedback;;Send feedback;
Send to Documents;;no;yes;no;;Send to Documents;;Send to Documents;
Sender;;no;yes;no;;Sender;;Sender;
Sensitive Content;;no;yes;no;;Sensitive Content;;Sensitive Content;
Sent;;no;yes;no;;Sent;;Sent;
Sent behaviors;;no;yes;no;;Sent behaviors;;Sent behaviour;
Sent feedback;;no;yes;no;;Sent feedback;;Sent feedback;
Sent to;;no;yes;no;;Sent to;;Sent to;
Separator;;no;yes;no;;Separator;;Separator;
Session timeout;;no;yes;no;;Session timeout;;Session timeout;
Settings;;no;yes;no;;Settings;;Settings;
Setup;;no;yes;no;;Setup;;Setup;
Share;;no;yes;no;;Share;;Share;
Share feedback;;no;yes;no;;Share feedback;;Share feedback;
Share this feedback;;no;yes;no;;Share this feedback;;Share this feedback;
Share with;;no;yes;no;;Share with;;Share with;
Share your insights;;no;yes;no;;Share your insights;;Share your insights;
Share your thoughts;;no;yes;no;;Share your thoughts;;Share your thoughts;
Shared;;no;yes;no;;Shared;;Shared;
Shared feedback;;no;yes;no;;Shared feedback;;Shared feedback;
Shared goals;;no;yes;no;;Shared goals;;Shared goals;
Shared with;;no;yes;no;;Shared with;;Shared with;
Shared with me;;no;yes;no;;Shared with me;;Shared with me;
Sharing;;no;yes;no;;Sharing;;Sharing;
Short;;no;yes;no;;Short;;Short;
Show;;no;yes;no;;Show;;Show;
Show all;;no;yes;no;;Show all;;Show all;
Since request;;no;yes;no;;Since request;;Since request;
Situation;;no;yes;no;;Situation;;Situation;
Situations;;no;yes;no;;Situations;;Situations;
Skill & Competency Groups;;no;yes;no;;Skill & Competency Groups;;Skill & Competency Groups;
Skill & competency groups;;no;yes;no;;Skill & competency groups;;Skill & competency groups;
Skills;;no;yes;no;;Skills;;Skills;
Skills & competency groups;;no;yes;no;;Skills & competency groups;;Skills & competency groups;
Snapshot;;no;yes;no;;Snapshot;;Snapshot;
Snapshot Manager;;no;yes;no;;Snapshot Manager;;Snapshot Manager;
Snapshot details;;no;yes;no;;Snapshot details;;Snapshot details;
Snapshots;;no;yes;no;;Snapshots;;Snapshots;
Source;;no;yes;no;;Source;;Source;
Stage;;no;yes;no;;Stage;;Stage;
Standard;;no;yes;no;;Standard;;Standard;
Start;;no;yes;no;;Start;;Start;
Start date;;no;yes;no;;Start date;;Start date;
Start date in company;;no;yes;no;;Start date in company;;Start date in company;
Start time;;no;yes;no;;Start time;;Start time;
State;;no;yes;no;;State;;State;
Statement generation;;no;yes;no;;Statement generation;;Statement generation;
Statements;;no;yes;no;;Statements;;Statements;
Status;;no;yes;no;;Status;;Status;
Status by org. level;;no;yes;no;;Status by org. level;;Status by org. level;
Step curve;;no;yes;no;;Step curve;;Step curve;
Step end date;;no;yes;no;;Step end date;;Step end date;
Stock;;no;yes;no;;Stock;;Stock;
Street address;;no;yes;no;;Street address;;Street address;
Subgroups;;no;yes;no;;Subgroups;;Subgroups;
Subject;;no;yes;no;;Subject;;Subject;
Submit;;no;yes;no;;Submit;;Submit;
Submit to manager;;no;yes;no;;Submit to manager;;Submit to manager;
Submitted;;no;yes;no;;Submitted;;Submitted;
Success;;no;yes;no;;Success;;Success;
Suggested agenda;;no;yes;no;;Suggested agenda;;Suggested agenda;
Sum;;no;yes;no;;Sum;;Sum;
Summary;;no;yes;no;;Summary;;Summary;
System;;no;yes;no;;System;;System;
System populations;;no;yes;no;;System populations;;System populations;
TOTAL;;no;yes;no;;TOTAL;;TOTAL;
Tag;;no;yes;no;;Tag;;Tag;
Tag library;;no;yes;no;;Tag library;;Tag library;
Tags;;no;yes;no;;Tags;;Tags;
Talent Review;;no;yes;no;;Talent Review;;Talent Review;
Target;;no;yes;no;;Target;;Target;
Target bonus;;no;yes;no;;Target bonus;;Target bonus;
Target budget;;no;yes;no;;Target budget;;Target budget;
Team;;no;yes;no;;Team;;Team;
Team planner view;;no;yes;no;;Team planner view;;Team planner view;
Team requests;;no;yes;no;;Team requests;;Team requests;
Template;;no;yes;no;;Template;;Template;
Template document;;no;yes;no;;Template document;;Template document;
Template widget settings;;no;yes;no;;Template widget settings;;Template widget settings;
Templates;;no;yes;no;;Templates;;Templates;
Text;;no;yes;no;;Text;;Text;
Text field;;no;yes;no;;Text field;;Text field;
Thanks;;no;yes;no;;Thanks;;Thanks;
Then;;no;yes;no;;Then;;Then;
Time in role;;no;yes;no;;Time in role;;Time in role;
Time zone;;no;yes;no;;Time zone;;Time zone;
Timeline;;no;yes;no;;Timeline;;Timeline;
Title;;no;yes;no;;Title;;Title;
Today;;no;yes;no;;Today;;Today;
Toggle;;no;yes;no;;Toggle;;Toggle;
Total;;no;yes;no;;Total;;Total;
Total behaviors;;no;yes;no;;Total behaviors;;Total behaviours;
Total compensation;;no;yes;no;;Total compensation;;Total compensation;
Total entities;;no;yes;no;;Total entities;;Total entities;
Total goals;;no;yes;no;;Total goals;;Total goals;
Total reviews;;no;yes;no;;Total reviews;;Total reviews;
Total score;;no;yes;no;;Total score;;Total score;
Total workers;;no;yes;no;;Total workers;;Total workers;
Tracking;;no;yes;no;;Tracking;;Tracking;
Tracking status;;no;yes;no;;Tracking status;;Tracking status;
Training data;;no;yes;no;;Training data;;Training data;
Trend;;no;yes;no;;Trend;;Trend;
True;;no;yes;no;;True;;True;
Trust;;no;yes;no;;Trust;;Trust;
Try again;;no;yes;no;;Try again;;Try again;
Type;;no;yes;no;;Type;;Type;
Type part of a name;;no;yes;no;;Type part of a name;;Type part of a name;
Type weight;;no;yes;no;;Type weight;;Type weight;
Type your message here;;no;yes;no;;Type your message here;;Type your message here;
Types;;no;yes;no;;Types;;Types;
Unavailable;;no;yes;no;;Unavailable;;Unavailable;
Unclear;;no;yes;no;;Unclear;;Unclear;
Under review;;no;yes;no;;Under review;;Under review;
Unexpected error;;no;yes;no;;Unexpected error;;Unexpected error;
Unhelpful;;no;yes;no;;Unhelpful;;Unhelpful;
Unique logins;;no;yes;no;;Unique logins;;Unique logins;
Unit;;no;yes;no;;Unit;;Unit;
Unrated;;no;yes;no;;Unrated;;Unrated;
Unrelease;;no;yes;no;;Unrelease;;Unrelease;
Unreleased;;no;yes;no;;Unreleased;;Unreleased;
Unsaved changes;;no;yes;no;;Unsaved changes;;Unsaved changes;
Unselect all;;no;yes;no;;Unselect all;;Unselect all;
Upcoming;;no;yes;no;;Upcoming;;Upcoming;
Upcoming check-ins;;no;yes;no;;Upcoming check-ins;;Upcoming check-ins;
Update;;no;yes;no;;Update;;Update;
Updated;;no;yes;no;;Updated;;Updated;
Updated by;;no;yes;no;;Updated by;;Updated by;
Upload;;no;yes;no;;Upload;;Upload;
Upload behavior;;no;yes;no;;Upload behavior;;Upload behavior;
Upload file;;no;yes;no;;Upload file;;Upload file;
Upload the completed file;;no;yes;no;;Upload the completed file;;Upload the completed file;
Upload the modified Excel file;;no;yes;no;;Upload the modified Excel file;;Upload the modified Excel file;
Uploaded by;;no;yes;no;;Uploaded by;;Uploaded by;
Uploaded files;;no;yes;no;;Uploaded files;;Uploaded files;
Uploading;;no;yes;no;;Uploading;;Uploading;
Usage;;no;yes;no;;Usage;;Usage;
Usage details;;no;yes;no;;Usage details;;Usage details;
Used;;no;yes;no;;Used;;Used;
Used in;;no;yes;no;;Used in;;Used in;
Useful information;;no;yes;no;;Useful information;;Useful information;
User;;no;yes;no;;User;;User;
User Security;;no;yes;no;;User Security;;User Security;
User local time;;no;yes;no;;User local time;;User local time;
Username;;no;yes;no;;Username;;Username;
Users;;no;yes;no;;Users;;Users;
Users who sent feedback;;no;yes;no;;Users who sent feedback;;Users who sent feedback;
Users with no goals;;no;yes;no;;Users with no goals;;Users with no goals;
Validate;;no;yes;no;;Validate;;Validate;
Validation;;no;yes;no;;Validation;;Validation;
Value;;no;yes;no;;Value;;Value;
Value type;;no;yes;no;;Value type;;Value type;
Values;;no;yes;no;;Values;;Values;
Version;;no;yes;no;;Version;;Version;
View;;no;yes;no;;View;;View;
View all;;no;yes;no;;View all;;View all;
View my received feedback;;no;yes;no;;View my received feedback;;View my received feedback;
View review;;no;yes;no;;View review;;View review;
Visibility;;no;yes;no;;Visibility;;Visibility;
Weight;;no;yes;no;;Weight;;Weight;
Weighted score;;no;yes;no;;Weighted score;;Weighted score;
Widget settings;;no;yes;no;;Widget settings;;Widget settings;
Work country;;no;yes;no;;Work country;;Work country;
Workbench;;no;yes;no;;Workbench;;Workbench;
Worker;;no;yes;no;;Worker;;Worker;
Worker & manager;;no;yes;no;;Worker & manager;;Worker & manager;
Worker ID;;no;yes;no;;Worker ID;;Worker ID;
Worker category;;no;yes;no;;Worker category;;Worker category;
Worker details;;no;yes;no;;Worker details;;Worker details;
Worker name;;no;yes;no;;Worker name;;Worker name;
Worker self-assessment;;no;yes;no;;Worker self-assessment;;Worker self-assessment;
Worker sign-off;;no;yes;no;;Worker sign-off;;Worker sign-off;
Worker submission;;no;yes;no;;Worker submission;;Worker submission;
Workers;;no;yes;no;;Workers;;Workers;
Workflow;;no;yes;no;;Workflow;;Workflow;
Workflow section;;no;yes;no;;Workflow section;;Workflow section;
Workflow status;;no;yes;no;;Workflow status;;Workflow status;
Workflow step;;no;yes;no;;Workflow step;;Workflow step;
Workflow steps;;no;yes;no;;Workflow steps;;Workflow steps;
Workflow type;;no;yes;no;;Workflow type;;Workflow type;
Write;;no;yes;no;;Write;;Write;
Year;;no;yes;no;;Year;;Year;
Years;;no;yes;no;;Years;;Years;
Your comment;;no;yes;no;;Your comment;;Your comment;
Your documents;;no;yes;no;;Your documents;;Your documents;
Your email;;no;yes;no;;Your email;;Your email;
Your observations;;no;yes;no;;Your observations;;Your observations;
Your view;;no;yes;no;;Your view;;Your view;
